crop_name,amount_usd,amount_tzs,trading_hub,recorded_date
MAIZE,40.71,105846.00,Dar Es Salaam Wholesale,2023-08-14
MAIZE,38.72,100672.00,Mwanza Central Hub,2023-08-14
MAIZE,41.87,108862.00,Arusha North Hub,2023-08-14
MAIZE,39.88,103688.00,Dodoma Wholesale Hub,2023-08-14
MAIZE,37.90,98540.00,Mbeya Border Market,2023-08-14
MAIZE,40.26,104676.00,Tanga Coastal Exchange,2023-08-14
MAIZE,37.09,96434.00,Tabora Grain Yard,2023-08-14
MAIZE,41.43,107718.00,Kigoma Lake Hub,2023-08-14
RICE,57.63,149838.00,Dar Es Salaam Wholesale,2023-08-14
RICE,54.87,142662.00,Mwanza Central Hub,2023-08-14
RICE,59.39,154414.00,Arusha North Hub,2023-08-14
RICE,56.63,147238.00,Dodoma Wholesale Hub,2023-08-14
RICE,53.86,140036.00,Mbeya Border Market,2023-08-14
RICE,57.27,148902.00,Tanga Coastal Exchange,2023-08-14
RICE,52.81,137306.00,Tabora Grain Yard,2023-08-14
RICE,59.02,153452.00,Kigoma Lake Hub,2023-08-14
BEANS,59.98,155948.00,Dar Es Salaam Wholesale,2023-08-14
BEANS,57.00,148200.00,Mwanza Central Hub,2023-08-14
BEANS,61.59,160134.00,Arusha North Hub,2023-08-14
BEANS,58.62,152412.00,Dodoma Wholesale Hub,2023-08-14
BEANS,55.65,144690.00,Mbeya Border Market,2023-08-14
BEANS,59.06,153556.00,Tanga Coastal Exchange,2023-08-14
BEANS,54.37,141362.00,Tabora Grain Yard,2023-08-14
BEANS,60.67,157742.00,Kigoma Lake Hub,2023-08-14
WHEAT,39.63,103038.00,Dar Es Salaam Wholesale,2023-08-14
WHEAT,37.76,98176.00,Mwanza Central Hub,2023-08-14
WHEAT,40.90,106340.00,Arusha North Hub,2023-08-14
WHEAT,39.02,101452.00,Dodoma Wholesale Hub,2023-08-14
WHEAT,37.14,96564.00,Mbeya Border Market,2023-08-14
WHEAT,39.52,102752.00,Tanga Coastal Exchange,2023-08-14
WHEAT,36.47,94822.00,Tabora Grain Yard,2023-08-14
WHEAT,40.79,106054.00,Kigoma Lake Hub,2023-08-14
SORGHUM,34.72,90272.00,Dar Es Salaam Wholesale,2023-08-14
SORGHUM,32.99,85774.00,Mwanza Central Hub,2023-08-14
SORGHUM,35.63,92638.00,Arusha North Hub,2023-08-14
SORGHUM,33.89,88114.00,Dodoma Wholesale Hub,2023-08-14
SORGHUM,32.17,83642.00,Mbeya Border Market,2023-08-14
SORGHUM,34.13,88738.00,Tanga Coastal Exchange,2023-08-14
SORGHUM,31.40,81640.00,Tabora Grain Yard,2023-08-14
SORGHUM,35.02,91052.00,Kigoma Lake Hub,2023-08-14
CASSAVA,25.99,67574.00,Dar Es Salaam Wholesale,2023-08-14
CASSAVA,24.77,64402.00,Mwanza Central Hub,2023-08-14
CASSAVA,26.83,69758.00,Arusha North Hub,2023-08-14
CASSAVA,25.60,66560.00,Dodoma Wholesale Hub,2023-08-14
CASSAVA,24.37,63362.00,Mbeya Border Market,2023-08-14
CASSAVA,25.94,67444.00,Tanga Coastal Exchange,2023-08-14
CASSAVA,23.94,62244.00,Tabora Grain Yard,2023-08-14
CASSAVA,26.78,69628.00,Kigoma Lake Hub,2023-08-14
POTATO,31.20,81120.00,Dar Es Salaam Wholesale,2023-08-14
POTATO,29.64,77064.00,Mwanza Central Hub,2023-08-14
POTATO,32.01,83226.00,Arusha North Hub,2023-08-14
POTATO,30.46,79196.00,Dodoma Wholesale Hub,2023-08-14
POTATO,28.91,75166.00,Mbeya Border Market,2023-08-14
POTATO,30.67,79742.00,Tanga Coastal Exchange,2023-08-14
POTATO,28.22,73372.00,Tabora Grain Yard,2023-08-14
POTATO,31.48,81848.00,Kigoma Lake Hub,2023-08-14
GROUNDNUT,75.24,195624.00,Dar Es Salaam Wholesale,2023-08-14
GROUNDNUT,71.67,186342.00,Mwanza Central Hub,2023-08-14
GROUNDNUT,77.61,201786.00,Arusha North Hub,2023-08-14
GROUNDNUT,74.04,192504.00,Dodoma Wholesale Hub,2023-08-14
GROUNDNUT,70.46,183196.00,Mbeya Border Market,2023-08-14
GROUNDNUT,74.96,194896.00,Tanga Coastal Exchange,2023-08-14
GROUNDNUT,69.16,179816.00,Tabora Grain Yard,2023-08-14
GROUNDNUT,77.36,201136.00,Kigoma Lake Hub,2023-08-14
SUNFLOWER,60.46,157196.00,Dar Es Salaam Wholesale,2023-08-14
SUNFLOWER,57.48,149448.00,Mwanza Central Hub,2023-08-14
SUNFLOWER,62.13,161538.00,Arusha North Hub,2023-08-14
SUNFLOWER,59.15,153790.00,Dodoma Wholesale Hub,2023-08-14
SUNFLOWER,56.18,146068.00,Mbeya Border Market,2023-08-14
SUNFLOWER,59.64,155064.00,Tanga Coastal Exchange,2023-08-14
SUNFLOWER,54.92,142792.00,Tabora Grain Yard,2023-08-14
SUNFLOWER,61.29,159354.00,Kigoma Lake Hub,2023-08-14
COFFEE,78.65,204490.00,Dar Es Salaam Wholesale,2023-08-14
COFFEE,74.85,194610.00,Mwanza Central Hub,2023-08-14
COFFEE,80.99,210574.00,Arusha North Hub,2023-08-14
COFFEE,77.19,200694.00,Dodoma Wholesale Hub,2023-08-14
COFFEE,73.40,190840.00,Mbeya Border Market,2023-08-14
COFFEE,78.02,202852.00,Tanga Coastal Exchange,2023-08-14
COFFEE,71.93,187018.00,Tabora Grain Yard,2023-08-14
COFFEE,80.39,209014.00,Kigoma Lake Hub,2023-08-14
CASHEW,91.39,237614.00,Dar Es Salaam Wholesale,2023-08-14
CASHEW,86.97,226122.00,Mwanza Central Hub,2023-08-14
CASHEW,94.09,244634.00,Arusha North Hub,2023-08-14
CASHEW,89.66,233116.00,Dodoma Wholesale Hub,2023-08-14
CASHEW,85.23,221598.00,Mbeya Border Market,2023-08-14
CASHEW,90.57,235482.00,Tanga Coastal Exchange,2023-08-14
CASHEW,83.47,217022.00,Tabora Grain Yard,2023-08-14
CASHEW,93.24,242424.00,Kigoma Lake Hub,2023-08-14
COCONUT,71.18,185068.00,Dar Es Salaam Wholesale,2023-08-14
COCONUT,67.68,175968.00,Mwanza Central Hub,2023-08-14
COCONUT,73.16,190216.00,Arusha North Hub,2023-08-14
COCONUT,69.66,181116.00,Dodoma Wholesale Hub,2023-08-14
COCONUT,66.17,172042.00,Mbeya Border Market,2023-08-14
COCONUT,70.27,182702.00,Tanga Coastal Exchange,2023-08-14
COCONUT,64.72,168272.00,Tabora Grain Yard,2023-08-14
COCONUT,72.26,187876.00,Kigoma Lake Hub,2023-08-14
MAIZE,43.78,113828.00,Dar Es Salaam Wholesale,2023-08-21
MAIZE,41.68,108368.00,Mwanza Central Hub,2023-08-21
MAIZE,45.11,117286.00,Arusha North Hub,2023-08-21
MAIZE,43.00,111800.00,Dodoma Wholesale Hub,2023-08-21
MAIZE,40.90,106340.00,Mbeya Border Market,2023-08-21
MAIZE,43.47,113022.00,Tanga Coastal Exchange,2023-08-21
MAIZE,40.08,104208.00,Tabora Grain Yard,2023-08-21
MAIZE,44.79,116454.00,Kigoma Lake Hub,2023-08-21
RICE,54.84,142584.00,Dar Es Salaam Wholesale,2023-08-21
RICE,52.12,135512.00,Mwanza Central Hub,2023-08-21
RICE,56.32,146432.00,Arusha North Hub,2023-08-21
RICE,53.61,139386.00,Dodoma Wholesale Hub,2023-08-21
RICE,50.91,132366.00,Mbeya Border Market,2023-08-21
RICE,54.04,140504.00,Tanga Coastal Exchange,2023-08-21
RICE,49.75,129350.00,Tabora Grain Yard,2023-08-21
RICE,55.53,144378.00,Kigoma Lake Hub,2023-08-21
BEANS,61.04,158704.00,Dar Es Salaam Wholesale,2023-08-21
BEANS,58.16,151216.00,Mwanza Central Hub,2023-08-21
BEANS,62.99,163774.00,Arusha North Hub,2023-08-21
BEANS,60.09,156234.00,Dodoma Wholesale Hub,2023-08-21
BEANS,57.19,148694.00,Mbeya Border Market,2023-08-21
BEANS,60.84,158184.00,Tanga Coastal Exchange,2023-08-21
BEANS,56.14,145964.00,Tabora Grain Yard,2023-08-21
BEANS,62.78,163228.00,Kigoma Lake Hub,2023-08-21
WHEAT,40.69,105794.00,Dar Es Salaam Wholesale,2023-08-21
WHEAT,38.66,100516.00,Mwanza Central Hub,2023-08-21
WHEAT,41.75,108550.00,Arusha North Hub,2023-08-21
WHEAT,39.72,103272.00,Dodoma Wholesale Hub,2023-08-21
WHEAT,37.70,98020.00,Mbeya Border Market,2023-08-21
WHEAT,40.00,104000.00,Tanga Coastal Exchange,2023-08-21
WHEAT,36.81,95706.00,Tabora Grain Yard,2023-08-21
WHEAT,41.05,106730.00,Kigoma Lake Hub,2023-08-21
SORGHUM,34.95,90870.00,Dar Es Salaam Wholesale,2023-08-21
SORGHUM,33.31,86606.00,Mwanza Central Hub,2023-08-21
SORGHUM,36.08,93808.00,Arusha North Hub,2023-08-21
SORGHUM,31.79,82654.00,Dodoma Wholesale Hub,2023-08-21
SORGHUM,30.26,78676.00,Mbeya Border Market,2023-08-21
SORGHUM,32.21,83746.00,Tanga Coastal Exchange,2023-08-21
SORGHUM,29.73,77298.00,Tabora Grain Yard,2023-08-21
SORGHUM,33.26,86476.00,Kigoma Lake Hub,2023-08-21
CASSAVA,25.05,65130.00,Dar Es Salaam Wholesale,2023-08-21
CASSAVA,23.80,61880.00,Mwanza Central Hub,2023-08-21
CASSAVA,25.70,66820.00,Arusha North Hub,2023-08-21
CASSAVA,24.45,63570.00,Dodoma Wholesale Hub,2023-08-21
CASSAVA,23.20,60320.00,Mbeya Border Market,2023-08-21
CASSAVA,24.62,64012.00,Tanga Coastal Exchange,2023-08-21
CASSAVA,22.65,58890.00,Tabora Grain Yard,2023-08-21
CASSAVA,25.26,65676.00,Kigoma Lake Hub,2023-08-21
POTATO,31.01,80626.00,Dar Es Salaam Wholesale,2023-08-21
POTATO,29.54,76804.00,Mwanza Central Hub,2023-08-21
POTATO,31.99,83174.00,Arusha North Hub,2023-08-21
POTATO,30.53,79378.00,Dodoma Wholesale Hub,2023-08-21
POTATO,29.05,75530.00,Mbeya Border Market,2023-08-21
POTATO,30.91,80366.00,Tanga Coastal Exchange,2023-08-21
POTATO,28.52,74152.00,Tabora Grain Yard,2023-08-21
POTATO,31.91,82966.00,Kigoma Lake Hub,2023-08-21
GROUNDNUT,78.59,204334.00,Dar Es Salaam Wholesale,2023-08-21
GROUNDNUT,74.71,194246.00,Mwanza Central Hub,2023-08-21
GROUNDNUT,80.73,209898.00,Arusha North Hub,2023-08-21
GROUNDNUT,76.85,199810.00,Dodoma Wholesale Hub,2023-08-21
GROUNDNUT,72.98,189748.00,Mbeya Border Market,2023-08-21
GROUNDNUT,77.46,201396.00,Tanga Coastal Exchange,2023-08-21
GROUNDNUT,71.31,185406.00,Tabora Grain Yard,2023-08-21
GROUNDNUT,79.58,206908.00,Kigoma Lake Hub,2023-08-21
SUNFLOWER,56.52,146952.00,Dar Es Salaam Wholesale,2023-08-21
SUNFLOWER,53.80,139880.00,Mwanza Central Hub,2023-08-21
SUNFLOWER,58.22,151372.00,Arusha North Hub,2023-08-21
SUNFLOWER,55.51,144326.00,Dodoma Wholesale Hub,2023-08-21
SUNFLOWER,52.79,137254.00,Mbeya Border Market,2023-08-21
SUNFLOWER,56.12,145912.00,Tanga Coastal Exchange,2023-08-21
SUNFLOWER,51.75,134550.00,Tabora Grain Yard,2023-08-21
SUNFLOWER,57.85,150410.00,Kigoma Lake Hub,2023-08-21
COFFEE,85.16,221416.00,Dar Es Salaam Wholesale,2023-08-21
COFFEE,81.03,210678.00,Mwanza Central Hub,2023-08-21
COFFEE,87.64,227864.00,Arusha North Hub,2023-08-21
COFFEE,83.50,217100.00,Dodoma Wholesale Hub,2023-08-21
COFFEE,79.36,206336.00,Mbeya Border Market,2023-08-21
COFFEE,84.31,219206.00,Tanga Coastal Exchange,2023-08-21
COFFEE,77.69,201994.00,Tabora Grain Yard,2023-08-21
COFFEE,86.76,225576.00,Kigoma Lake Hub,2023-08-21
CASHEW,84.84,220584.00,Dar Es Salaam Wholesale,2023-08-21
CASHEW,80.68,209768.00,Mwanza Central Hub,2023-08-21
CASHEW,87.23,226798.00,Arusha North Hub,2023-08-21
CASHEW,83.08,216008.00,Dodoma Wholesale Hub,2023-08-21
CASHEW,78.93,205218.00,Mbeya Border Market,2023-08-21
CASHEW,83.83,217958.00,Tanga Coastal Exchange,2023-08-21
CASHEW,77.23,200798.00,Tabora Grain Yard,2023-08-21
CASHEW,86.24,224224.00,Kigoma Lake Hub,2023-08-21
COCONUT,75.41,196066.00,Dar Es Salaam Wholesale,2023-08-21
COCONUT,71.82,186732.00,Mwanza Central Hub,2023-08-21
COCONUT,77.75,202150.00,Arusha North Hub,2023-08-21
COCONUT,74.14,192764.00,Dodoma Wholesale Hub,2023-08-21
COCONUT,70.53,183378.00,Mbeya Border Market,2023-08-21
COCONUT,75.00,195000.00,Tanga Coastal Exchange,2023-08-21
COCONUT,69.17,179842.00,Tabora Grain Yard,2023-08-21
COCONUT,77.32,201032.00,Kigoma Lake Hub,2023-08-21
MAIZE,41.22,107172.00,Dar Es Salaam Wholesale,2023-08-28
MAIZE,39.19,101894.00,Mwanza Central Hub,2023-08-28
MAIZE,42.35,110110.00,Arusha North Hub,2023-08-28
MAIZE,40.32,104832.00,Dodoma Wholesale Hub,2023-08-28
MAIZE,38.29,99554.00,Mbeya Border Market,2023-08-28
MAIZE,40.65,105690.00,Tanga Coastal Exchange,2023-08-28
MAIZE,37.44,97344.00,Tabora Grain Yard,2023-08-28
MAIZE,41.79,108654.00,Kigoma Lake Hub,2023-08-28
RICE,56.68,147368.00,Dar Es Salaam Wholesale,2023-08-28
RICE,53.99,140374.00,Mwanza Central Hub,2023-08-28
RICE,58.47,152022.00,Arusha North Hub,2023-08-28
RICE,55.78,145028.00,Dodoma Wholesale Hub,2023-08-28
RICE,53.08,138008.00,Mbeya Border Market,2023-08-28
RICE,56.46,146796.00,Tanga Coastal Exchange,2023-08-28
RICE,52.08,135408.00,Tabora Grain Yard,2023-08-28
RICE,58.24,151424.00,Kigoma Lake Hub,2023-08-28
BEANS,61.52,159952.00,Dar Es Salaam Wholesale,2023-08-28
BEANS,58.45,151970.00,Mwanza Central Hub,2023-08-28
BEANS,63.13,164138.00,Arusha North Hub,2023-08-28
BEANS,60.06,156156.00,Dodoma Wholesale Hub,2023-08-28
BEANS,57.01,148226.00,Mbeya Border Market,2023-08-28
BEANS,60.49,157274.00,Tanga Coastal Exchange,2023-08-28
BEANS,55.67,144742.00,Tabora Grain Yard,2023-08-28
BEANS,62.09,161434.00,Kigoma Lake Hub,2023-08-28
WHEAT,38.59,100334.00,Dar Es Salaam Wholesale,2023-08-28
WHEAT,36.77,95602.00,Mwanza Central Hub,2023-08-28
WHEAT,39.84,103584.00,Arusha North Hub,2023-08-28
WHEAT,38.02,98852.00,Dodoma Wholesale Hub,2023-08-28
WHEAT,36.20,94120.00,Mbeya Border Market,2023-08-28
WHEAT,38.53,100178.00,Tanga Coastal Exchange,2023-08-28
WHEAT,35.56,92456.00,Tabora Grain Yard,2023-08-28
WHEAT,39.79,103454.00,Kigoma Lake Hub,2023-08-28
SORGHUM,33.02,85852.00,Dar Es Salaam Wholesale,2023-08-28
SORGHUM,31.37,81562.00,Mwanza Central Hub,2023-08-28
SORGHUM,33.88,88088.00,Arusha North Hub,2023-08-28
SORGHUM,32.23,83798.00,Dodoma Wholesale Hub,2023-08-28
SORGHUM,30.58,79508.00,Mbeya Border Market,2023-08-28
SORGHUM,32.44,84344.00,Tanga Coastal Exchange,2023-08-28
SORGHUM,29.85,77610.00,Tabora Grain Yard,2023-08-28
SORGHUM,33.29,86554.00,Kigoma Lake Hub,2023-08-28
CASSAVA,25.35,65910.00,Dar Es Salaam Wholesale,2023-08-28
CASSAVA,24.16,62816.00,Mwanza Central Hub,2023-08-28
CASSAVA,26.16,68016.00,Arusha North Hub,2023-08-28
CASSAVA,24.96,64896.00,Dodoma Wholesale Hub,2023-08-28
CASSAVA,23.76,61776.00,Mbeya Border Market,2023-08-28
CASSAVA,25.28,65728.00,Tanga Coastal Exchange,2023-08-28
CASSAVA,23.33,60658.00,Tabora Grain Yard,2023-08-28
CASSAVA,26.10,67860.00,Kigoma Lake Hub,2023-08-28
POTATO,31.94,83044.00,Dar Es Salaam Wholesale,2023-08-28
POTATO,30.35,78910.00,Mwanza Central Hub,2023-08-28
POTATO,32.80,85280.00,Arusha North Hub,2023-08-28
POTATO,31.22,81172.00,Dodoma Wholesale Hub,2023-08-28
POTATO,29.64,77064.00,Mbeya Border Market,2023-08-28
POTATO,31.45,81770.00,Tanga Coastal Exchange,2023-08-28
POTATO,28.95,75270.00,Tabora Grain Yard,2023-08-28
POTATO,32.30,83980.00,Kigoma Lake Hub,2023-08-28
GROUNDNUT,74.12,192712.00,Dar Es Salaam Wholesale,2023-08-28
GROUNDNUT,70.57,183482.00,Mwanza Central Hub,2023-08-28
GROUNDNUT,76.39,198614.00,Arusha North Hub,2023-08-28
GROUNDNUT,72.84,189384.00,Dodoma Wholesale Hub,2023-08-28
GROUNDNUT,69.29,180154.00,Mbeya Border Market,2023-08-28
GROUNDNUT,73.68,191568.00,Tanga Coastal Exchange,2023-08-28
GROUNDNUT,67.95,176670.00,Tabora Grain Yard,2023-08-28
GROUNDNUT,75.97,197522.00,Kigoma Lake Hub,2023-08-28
SUNFLOWER,61.02,158652.00,Dar Es Salaam Wholesale,2023-08-28
SUNFLOWER,58.05,150930.00,Mwanza Central Hub,2023-08-28
SUNFLOWER,62.77,163202.00,Arusha North Hub,2023-08-28
SUNFLOWER,59.79,155454.00,Dodoma Wholesale Hub,2023-08-28
SUNFLOWER,56.82,147732.00,Mbeya Border Market,2023-08-28
SUNFLOWER,60.35,156910.00,Tanga Coastal Exchange,2023-08-28
SUNFLOWER,55.60,144560.00,Tabora Grain Yard,2023-08-28
SUNFLOWER,62.08,161408.00,Kigoma Lake Hub,2023-08-28
COFFEE,78.78,204828.00,Dar Es Salaam Wholesale,2023-08-28
COFFEE,74.94,194844.00,Mwanza Central Hub,2023-08-28
COFFEE,81.03,210678.00,Arusha North Hub,2023-08-28
COFFEE,77.19,200694.00,Dodoma Wholesale Hub,2023-08-28
COFFEE,73.36,190736.00,Mbeya Border Market,2023-08-28
COFFEE,77.93,202618.00,Tanga Coastal Exchange,2023-08-28
COFFEE,71.81,186706.00,Tabora Grain Yard,2023-08-28
COFFEE,80.20,208520.00,Kigoma Lake Hub,2023-08-28
CASHEW,90.73,235898.00,Dar Es Salaam Wholesale,2023-08-28
CASHEW,86.39,224614.00,Mwanza Central Hub,2023-08-28
CASHEW,93.51,243126.00,Arusha North Hub,2023-08-28
CASHEW,89.15,231790.00,Dodoma Wholesale Hub,2023-08-28
CASHEW,84.80,220480.00,Mbeya Border Market,2023-08-28
CASHEW,90.15,234390.00,Tanga Coastal Exchange,2023-08-28
CASHEW,83.13,216138.00,Tabora Grain Yard,2023-08-28
CASHEW,92.91,241566.00,Kigoma Lake Hub,2023-08-28
COCONUT,72.50,188500.00,Dar Es Salaam Wholesale,2023-08-28
COCONUT,68.90,179140.00,Mwanza Central Hub,2023-08-28
COCONUT,74.44,193544.00,Arusha North Hub,2023-08-28
COCONUT,70.85,184210.00,Dodoma Wholesale Hub,2023-08-28
COCONUT,67.27,174902.00,Mbeya Border Market,2023-08-28
COCONUT,71.40,185640.00,Tanga Coastal Exchange,2023-08-28
COCONUT,65.73,170898.00,Tabora Grain Yard,2023-08-28
COCONUT,73.35,190710.00,Kigoma Lake Hub,2023-08-28
MAIZE,41.88,108888.00,Dar Es Salaam Wholesale,2023-09-04
MAIZE,39.89,103714.00,Mwanza Central Hub,2023-09-04
MAIZE,43.19,112294.00,Arusha North Hub,2023-09-04
MAIZE,41.19,107094.00,Dodoma Wholesale Hub,2023-09-04
MAIZE,39.19,101894.00,Mbeya Border Market,2023-09-04
MAIZE,41.68,108368.00,Tanga Coastal Exchange,2023-09-04
MAIZE,38.45,99970.00,Tabora Grain Yard,2023-09-04
MAIZE,42.98,111748.00,Kigoma Lake Hub,2023-09-04
RICE,55.48,144248.00,Dar Es Salaam Wholesale,2023-09-04
RICE,52.72,137072.00,Mwanza Central Hub,2023-09-04
RICE,56.94,148044.00,Arusha North Hub,2023-09-04
RICE,54.18,140868.00,Dodoma Wholesale Hub,2023-09-04
RICE,51.43,133718.00,Mbeya Border Market,2023-09-04
RICE,54.58,141908.00,Tanga Coastal Exchange,2023-09-04
RICE,50.23,130598.00,Tabora Grain Yard,2023-09-04
RICE,56.04,145704.00,Kigoma Lake Hub,2023-09-04
BEANS,60.22,156572.00,Dar Es Salaam Wholesale,2023-09-04
BEANS,57.39,149214.00,Mwanza Central Hub,2023-09-04
BEANS,62.17,161642.00,Arusha North Hub,2023-09-04
BEANS,59.33,154258.00,Dodoma Wholesale Hub,2023-09-04
BEANS,56.48,146848.00,Mbeya Border Market,2023-09-04
BEANS,60.11,156286.00,Tanga Coastal Exchange,2023-09-04
BEANS,55.48,144248.00,Tabora Grain Yard,2023-09-04
BEANS,62.06,161356.00,Kigoma Lake Hub,2023-09-04
WHEAT,39.89,103714.00,Dar Es Salaam Wholesale,2023-09-04
WHEAT,37.89,98514.00,Mwanza Central Hub,2023-09-04
WHEAT,40.92,106392.00,Arusha North Hub,2023-09-04
WHEAT,38.93,101218.00,Dodoma Wholesale Hub,2023-09-04
WHEAT,36.94,96044.00,Mbeya Border Market,2023-09-04
WHEAT,42.45,110370.00,Tanga Coastal Exchange,2023-09-04
WHEAT,39.06,101556.00,Tabora Grain Yard,2023-09-04
WHEAT,43.56,113256.00,Kigoma Lake Hub,2023-09-04
SORGHUM,35.49,92274.00,Dar Es Salaam Wholesale,2023-09-04
SORGHUM,33.82,87932.00,Mwanza Central Hub,2023-09-04
SORGHUM,36.63,95238.00,Arusha North Hub,2023-09-04
SORGHUM,34.96,90896.00,Dodoma Wholesale Hub,2023-09-04
SORGHUM,33.27,86502.00,Mbeya Border Market,2023-09-04
SORGHUM,35.41,92066.00,Tanga Coastal Exchange,2023-09-04
SORGHUM,32.68,84968.00,Tabora Grain Yard,2023-09-04
SORGHUM,36.56,95056.00,Kigoma Lake Hub,2023-09-04
CASSAVA,26.73,69498.00,Dar Es Salaam Wholesale,2023-09-04
CASSAVA,25.40,66040.00,Mwanza Central Hub,2023-09-04
CASSAVA,27.44,71344.00,Arusha North Hub,2023-09-04
CASSAVA,26.11,67886.00,Dodoma Wholesale Hub,2023-09-04
CASSAVA,24.79,64454.00,Mbeya Border Market,2023-09-04
CASSAVA,26.31,68406.00,Tanga Coastal Exchange,2023-09-04
CASSAVA,24.21,62946.00,Tabora Grain Yard,2023-09-04
CASSAVA,27.01,70226.00,Kigoma Lake Hub,2023-09-04
POTATO,31.32,81432.00,Dar Es Salaam Wholesale,2023-09-04
POTATO,29.82,77532.00,Mwanza Central Hub,2023-09-04
POTATO,32.29,83954.00,Arusha North Hub,2023-09-04
POTATO,30.79,80054.00,Dodoma Wholesale Hub,2023-09-04
POTATO,29.30,76180.00,Mbeya Border Market,2023-09-04
POTATO,31.16,81016.00,Tanga Coastal Exchange,2023-09-04
POTATO,28.74,74724.00,Tabora Grain Yard,2023-09-04
POTATO,32.14,83564.00,Kigoma Lake Hub,2023-09-04
GROUNDNUT,80.38,208988.00,Dar Es Salaam Wholesale,2023-09-04
GROUNDNUT,76.45,198770.00,Mwanza Central Hub,2023-09-04
GROUNDNUT,82.66,214916.00,Arusha North Hub,2023-09-04
GROUNDNUT,78.72,204672.00,Dodoma Wholesale Hub,2023-09-04
GROUNDNUT,74.79,194454.00,Mbeya Border Market,2023-09-04
GROUNDNUT,79.42,206492.00,Tanga Coastal Exchange,2023-09-04
GROUNDNUT,73.16,190216.00,Tabora Grain Yard,2023-09-04
GROUNDNUT,81.67,212342.00,Kigoma Lake Hub,2023-09-04
SUNFLOWER,55.84,145184.00,Dar Es Salaam Wholesale,2023-09-04
SUNFLOWER,53.13,138138.00,Mwanza Central Hub,2023-09-04
SUNFLOWER,57.46,149396.00,Arusha North Hub,2023-09-04
SUNFLOWER,54.75,142350.00,Dodoma Wholesale Hub,2023-09-04
SUNFLOWER,52.04,135304.00,Mbeya Border Market,2023-09-04
SUNFLOWER,55.29,143754.00,Tanga Coastal Exchange,2023-09-04
SUNFLOWER,50.96,132496.00,Tabora Grain Yard,2023-09-04
SUNFLOWER,56.93,148018.00,Kigoma Lake Hub,2023-09-04
COFFEE,82.51,214526.00,Dar Es Salaam Wholesale,2023-09-04
COFFEE,78.55,204230.00,Mwanza Central Hub,2023-09-04
COFFEE,85.00,221000.00,Arusha North Hub,2023-09-04
COFFEE,81.03,210678.00,Dodoma Wholesale Hub,2023-09-04
COFFEE,77.06,200356.00,Mbeya Border Market,2023-09-04
COFFEE,81.91,212966.00,Tanga Coastal Exchange,2023-09-04
COFFEE,75.51,196326.00,Tabora Grain Yard,2023-09-04
COFFEE,84.38,219388.00,Kigoma Lake Hub,2023-09-04
CASHEW,82.83,215358.00,Dar Es Salaam Wholesale,2023-09-04
CASHEW,78.73,204698.00,Mwanza Central Hub,2023-09-04
CASHEW,85.08,221208.00,Arusha North Hub,2023-09-04
CASHEW,80.99,210574.00,Dodoma Wholesale Hub,2023-09-04
CASHEW,76.90,199940.00,Mbeya Border Market,2023-09-04
CASHEW,81.64,212264.00,Tanga Coastal Exchange,2023-09-04
CASHEW,75.17,195442.00,Tabora Grain Yard,2023-09-04
CASHEW,83.89,218114.00,Kigoma Lake Hub,2023-09-04
COCONUT,71.05,184730.00,Dar Es Salaam Wholesale,2023-09-04
COCONUT,67.69,175994.00,Mwanza Central Hub,2023-09-04
COCONUT,73.31,190606.00,Arusha North Hub,2023-09-04
COCONUT,69.94,181844.00,Dodoma Wholesale Hub,2023-09-04
COCONUT,66.56,173056.00,Mbeya Border Market,2023-09-04
COCONUT,70.81,184106.00,Tanga Coastal Exchange,2023-09-04
COCONUT,65.34,169884.00,Tabora Grain Yard,2023-09-04
COCONUT,73.07,189982.00,Kigoma Lake Hub,2023-09-04
MAIZE,40.81,106106.00,Dar Es Salaam Wholesale,2023-09-11
MAIZE,38.78,100828.00,Mwanza Central Hub,2023-09-11
MAIZE,41.89,108914.00,Arusha North Hub,2023-09-11
MAIZE,39.87,103662.00,Dodoma Wholesale Hub,2023-09-11
MAIZE,37.85,98410.00,Mbeya Border Market,2023-09-11
MAIZE,40.16,104416.00,Tanga Coastal Exchange,2023-09-11
MAIZE,36.97,96122.00,Tabora Grain Yard,2023-09-11
MAIZE,41.25,107250.00,Kigoma Lake Hub,2023-09-11
RICE,54.74,142324.00,Dar Es Salaam Wholesale,2023-09-11
RICE,52.16,135616.00,Mwanza Central Hub,2023-09-11
RICE,56.50,146900.00,Arusha North Hub,2023-09-11
RICE,53.92,140192.00,Dodoma Wholesale Hub,2023-09-11
RICE,51.32,133432.00,Mbeya Border Market,2023-09-11
RICE,54.61,141986.00,Tanga Coastal Exchange,2023-09-11
RICE,50.40,131040.00,Tabora Grain Yard,2023-09-11
RICE,56.38,146588.00,Kigoma Lake Hub,2023-09-11
BEANS,64.03,166478.00,Dar Es Salaam Wholesale,2023-09-11
BEANS,60.83,158158.00,Mwanza Central Hub,2023-09-11
BEANS,65.69,170794.00,Arusha North Hub,2023-09-11
BEANS,62.50,162500.00,Dodoma Wholesale Hub,2023-09-11
BEANS,59.31,154206.00,Mbeya Border Market,2023-09-11
BEANS,62.92,163592.00,Tanga Coastal Exchange,2023-09-11
BEANS,57.90,150540.00,Tabora Grain Yard,2023-09-11
BEANS,64.57,167882.00,Kigoma Lake Hub,2023-09-11
WHEAT,41.99,109174.00,Dar Es Salaam Wholesale,2023-09-11
WHEAT,40.02,104052.00,Mwanza Central Hub,2023-09-11
WHEAT,43.35,112710.00,Arusha North Hub,2023-09-11
WHEAT,41.37,107562.00,Dodoma Wholesale Hub,2023-09-11
WHEAT,39.38,102388.00,Mbeya Border Market,2023-09-11
WHEAT,41.90,108940.00,Tanga Coastal Exchange,2023-09-11
WHEAT,38.68,100568.00,Tabora Grain Yard,2023-09-11
WHEAT,43.27,112502.00,Kigoma Lake Hub,2023-09-11
SORGHUM,35.36,91936.00,Dar Es Salaam Wholesale,2023-09-11
SORGHUM,33.60,87360.00,Mwanza Central Hub,2023-09-11
SORGHUM,36.29,94354.00,Arusha North Hub,2023-09-11
SORGHUM,34.53,89778.00,Dodoma Wholesale Hub,2023-09-11
SORGHUM,32.78,85228.00,Mbeya Border Market,2023-09-11
SORGHUM,34.78,90428.00,Tanga Coastal Exchange,2023-09-11
SORGHUM,32.00,83200.00,Tabora Grain Yard,2023-09-11
SORGHUM,35.70,92820.00,Kigoma Lake Hub,2023-09-11
CASSAVA,25.84,67184.00,Dar Es Salaam Wholesale,2023-09-11
CASSAVA,24.61,63986.00,Mwanza Central Hub,2023-09-11
CASSAVA,26.65,69290.00,Arusha North Hub,2023-09-11
CASSAVA,25.42,66092.00,Dodoma Wholesale Hub,2023-09-11
CASSAVA,24.18,62868.00,Mbeya Border Market,2023-09-11
CASSAVA,25.72,66872.00,Tanga Coastal Exchange,2023-09-11
CASSAVA,23.73,61698.00,Tabora Grain Yard,2023-09-11
CASSAVA,26.54,69004.00,Kigoma Lake Hub,2023-09-11
POTATO,33.36,86736.00,Dar Es Salaam Wholesale,2023-09-11
POTATO,31.72,82472.00,Mwanza Central Hub,2023-09-11
POTATO,34.29,89154.00,Arusha North Hub,2023-09-11
POTATO,32.65,84890.00,Dodoma Wholesale Hub,2023-09-11
POTATO,31.01,80626.00,Mbeya Border Market,2023-09-11
POTATO,32.93,85618.00,Tanga Coastal Exchange,2023-09-11
POTATO,30.32,78832.00,Tabora Grain Yard,2023-09-11
POTATO,33.85,88010.00,Kigoma Lake Hub,2023-09-11
GROUNDNUT,74.43,193518.00,Dar Es Salaam Wholesale,2023-09-11
GROUNDNUT,70.83,184158.00,Mwanza Central Hub,2023-09-11
GROUNDNUT,76.62,199212.00,Arusha North Hub,2023-09-11
GROUNDNUT,73.02,189852.00,Dodoma Wholesale Hub,2023-09-11
GROUNDNUT,69.42,180492.00,Mbeya Border Market,2023-09-11
GROUNDNUT,73.78,191828.00,Tanga Coastal Exchange,2023-09-11
GROUNDNUT,68.01,176826.00,Tabora Grain Yard,2023-09-11
GROUNDNUT,76.00,197600.00,Kigoma Lake Hub,2023-09-11
SUNFLOWER,60.39,157014.00,Dar Es Salaam Wholesale,2023-09-11
SUNFLOWER,57.48,149448.00,Mwanza Central Hub,2023-09-11
SUNFLOWER,62.19,161694.00,Arusha North Hub,2023-09-11
SUNFLOWER,59.28,154128.00,Dodoma Wholesale Hub,2023-09-11
SUNFLOWER,56.36,146536.00,Mbeya Border Market,2023-09-11
SUNFLOWER,59.89,155714.00,Tanga Coastal Exchange,2023-09-11
SUNFLOWER,55.21,143546.00,Tabora Grain Yard,2023-09-11
SUNFLOWER,61.68,160368.00,Kigoma Lake Hub,2023-09-11
COFFEE,77.54,201604.00,Dar Es Salaam Wholesale,2023-09-11
COFFEE,73.71,191646.00,Mwanza Central Hub,2023-09-11
COFFEE,79.67,207142.00,Arusha North Hub,2023-09-11
COFFEE,75.85,197210.00,Dodoma Wholesale Hub,2023-09-11
COFFEE,72.04,187304.00,Mbeya Border Market,2023-09-11
COFFEE,76.49,198874.00,Tanga Coastal Exchange,2023-09-11
COFFEE,70.44,183144.00,Tabora Grain Yard,2023-09-11
COFFEE,78.63,204438.00,Kigoma Lake Hub,2023-09-11
CASHEW,85.86,223236.00,Dar Es Salaam Wholesale,2023-09-11
CASHEW,81.79,212654.00,Mwanza Central Hub,2023-09-11
CASHEW,88.57,230282.00,Arusha North Hub,2023-09-11
CASHEW,84.48,219648.00,Dodoma Wholesale Hub,2023-09-11
CASHEW,80.39,209014.00,Mbeya Border Market,2023-09-11
CASHEW,85.51,222326.00,Tanga Coastal Exchange,2023-09-11
CASHEW,78.88,205088.00,Tabora Grain Yard,2023-09-11
CASHEW,88.21,229346.00,Kigoma Lake Hub,2023-09-11
COCONUT,71.36,185536.00,Dar Es Salaam Wholesale,2023-09-11
COCONUT,67.80,176280.00,Mwanza Central Hub,2023-09-11
COCONUT,73.23,190398.00,Arusha North Hub,2023-09-11
COCONUT,69.67,181142.00,Dodoma Wholesale Hub,2023-09-11
COCONUT,66.13,171938.00,Mbeya Border Market,2023-09-11
COCONUT,70.17,182442.00,Tanga Coastal Exchange,2023-09-11
COCONUT,64.57,167882.00,Tabora Grain Yard,2023-09-11
COCONUT,72.03,187278.00,Kigoma Lake Hub,2023-09-11
MAIZE,41.00,106600.00,Dar Es Salaam Wholesale,2023-09-18
MAIZE,39.07,101582.00,Mwanza Central Hub,2023-09-18
MAIZE,42.32,110032.00,Arusha North Hub,2023-09-18
MAIZE,40.38,104988.00,Dodoma Wholesale Hub,2023-09-18
MAIZE,38.43,99918.00,Mbeya Border Market,2023-09-18
MAIZE,40.89,106314.00,Tanga Coastal Exchange,2023-09-18
MAIZE,37.73,98098.00,Tabora Grain Yard,2023-09-18
MAIZE,42.20,109720.00,Kigoma Lake Hub,2023-09-18
RICE,57.04,148304.00,Dar Es Salaam Wholesale,2023-09-18
RICE,54.19,140894.00,Mwanza Central Hub,2023-09-18
RICE,58.52,152152.00,Arusha North Hub,2023-09-18
RICE,55.68,144768.00,Dodoma Wholesale Hub,2023-09-18
RICE,52.84,137384.00,Mbeya Border Market,2023-09-18
RICE,56.06,145756.00,Tanga Coastal Exchange,2023-09-18
RICE,51.58,134108.00,Tabora Grain Yard,2023-09-18
RICE,57.53,149578.00,Kigoma Lake Hub,2023-09-18
BEANS,63.50,165100.00,Dar Es Salaam Wholesale,2023-09-18
BEANS,60.51,157326.00,Mwanza Central Hub,2023-09-18
BEANS,65.55,170430.00,Arusha North Hub,2023-09-18
BEANS,62.55,162630.00,Dodoma Wholesale Hub,2023-09-18
BEANS,59.55,154830.00,Mbeya Border Market,2023-09-18
BEANS,63.37,164762.00,Tanga Coastal Exchange,2023-09-18
BEANS,58.49,152074.00,Tabora Grain Yard,2023-09-18
BEANS,65.43,170118.00,Kigoma Lake Hub,2023-09-18
WHEAT,41.07,106782.00,Dar Es Salaam Wholesale,2023-09-18
WHEAT,39.02,101452.00,Mwanza Central Hub,2023-09-18
WHEAT,42.14,109564.00,Arusha North Hub,2023-09-18
WHEAT,40.10,104260.00,Dodoma Wholesale Hub,2023-09-18
WHEAT,38.05,98930.00,Mbeya Border Market,2023-09-18
WHEAT,40.37,104962.00,Tanga Coastal Exchange,2023-09-18
WHEAT,37.15,96590.00,Tabora Grain Yard,2023-09-18
WHEAT,41.43,107718.00,Kigoma Lake Hub,2023-09-18
SORGHUM,34.71,90246.00,Dar Es Salaam Wholesale,2023-09-18
SORGHUM,33.06,85956.00,Mwanza Central Hub,2023-09-18
SORGHUM,35.80,93080.00,Arusha North Hub,2023-09-18
SORGHUM,34.16,88816.00,Dodoma Wholesale Hub,2023-09-18
SORGHUM,32.51,84526.00,Mbeya Border Market,2023-09-18
SORGHUM,34.58,89908.00,Tanga Coastal Exchange,2023-09-18
SORGHUM,31.91,82966.00,Tabora Grain Yard,2023-09-18
SORGHUM,35.69,92794.00,Kigoma Lake Hub,2023-09-18
CASSAVA,27.24,70824.00,Dar Es Salaam Wholesale,2023-09-18
CASSAVA,25.89,67314.00,Mwanza Central Hub,2023-09-18
CASSAVA,27.99,72774.00,Arusha North Hub,2023-09-18
CASSAVA,26.64,69264.00,Dodoma Wholesale Hub,2023-09-18
CASSAVA,25.30,65780.00,Mbeya Border Market,2023-09-18
CASSAVA,26.86,69836.00,Tanga Coastal Exchange,2023-09-18
CASSAVA,24.73,64298.00,Tabora Grain Yard,2023-09-18
CASSAVA,27.60,71760.00,Kigoma Lake Hub,2023-09-18
POTATO,31.03,80678.00,Dar Es Salaam Wholesale,2023-09-18
POTATO,29.53,76778.00,Mwanza Central Hub,2023-09-18
POTATO,31.95,83070.00,Arusha North Hub,2023-09-18
POTATO,30.46,79196.00,Dodoma Wholesale Hub,2023-09-18
POTATO,28.96,75296.00,Mbeya Border Market,2023-09-18
POTATO,30.79,80054.00,Tanga Coastal Exchange,2023-09-18
POTATO,28.39,73814.00,Tabora Grain Yard,2023-09-18
POTATO,31.73,82498.00,Kigoma Lake Hub,2023-09-18
GROUNDNUT,80.64,209664.00,Dar Es Salaam Wholesale,2023-09-18
GROUNDNUT,76.73,199498.00,Mwanza Central Hub,2023-09-18
GROUNDNUT,83.01,215826.00,Arusha North Hub,2023-09-18
GROUNDNUT,79.10,205660.00,Dodoma Wholesale Hub,2023-09-18
GROUNDNUT,75.19,195494.00,Mbeya Border Market,2023-09-18
GROUNDNUT,79.89,207714.00,Tanga Coastal Exchange,2023-09-18
GROUNDNUT,73.62,191412.00,Tabora Grain Yard,2023-09-18
GROUNDNUT,82.24,213824.00,Kigoma Lake Hub,2023-09-18
SUNFLOWER,56.31,146406.00,Dar Es Salaam Wholesale,2023-09-18
SUNFLOWER,53.54,139204.00,Mwanza Central Hub,2023-09-18
SUNFLOWER,57.87,150462.00,Arusha North Hub,2023-09-18
SUNFLOWER,55.11,143286.00,Dodoma Wholesale Hub,2023-09-18
SUNFLOWER,52.35,136110.00,Mbeya Border Market,2023-09-18
SUNFLOWER,55.59,144534.00,Tanga Coastal Exchange,2023-09-18
SUNFLOWER,51.21,133146.00,Tabora Grain Yard,2023-09-18
SUNFLOWER,57.17,148642.00,Kigoma Lake Hub,2023-09-18
COFFEE,81.45,211770.00,Dar Es Salaam Wholesale,2023-09-18
COFFEE,77.58,201708.00,Mwanza Central Hub,2023-09-18
COFFEE,83.99,218374.00,Arusha North Hub,2023-09-18
COFFEE,80.11,208286.00,Dodoma Wholesale Hub,2023-09-18
COFFEE,76.21,198146.00,Mbeya Border Market,2023-09-18
COFFEE,81.05,210730.00,Tanga Coastal Exchange,2023-09-18
COFFEE,74.76,194376.00,Tabora Grain Yard,2023-09-18
COFFEE,83.58,217308.00,Kigoma Lake Hub,2023-09-18
CASHEW,84.75,220350.00,Dar Es Salaam Wholesale,2023-09-18
CASHEW,80.53,209378.00,Mwanza Central Hub,2023-09-18
CASHEW,86.98,226148.00,Arusha North Hub,2023-09-18
CASHEW,82.77,215202.00,Dodoma Wholesale Hub,2023-09-18
CASHEW,78.57,204282.00,Mbeya Border Market,2023-09-18
CASHEW,83.37,216762.00,Tanga Coastal Exchange,2023-09-18
CASHEW,76.73,199498.00,Tabora Grain Yard,2023-09-18
CASHEW,85.61,222586.00,Kigoma Lake Hub,2023-09-18
COCONUT,69.31,180206.00,Dar Es Salaam Wholesale,2023-09-18
COCONUT,66.05,171730.00,Mwanza Central Hub,2023-09-18
COCONUT,71.56,186056.00,Arusha North Hub,2023-09-18
COCONUT,68.29,177554.00,Dodoma Wholesale Hub,2023-09-18
COCONUT,65.01,169026.00,Mbeya Border Market,2023-09-18
COCONUT,69.18,179868.00,Tanga Coastal Exchange,2023-09-18
COCONUT,63.85,166010.00,Tabora Grain Yard,2023-09-18
COCONUT,71.43,185718.00,Kigoma Lake Hub,2023-09-18
MAIZE,41.90,108940.00,Dar Es Salaam Wholesale,2023-09-25
MAIZE,39.81,103506.00,Mwanza Central Hub,2023-09-25
MAIZE,43.00,111800.00,Arusha North Hub,2023-09-25
MAIZE,40.91,106366.00,Dodoma Wholesale Hub,2023-09-25
MAIZE,38.82,100932.00,Mbeya Border Market,2023-09-25
MAIZE,41.19,107094.00,Tanga Coastal Exchange,2023-09-25
MAIZE,37.90,98540.00,Tabora Grain Yard,2023-09-25
MAIZE,42.28,109928.00,Kigoma Lake Hub,2023-09-25
RICE,57.71,150046.00,Dar Es Salaam Wholesale,2023-09-25
RICE,50.76,131976.00,Mwanza Central Hub,2023-09-25
RICE,54.99,142974.00,Arusha North Hub,2023-09-25
RICE,52.49,136474.00,Dodoma Wholesale Hub,2023-09-25
RICE,49.97,129922.00,Mbeya Border Market,2023-09-25
RICE,53.18,138268.00,Tanga Coastal Exchange,2023-09-25
RICE,49.09,127634.00,Tabora Grain Yard,2023-09-25
RICE,54.93,142818.00,Kigoma Lake Hub,2023-09-25
BEANS,60.90,158340.00,Dar Es Salaam Wholesale,2023-09-25
BEANS,57.85,150410.00,Mwanza Central Hub,2023-09-25
BEANS,62.48,162448.00,Arusha North Hub,2023-09-25
BEANS,59.44,154544.00,Dodoma Wholesale Hub,2023-09-25
BEANS,56.41,146666.00,Mbeya Border Market,2023-09-25
BEANS,59.84,155584.00,Tanga Coastal Exchange,2023-09-25
BEANS,55.06,143156.00,Tabora Grain Yard,2023-09-25
BEANS,61.40,159640.00,Kigoma Lake Hub,2023-09-25
WHEAT,41.00,106600.00,Dar Es Salaam Wholesale,2023-09-25
WHEAT,39.06,101556.00,Mwanza Central Hub,2023-09-25
WHEAT,42.31,110006.00,Arusha North Hub,2023-09-25
WHEAT,40.36,104936.00,Dodoma Wholesale Hub,2023-09-25
WHEAT,38.42,99892.00,Mbeya Border Market,2023-09-25
WHEAT,40.88,106288.00,Tanga Coastal Exchange,2023-09-25
WHEAT,37.72,98072.00,Tabora Grain Yard,2023-09-25
WHEAT,42.19,109694.00,Kigoma Lake Hub,2023-09-25
SORGHUM,36.13,93938.00,Dar Es Salaam Wholesale,2023-09-25
SORGHUM,34.34,89284.00,Mwanza Central Hub,2023-09-25
SORGHUM,37.11,96486.00,Arusha North Hub,2023-09-25
SORGHUM,35.33,91858.00,Dodoma Wholesale Hub,2023-09-25
SORGHUM,33.54,87204.00,Mbeya Border Market,2023-09-25
SORGHUM,35.60,92560.00,Tanga Coastal Exchange,2023-09-25
SORGHUM,32.78,85228.00,Tabora Grain Yard,2023-09-25
SORGHUM,36.57,95082.00,Kigoma Lake Hub,2023-09-25
CASSAVA,25.51,66326.00,Dar Es Salaam Wholesale,2023-09-25
CASSAVA,24.29,63154.00,Mwanza Central Hub,2023-09-25
CASSAVA,26.28,68328.00,Arusha North Hub,2023-09-25
CASSAVA,25.06,65156.00,Dodoma Wholesale Hub,2023-09-25
CASSAVA,23.83,61958.00,Mbeya Border Market,2023-09-25
CASSAVA,25.34,65884.00,Tanga Coastal Exchange,2023-09-25
CASSAVA,23.37,60762.00,Tabora Grain Yard,2023-09-25
CASSAVA,26.12,67912.00,Kigoma Lake Hub,2023-09-25
POTATO,33.58,87308.00,Dar Es Salaam Wholesale,2023-09-25
POTATO,31.95,83070.00,Mwanza Central Hub,2023-09-25
POTATO,34.55,89830.00,Arusha North Hub,2023-09-25
POTATO,32.92,85592.00,Dodoma Wholesale Hub,2023-09-25
POTATO,31.29,81354.00,Mbeya Border Market,2023-09-25
POTATO,33.24,86424.00,Tanga Coastal Exchange,2023-09-25
POTATO,30.62,79612.00,Tabora Grain Yard,2023-09-25
POTATO,34.20,88920.00,Kigoma Lake Hub,2023-09-25
GROUNDNUT,74.77,194402.00,Dar Es Salaam Wholesale,2023-09-25
GROUNDNUT,71.11,184886.00,Mwanza Central Hub,2023-09-25
GROUNDNUT,76.88,199888.00,Arusha North Hub,2023-09-25
GROUNDNUT,73.23,190398.00,Dodoma Wholesale Hub,2023-09-25
GROUNDNUT,69.58,180908.00,Mbeya Border Market,2023-09-25
GROUNDNUT,73.90,192140.00,Tanga Coastal Exchange,2023-09-25
GROUNDNUT,68.09,177034.00,Tabora Grain Yard,2023-09-25
GROUNDNUT,76.03,197678.00,Kigoma Lake Hub,2023-09-25
SUNFLOWER,59.81,155506.00,Dar Es Salaam Wholesale,2023-09-25
SUNFLOWER,56.95,148070.00,Mwanza Central Hub,2023-09-25
SUNFLOWER,61.65,160290.00,Arusha North Hub,2023-09-25
SUNFLOWER,58.79,152854.00,Dodoma Wholesale Hub,2023-09-25
SUNFLOWER,55.92,145392.00,Mbeya Border Market,2023-09-25
SUNFLOWER,59.46,154596.00,Tanga Coastal Exchange,2023-09-25
SUNFLOWER,54.84,142584.00,Tabora Grain Yard,2023-09-25
SUNFLOWER,61.30,159380.00,Kigoma Lake Hub,2023-09-25
COFFEE,79.14,205764.00,Dar Es Salaam Wholesale,2023-09-25
COFFEE,75.20,195520.00,Mwanza Central Hub,2023-09-25
COFFEE,81.24,211224.00,Arusha North Hub,2023-09-25
COFFEE,77.32,201032.00,Dodoma Wholesale Hub,2023-09-25
COFFEE,73.40,190840.00,Mbeya Border Market,2023-09-25
COFFEE,77.90,202540.00,Tanga Coastal Exchange,2023-09-25
COFFEE,71.71,186446.00,Tabora Grain Yard,2023-09-25
COFFEE,80.01,208026.00,Kigoma Lake Hub,2023-09-25
CASHEW,83.92,218192.00,Dar Es Salaam Wholesale,2023-09-25
CASHEW,79.96,207896.00,Mwanza Central Hub,2023-09-25
CASHEW,86.62,225212.00,Arusha North Hub,2023-09-25
CASHEW,82.65,214890.00,Dodoma Wholesale Hub,2023-09-25
CASHEW,78.68,204568.00,Mbeya Border Market,2023-09-25
CASHEW,83.71,217646.00,Tanga Coastal Exchange,2023-09-25
CASHEW,77.26,200876.00,Tabora Grain Yard,2023-09-25
CASHEW,86.42,224692.00,Kigoma Lake Hub,2023-09-25
COCONUT,73.40,190840.00,Dar Es Salaam Wholesale,2023-09-25
COCONUT,69.73,181298.00,Mwanza Central Hub,2023-09-25
COCONUT,75.31,195806.00,Arusha North Hub,2023-09-25
COCONUT,71.65,186290.00,Dodoma Wholesale Hub,2023-09-25
COCONUT,68.00,176800.00,Mbeya Border Market,2023-09-25
COCONUT,72.14,187564.00,Tanga Coastal Exchange,2023-09-25
COCONUT,66.38,172588.00,Tabora Grain Yard,2023-09-25
COCONUT,74.03,192478.00,Kigoma Lake Hub,2023-09-25
MAIZE,39.48,102648.00,Dar Es Salaam Wholesale,2023-10-02
MAIZE,37.63,97838.00,Mwanza Central Hub,2023-10-02
MAIZE,40.76,105976.00,Arusha North Hub,2023-10-02
MAIZE,38.90,101140.00,Dodoma Wholesale Hub,2023-10-02
MAIZE,37.04,96304.00,Mbeya Border Market,2023-10-02
MAIZE,39.41,102466.00,Tanga Coastal Exchange,2023-10-02
MAIZE,36.38,94588.00,Tabora Grain Yard,2023-10-02
MAIZE,40.70,105820.00,Kigoma Lake Hub,2023-10-02
RICE,54.87,142662.00,Dar Es Salaam Wholesale,2023-10-02
RICE,52.12,135512.00,Mwanza Central Hub,2023-10-02
RICE,56.29,146354.00,Arusha North Hub,2023-10-02
RICE,53.55,139230.00,Dodoma Wholesale Hub,2023-10-02
RICE,50.81,132106.00,Mbeya Border Market,2023-10-02
RICE,53.90,140140.00,Tanga Coastal Exchange,2023-10-02
RICE,49.59,128934.00,Tabora Grain Yard,2023-10-02
RICE,55.30,143780.00,Kigoma Lake Hub,2023-10-02
BEANS,63.87,166062.00,Dar Es Salaam Wholesale,2023-10-02
BEANS,60.86,158236.00,Mwanza Central Hub,2023-10-02
BEANS,65.92,171392.00,Arusha North Hub,2023-10-02
BEANS,62.90,163540.00,Dodoma Wholesale Hub,2023-10-02
BEANS,59.87,155662.00,Mbeya Border Market,2023-10-02
BEANS,63.71,165646.00,Tanga Coastal Exchange,2023-10-02
BEANS,58.80,152880.00,Tabora Grain Yard,2023-10-02
BEANS,65.77,171002.00,Kigoma Lake Hub,2023-10-02
WHEAT,43.82,113932.00,Dar Es Salaam Wholesale,2023-10-02
WHEAT,41.65,108290.00,Mwanza Central Hub,2023-10-02
WHEAT,45.00,117000.00,Arusha North Hub,2023-10-02
WHEAT,42.82,111332.00,Dodoma Wholesale Hub,2023-10-02
WHEAT,40.66,105716.00,Mbeya Border Market,2023-10-02
WHEAT,43.15,112190.00,Tanga Coastal Exchange,2023-10-02
WHEAT,39.72,103272.00,Tabora Grain Yard,2023-10-02
WHEAT,44.31,115206.00,Kigoma Lake Hub,2023-10-02
SORGHUM,35.53,92378.00,Dar Es Salaam Wholesale,2023-10-02
SORGHUM,33.83,87958.00,Mwanza Central Hub,2023-10-02
SORGHUM,36.62,95212.00,Arusha North Hub,2023-10-02
SORGHUM,34.92,90792.00,Dodoma Wholesale Hub,2023-10-02
SORGHUM,33.22,86372.00,Mbeya Border Market,2023-10-02
SORGHUM,35.33,91858.00,Tanga Coastal Exchange,2023-10-02
SORGHUM,32.58,84708.00,Tabora Grain Yard,2023-10-02
SORGHUM,36.43,94718.00,Kigoma Lake Hub,2023-10-02
CASSAVA,28.29,73554.00,Dar Es Salaam Wholesale,2023-10-02
CASSAVA,26.91,69966.00,Mwanza Central Hub,2023-10-02
CASSAVA,29.09,75634.00,Arusha North Hub,2023-10-02
CASSAVA,27.71,72046.00,Dodoma Wholesale Hub,2023-10-02
CASSAVA,26.33,68458.00,Mbeya Border Market,2023-10-02
CASSAVA,27.97,72722.00,Tanga Coastal Exchange,2023-10-02
CASSAVA,25.77,67002.00,Tabora Grain Yard,2023-10-02
CASSAVA,28.77,74802.00,Kigoma Lake Hub,2023-10-02
POTATO,31.36,81536.00,Dar Es Salaam Wholesale,2023-10-02
POTATO,29.83,77558.00,Mwanza Central Hub,2023-10-02
POTATO,32.26,83876.00,Arusha North Hub,2023-10-02
POTATO,30.73,79898.00,Dodoma Wholesale Hub,2023-10-02
POTATO,29.21,75946.00,Mbeya Border Market,2023-10-02
POTATO,31.03,80678.00,Tanga Coastal Exchange,2023-10-02
POTATO,28.59,74334.00,Tabora Grain Yard,2023-10-02
POTATO,31.94,83044.00,Kigoma Lake Hub,2023-10-02
GROUNDNUT,79.33,206258.00,Dar Es Salaam Wholesale,2023-10-02
GROUNDNUT,75.53,196378.00,Mwanza Central Hub,2023-10-02
GROUNDNUT,81.75,212550.00,Arusha North Hub,2023-10-02
GROUNDNUT,77.94,202644.00,Dodoma Wholesale Hub,2023-10-02
GROUNDNUT,74.12,192712.00,Mbeya Border Market,2023-10-02
GROUNDNUT,78.80,204880.00,Tanga Coastal Exchange,2023-10-02
GROUNDNUT,72.66,188916.00,Tabora Grain Yard,2023-10-02
GROUNDNUT,81.20,211120.00,Kigoma Lake Hub,2023-10-02
SUNFLOWER,55.74,144924.00,Dar Es Salaam Wholesale,2023-10-02
SUNFLOWER,52.97,137722.00,Mwanza Central Hub,2023-10-02
SUNFLOWER,57.23,148798.00,Arusha North Hub,2023-10-02
SUNFLOWER,54.47,141622.00,Dodoma Wholesale Hub,2023-10-02
SUNFLOWER,51.72,134472.00,Mbeya Border Market,2023-10-02
SUNFLOWER,54.90,142740.00,Tanga Coastal Exchange,2023-10-02
SUNFLOWER,50.54,131404.00,Tabora Grain Yard,2023-10-02
SUNFLOWER,56.40,146640.00,Kigoma Lake Hub,2023-10-02
COFFEE,76.72,199472.00,Dar Es Salaam Wholesale,2023-10-02
COFFEE,73.10,190060.00,Mwanza Central Hub,2023-10-02
COFFEE,79.17,205842.00,Arusha North Hub,2023-10-02
COFFEE,75.54,196404.00,Dodoma Wholesale Hub,2023-10-02
COFFEE,71.90,186940.00,Mbeya Border Market,2023-10-02
COFFEE,76.49,198874.00,Tanga Coastal Exchange,2023-10-02
COFFEE,70.58,183508.00,Tabora Grain Yard,2023-10-02
COFFEE,78.95,205270.00,Kigoma Lake Hub,2023-10-02
CASHEW,83.62,217412.00,Dar Es Salaam Wholesale,2023-10-02
CASHEW,79.44,206544.00,Mwanza Central Hub,2023-10-02
CASHEW,85.80,223080.00,Arusha North Hub,2023-10-02
CASHEW,81.63,212238.00,Dodoma Wholesale Hub,2023-10-02
CASHEW,77.47,201422.00,Mbeya Border Market,2023-10-02
CASHEW,82.19,213694.00,Tanga Coastal Exchange,2023-10-02
CASHEW,75.63,196638.00,Tabora Grain Yard,2023-10-02
CASHEW,84.35,219310.00,Kigoma Lake Hub,2023-10-02
COCONUT,70.85,184210.00,Dar Es Salaam Wholesale,2023-10-02
COCONUT,67.51,175526.00,Mwanza Central Hub,2023-10-02
COCONUT,73.14,190164.00,Arusha North Hub,2023-10-02
COCONUT,69.80,181480.00,Dodoma Wholesale Hub,2023-10-02
COCONUT,66.44,172744.00,Mbeya Border Market,2023-10-02
COCONUT,70.70,183820.00,Tanga Coastal Exchange,2023-10-02
COCONUT,65.26,169676.00,Tabora Grain Yard,2023-10-02
COCONUT,67.40,175240.00,Kigoma Lake Hub,2023-10-02
MAIZE,39.36,102336.00,Dar Es Salaam Wholesale,2023-10-09
MAIZE,37.39,97214.00,Mwanza Central Hub,2023-10-09
MAIZE,40.37,104962.00,Arusha North Hub,2023-10-09
MAIZE,38.40,99840.00,Dodoma Wholesale Hub,2023-10-09
MAIZE,39.48,102648.00,Mbeya Border Market,2023-10-09
MAIZE,41.89,108914.00,Tanga Coastal Exchange,2023-10-09
MAIZE,38.54,100204.00,Tabora Grain Yard,2023-10-09
MAIZE,42.99,111774.00,Kigoma Lake Hub,2023-10-09
RICE,56.90,147940.00,Dar Es Salaam Wholesale,2023-10-09
RICE,54.21,140946.00,Mwanza Central Hub,2023-10-09
RICE,58.73,152698.00,Arusha North Hub,2023-10-09
RICE,56.04,145704.00,Dodoma Wholesale Hub,2023-10-09
RICE,53.34,138684.00,Mbeya Border Market,2023-10-09
RICE,56.76,147576.00,Tanga Coastal Exchange,2023-10-09
RICE,52.39,136214.00,Tabora Grain Yard,2023-10-09
RICE,58.61,152386.00,Kigoma Lake Hub,2023-10-09
BEANS,64.48,167648.00,Dar Es Salaam Wholesale,2023-10-09
BEANS,61.27,159302.00,Mwanza Central Hub,2023-10-09
BEANS,66.19,172094.00,Arusha North Hub,2023-10-09
BEANS,62.99,163774.00,Dodoma Wholesale Hub,2023-10-09
BEANS,59.79,155454.00,Mbeya Border Market,2023-10-09
BEANS,63.45,164970.00,Tanga Coastal Exchange,2023-10-09
BEANS,58.39,151814.00,Tabora Grain Yard,2023-10-09
BEANS,65.14,169364.00,Kigoma Lake Hub,2023-10-09
WHEAT,41.93,109018.00,Dar Es Salaam Wholesale,2023-10-09
WHEAT,39.93,103818.00,Mwanza Central Hub,2023-10-09
WHEAT,43.23,112398.00,Arusha North Hub,2023-10-09
WHEAT,41.23,107198.00,Dodoma Wholesale Hub,2023-10-09
WHEAT,39.23,101998.00,Mbeya Border Market,2023-10-09
WHEAT,41.72,108472.00,Tanga Coastal Exchange,2023-10-09
WHEAT,38.49,100074.00,Tabora Grain Yard,2023-10-09
WHEAT,43.04,111904.00,Kigoma Lake Hub,2023-10-09
SORGHUM,38.08,99008.00,Dar Es Salaam Wholesale,2023-10-09
SORGHUM,36.22,94172.00,Mwanza Central Hub,2023-10-09
SORGHUM,39.15,101790.00,Arusha North Hub,2023-10-09
SORGHUM,37.29,96954.00,Dodoma Wholesale Hub,2023-10-09
SORGHUM,35.42,92092.00,Mbeya Border Market,2023-10-09
SORGHUM,37.62,97812.00,Tanga Coastal Exchange,2023-10-09
SORGHUM,34.65,90090.00,Tabora Grain Yard,2023-10-09
SORGHUM,38.68,100568.00,Kigoma Lake Hub,2023-10-09
CASSAVA,26.15,67990.00,Dar Es Salaam Wholesale,2023-10-09
CASSAVA,24.88,64688.00,Mwanza Central Hub,2023-10-09
CASSAVA,26.91,69966.00,Arusha North Hub,2023-10-09
CASSAVA,25.64,66664.00,Dodoma Wholesale Hub,2023-10-09
CASSAVA,24.37,63362.00,Mbeya Border Market,2023-10-09
CASSAVA,25.90,67340.00,Tanga Coastal Exchange,2023-10-09
CASSAVA,23.87,62062.00,Tabora Grain Yard,2023-10-09
CASSAVA,26.67,69342.00,Kigoma Lake Hub,2023-10-09
POTATO,33.82,87932.00,Dar Es Salaam Wholesale,2023-10-09
POTATO,32.19,83694.00,Mwanza Central Hub,2023-10-09
POTATO,34.83,90558.00,Arusha North Hub,2023-10-09
POTATO,33.21,86346.00,Dodoma Wholesale Hub,2023-10-09
POTATO,31.57,82082.00,Mbeya Border Market,2023-10-09
POTATO,33.56,87256.00,Tanga Coastal Exchange,2023-10-09
POTATO,30.94,80444.00,Tabora Grain Yard,2023-10-09
POTATO,34.57,89882.00,Kigoma Lake Hub,2023-10-09
GROUNDNUT,75.11,195286.00,Dar Es Salaam Wholesale,2023-10-09
GROUNDNUT,71.39,185614.00,Mwanza Central Hub,2023-10-09
GROUNDNUT,77.15,200590.00,Arusha North Hub,2023-10-09
GROUNDNUT,73.44,190944.00,Dodoma Wholesale Hub,2023-10-09
GROUNDNUT,69.74,181324.00,Mbeya Border Market,2023-10-09
GROUNDNUT,74.04,192504.00,Tanga Coastal Exchange,2023-10-09
GROUNDNUT,68.17,177242.00,Tabora Grain Yard,2023-10-09
GROUNDNUT,76.09,197834.00,Kigoma Lake Hub,2023-10-09
SUNFLOWER,57.13,148538.00,Dar Es Salaam Wholesale,2023-10-09
SUNFLOWER,54.42,141492.00,Mwanza Central Hub,2023-10-09
SUNFLOWER,58.94,153244.00,Arusha North Hub,2023-10-09
SUNFLOWER,56.23,146198.00,Dodoma Wholesale Hub,2023-10-09
SUNFLOWER,53.51,139126.00,Mbeya Border Market,2023-10-09
SUNFLOWER,56.92,147992.00,Tanga Coastal Exchange,2023-10-09
SUNFLOWER,52.52,136552.00,Tabora Grain Yard,2023-10-09
SUNFLOWER,58.73,152698.00,Kigoma Lake Hub,2023-10-09
COFFEE,78.12,203112.00,Dar Es Salaam Wholesale,2023-10-09
COFFEE,74.21,192946.00,Mwanza Central Hub,2023-10-09
COFFEE,80.15,208390.00,Arusha North Hub,2023-10-09
COFFEE,76.26,198276.00,Dodoma Wholesale Hub,2023-10-09
COFFEE,72.38,188188.00,Mbeya Border Market,2023-10-09
COFFEE,76.79,199654.00,Tanga Coastal Exchange,2023-10-09
COFFEE,70.67,183742.00,Tabora Grain Yard,2023-10-09
COFFEE,78.82,204932.00,Kigoma Lake Hub,2023-10-09
CASHEW,78.40,203840.00,Dar Es Salaam Wholesale,2023-10-09
CASHEW,74.72,194272.00,Mwanza Central Hub,2023-10-09
CASHEW,80.95,210470.00,Arusha North Hub,2023-10-09
CASHEW,77.26,200876.00,Dodoma Wholesale Hub,2023-10-09
CASHEW,73.56,191256.00,Mbeya Border Market,2023-10-09
CASHEW,78.28,203528.00,Tanga Coastal Exchange,2023-10-09
CASHEW,72.26,187876.00,Tabora Grain Yard,2023-10-09
CASHEW,80.85,210210.00,Kigoma Lake Hub,2023-10-09
COCONUT,67.69,175994.00,Dar Es Salaam Wholesale,2023-10-09
COCONUT,64.30,167180.00,Mwanza Central Hub,2023-10-09
COCONUT,69.44,180544.00,Arusha North Hub,2023-10-09
COCONUT,66.06,171756.00,Dodoma Wholesale Hub,2023-10-09
COCONUT,62.69,162994.00,Mbeya Border Market,2023-10-09
COCONUT,66.50,172900.00,Tanga Coastal Exchange,2023-10-09
COCONUT,61.19,159094.00,Tabora Grain Yard,2023-10-09
COCONUT,68.24,177424.00,Kigoma Lake Hub,2023-10-09
MAIZE,41.65,108290.00,Dar Es Salaam Wholesale,2023-10-16
MAIZE,39.69,103194.00,Mwanza Central Hub,2023-10-16
MAIZE,42.99,111774.00,Arusha North Hub,2023-10-16
MAIZE,41.02,106652.00,Dodoma Wholesale Hub,2023-10-16
MAIZE,39.05,101530.00,Mbeya Border Market,2023-10-16
MAIZE,41.56,108056.00,Tanga Coastal Exchange,2023-10-16
MAIZE,38.36,99736.00,Tabora Grain Yard,2023-10-16
MAIZE,42.91,111566.00,Kigoma Lake Hub,2023-10-16
RICE,56.43,146718.00,Dar Es Salaam Wholesale,2023-10-16
RICE,53.61,139386.00,Mwanza Central Hub,2023-10-16
RICE,57.91,150566.00,Arusha North Hub,2023-10-16
RICE,55.10,143260.00,Dodoma Wholesale Hub,2023-10-16
RICE,52.30,135980.00,Mbeya Border Market,2023-10-16
RICE,55.49,144274.00,Tanga Coastal Exchange,2023-10-16
RICE,51.06,132756.00,Tabora Grain Yard,2023-10-16
RICE,56.96,148096.00,Kigoma Lake Hub,2023-10-16
BEANS,62.56,162656.00,Dar Es Salaam Wholesale,2023-10-16
BEANS,59.58,154908.00,Mwanza Central Hub,2023-10-16
BEANS,64.52,167752.00,Arusha North Hub,2023-10-16
BEANS,61.54,160004.00,Dodoma Wholesale Hub,2023-10-16
BEANS,58.56,152256.00,Mbeya Border Market,2023-10-16
BEANS,62.30,161980.00,Tanga Coastal Exchange,2023-10-16
BEANS,57.48,149448.00,Tabora Grain Yard,2023-10-16
BEANS,64.28,167128.00,Kigoma Lake Hub,2023-10-16
WHEAT,44.55,115830.00,Dar Es Salaam Wholesale,2023-10-16
WHEAT,42.36,110136.00,Mwanza Central Hub,2023-10-16
WHEAT,45.79,119054.00,Arusha North Hub,2023-10-16
WHEAT,43.60,113360.00,Dodoma Wholesale Hub,2023-10-16
WHEAT,41.41,107666.00,Mbeya Border Market,2023-10-16
WHEAT,43.97,114322.00,Tanga Coastal Exchange,2023-10-16
WHEAT,40.49,105274.00,Tabora Grain Yard,2023-10-16
WHEAT,45.19,117494.00,Kigoma Lake Hub,2023-10-16
SORGHUM,35.29,91754.00,Dar Es Salaam Wholesale,2023-10-16
SORGHUM,33.59,87334.00,Mwanza Central Hub,2023-10-16
SORGHUM,36.34,94484.00,Arusha North Hub,2023-10-16
SORGHUM,34.63,90038.00,Dodoma Wholesale Hub,2023-10-16
SORGHUM,32.93,85618.00,Mbeya Border Market,2023-10-16
SORGHUM,34.99,90974.00,Tanga Coastal Exchange,2023-10-16
SORGHUM,32.26,83876.00,Tabora Grain Yard,2023-10-16
SORGHUM,36.05,93730.00,Kigoma Lake Hub,2023-10-16
CASSAVA,28.30,73580.00,Dar Es Salaam Wholesale,2023-10-16
CASSAVA,26.94,70044.00,Mwanza Central Hub,2023-10-16
CASSAVA,29.14,75764.00,Arusha North Hub,2023-10-16
CASSAVA,27.77,72202.00,Dodoma Wholesale Hub,2023-10-16
CASSAVA,26.40,68640.00,Mbeya Border Market,2023-10-16
CASSAVA,28.06,72956.00,Tanga Coastal Exchange,2023-10-16
CASSAVA,25.86,67236.00,Tabora Grain Yard,2023-10-16
CASSAVA,28.89,75114.00,Kigoma Lake Hub,2023-10-16
POTATO,31.71,82446.00,Dar Es Salaam Wholesale,2023-10-16
POTATO,30.15,78390.00,Mwanza Central Hub,2023-10-16
POTATO,32.58,84708.00,Arusha North Hub,2023-10-16
POTATO,31.02,80652.00,Dodoma Wholesale Hub,2023-10-16
POTATO,29.47,76622.00,Mbeya Border Market,2023-10-16
POTATO,31.29,81354.00,Tanga Coastal Exchange,2023-10-16
POTATO,28.81,74906.00,Tabora Grain Yard,2023-10-16
POTATO,32.17,83642.00,Kigoma Lake Hub,2023-10-16
GROUNDNUT,78.13,203138.00,Dar Es Salaam Wholesale,2023-10-16
GROUNDNUT,74.42,193492.00,Mwanza Central Hub,2023-10-16
GROUNDNUT,80.58,209508.00,Arusha North Hub,2023-10-16
GROUNDNUT,76.87,199862.00,Dodoma Wholesale Hub,2023-10-16
GROUNDNUT,73.14,190164.00,Mbeya Border Market,2023-10-16
GROUNDNUT,77.79,202254.00,Tanga Coastal Exchange,2023-10-16
GROUNDNUT,71.76,186576.00,Tabora Grain Yard,2023-10-16
GROUNDNUT,80.24,208624.00,Kigoma Lake Hub,2023-10-16
SUNFLOWER,57.12,148512.00,Dar Es Salaam Wholesale,2023-10-16
SUNFLOWER,54.27,141102.00,Mwanza Central Hub,2023-10-16
SUNFLOWER,58.61,152386.00,Arusha North Hub,2023-10-16
SUNFLOWER,55.77,145002.00,Dodoma Wholesale Hub,2023-10-16
SUNFLOWER,52.94,137644.00,Mbeya Border Market,2023-10-16
SUNFLOWER,56.17,146042.00,Tanga Coastal Exchange,2023-10-16
SUNFLOWER,51.69,134394.00,Tabora Grain Yard,2023-10-16
SUNFLOWER,57.66,149916.00,Kigoma Lake Hub,2023-10-16
COFFEE,74.75,194350.00,Dar Es Salaam Wholesale,2023-10-16
COFFEE,71.24,185224.00,Mwanza Central Hub,2023-10-16
COFFEE,77.18,200668.00,Arusha North Hub,2023-10-16
COFFEE,73.65,191490.00,Dodoma Wholesale Hub,2023-10-16
COFFEE,70.12,182312.00,Mbeya Border Market,2023-10-16
COFFEE,74.62,194012.00,Tanga Coastal Exchange,2023-10-16
COFFEE,68.88,179088.00,Tabora Grain Yard,2023-10-16
COFFEE,77.06,200356.00,Kigoma Lake Hub,2023-10-16
CASHEW,79.51,206726.00,Dar Es Salaam Wholesale,2023-10-16
CASHEW,75.53,196378.00,Mwanza Central Hub,2023-10-16
CASHEW,81.56,212056.00,Arusha North Hub,2023-10-16
CASHEW,77.59,201734.00,Dodoma Wholesale Hub,2023-10-16
CASHEW,73.63,191438.00,Mbeya Border Market,2023-10-16
CASHEW,78.10,203060.00,Tanga Coastal Exchange,2023-10-16
CASHEW,71.86,186836.00,Tabora Grain Yard,2023-10-16
CASHEW,80.13,208338.00,Kigoma Lake Hub,2023-10-16
COCONUT,69.09,179634.00,Dar Es Salaam Wholesale,2023-10-16
COCONUT,65.82,171132.00,Mwanza Central Hub,2023-10-16
COCONUT,71.30,185380.00,Arusha North Hub,2023-10-16
COCONUT,68.03,176878.00,Dodoma Wholesale Hub,2023-10-16
COCONUT,64.76,168376.00,Mbeya Border Market,2023-10-16
COCONUT,68.91,179166.00,Tanga Coastal Exchange,2023-10-16
COCONUT,63.60,165360.00,Tabora Grain Yard,2023-10-16
COCONUT,71.14,184964.00,Kigoma Lake Hub,2023-10-16
MAIZE,40.53,105378.00,Dar Es Salaam Wholesale,2023-10-23
MAIZE,38.51,100126.00,Mwanza Central Hub,2023-10-23
MAIZE,41.59,108134.00,Arusha North Hub,2023-10-23
MAIZE,39.57,102882.00,Dodoma Wholesale Hub,2023-10-23
MAIZE,37.55,97630.00,Mbeya Border Market,2023-10-23
MAIZE,39.84,103584.00,Tanga Coastal Exchange,2023-10-23
MAIZE,36.66,95316.00,Tabora Grain Yard,2023-10-23
MAIZE,40.88,106288.00,Kigoma Lake Hub,2023-10-23
RICE,55.61,144586.00,Dar Es Salaam Wholesale,2023-10-23
RICE,52.98,137748.00,Mwanza Central Hub,2023-10-23
RICE,57.37,149162.00,Arusha North Hub,2023-10-23
RICE,54.74,142324.00,Dodoma Wholesale Hub,2023-10-23
RICE,52.09,135434.00,Mbeya Border Market,2023-10-23
RICE,55.42,144092.00,Tanga Coastal Exchange,2023-10-23
RICE,51.14,132964.00,Tabora Grain Yard,2023-10-23
RICE,57.20,148720.00,Kigoma Lake Hub,2023-10-23
BEANS,65.75,170950.00,Dar Es Salaam Wholesale,2023-10-23
BEANS,62.50,162500.00,Mwanza Central Hub,2023-10-23
BEANS,67.55,175630.00,Arusha North Hub,2023-10-23
BEANS,64.31,167206.00,Dodoma Wholesale Hub,2023-10-23
BEANS,61.07,158782.00,Mbeya Border Market,2023-10-23
BEANS,64.83,168558.00,Tanga Coastal Exchange,2023-10-23
BEANS,59.69,155194.00,Tabora Grain Yard,2023-10-23
BEANS,66.61,173186.00,Kigoma Lake Hub,2023-10-23
WHEAT,41.50,107900.00,Dar Es Salaam Wholesale,2023-10-23
WHEAT,39.50,102700.00,Mwanza Central Hub,2023-10-23
WHEAT,42.74,111124.00,Arusha North Hub,2023-10-23
WHEAT,40.75,105950.00,Dodoma Wholesale Hub,2023-10-23
WHEAT,38.75,100750.00,Mbeya Border Market,2023-10-23
WHEAT,41.19,107094.00,Tanga Coastal Exchange,2023-10-23
WHEAT,37.98,98748.00,Tabora Grain Yard,2023-10-23
WHEAT,42.45,110370.00,Kigoma Lake Hub,2023-10-23
SORGHUM,38.24,99424.00,Dar Es Salaam Wholesale,2023-10-23
SORGHUM,36.38,94588.00,Mwanza Central Hub,2023-10-23
SORGHUM,39.36,102336.00,Arusha North Hub,2023-10-23
SORGHUM,37.50,97500.00,Dodoma Wholesale Hub,2023-10-23
SORGHUM,35.64,92664.00,Mbeya Border Market,2023-10-23
SORGHUM,37.87,98462.00,Tanga Coastal Exchange,2023-10-23
SORGHUM,34.90,90740.00,Tabora Grain Yard,2023-10-23
SORGHUM,38.98,101348.00,Kigoma Lake Hub,2023-10-23
CASSAVA,26.34,68484.00,Dar Es Salaam Wholesale,2023-10-23
CASSAVA,25.05,65130.00,Mwanza Central Hub,2023-10-23
CASSAVA,27.08,70408.00,Arusha North Hub,2023-10-23
CASSAVA,25.79,67054.00,Dodoma Wholesale Hub,2023-10-23
CASSAVA,24.50,63700.00,Mbeya Border Market,2023-10-23
CASSAVA,26.02,67652.00,Tanga Coastal Exchange,2023-10-23
CASSAVA,23.97,62322.00,Tabora Grain Yard,2023-10-23
CASSAVA,26.76,69576.00,Kigoma Lake Hub,2023-10-23
POTATO,33.41,86866.00,Dar Es Salaam Wholesale,2023-10-23
POTATO,31.82,82732.00,Mwanza Central Hub,2023-10-23
POTATO,34.45,89570.00,Arusha North Hub,2023-10-23
POTATO,32.85,85410.00,Dodoma Wholesale Hub,2023-10-23
POTATO,31.25,81250.00,Mbeya Border Market,2023-10-23
POTATO,33.24,86424.00,Tanga Coastal Exchange,2023-10-23
POTATO,30.66,79716.00,Tabora Grain Yard,2023-10-23
POTATO,34.27,89102.00,Kigoma Lake Hub,2023-10-23
GROUNDNUT,76.80,199680.00,Dar Es Salaam Wholesale,2023-10-23
GROUNDNUT,72.97,189722.00,Mwanza Central Hub,2023-10-23
GROUNDNUT,78.83,204958.00,Arusha North Hub,2023-10-23
GROUNDNUT,75.01,195026.00,Dodoma Wholesale Hub,2023-10-23
GROUNDNUT,71.21,185146.00,Mbeya Border Market,2023-10-23
GROUNDNUT,75.56,196456.00,Tanga Coastal Exchange,2023-10-23
GROUNDNUT,69.55,180830.00,Tabora Grain Yard,2023-10-23
GROUNDNUT,77.59,201734.00,Kigoma Lake Hub,2023-10-23
SUNFLOWER,55.75,144950.00,Dar Es Salaam Wholesale,2023-10-23
SUNFLOWER,53.13,138138.00,Mwanza Central Hub,2023-10-23
SUNFLOWER,57.55,149630.00,Arusha North Hub,2023-10-23
SUNFLOWER,54.92,142792.00,Dodoma Wholesale Hub,2023-10-23
SUNFLOWER,52.28,135928.00,Mbeya Border Market,2023-10-23
SUNFLOWER,55.64,144664.00,Tanga Coastal Exchange,2023-10-23
SUNFLOWER,51.35,133510.00,Tabora Grain Yard,2023-10-23
SUNFLOWER,57.44,149344.00,Kigoma Lake Hub,2023-10-23
COFFEE,74.21,192946.00,Dar Es Salaam Wholesale,2023-10-23
COFFEE,70.49,183274.00,Mwanza Central Hub,2023-10-23
COFFEE,76.12,197912.00,Arusha North Hub,2023-10-23
COFFEE,78.46,203996.00,Dodoma Wholesale Hub,2023-10-23
COFFEE,74.46,193596.00,Mbeya Border Market,2023-10-23
COFFEE,78.99,205374.00,Tanga Coastal Exchange,2023-10-23
COFFEE,72.68,188968.00,Tabora Grain Yard,2023-10-23
COFFEE,81.06,210756.00,Kigoma Lake Hub,2023-10-23
CASHEW,82.77,215202.00,Dar Es Salaam Wholesale,2023-10-23
CASHEW,78.87,205062.00,Mwanza Central Hub,2023-10-23
CASHEW,85.43,222118.00,Arusha North Hub,2023-10-23
CASHEW,81.52,211952.00,Dodoma Wholesale Hub,2023-10-23
CASHEW,77.60,201760.00,Mbeya Border Market,2023-10-23
CASHEW,82.58,214708.00,Tanga Coastal Exchange,2023-10-23
CASHEW,76.22,198172.00,Tabora Grain Yard,2023-10-23
CASHEW,85.26,221676.00,Kigoma Lake Hub,2023-10-23
COCONUT,69.51,180726.00,Dar Es Salaam Wholesale,2023-10-23
COCONUT,66.05,171730.00,Mwanza Central Hub,2023-10-23
COCONUT,71.35,185510.00,Arusha North Hub,2023-10-23
COCONUT,67.90,176540.00,Dodoma Wholesale Hub,2023-10-23
COCONUT,64.45,167570.00,Mbeya Border Market,2023-10-23
COCONUT,68.39,177814.00,Tanga Coastal Exchange,2023-10-23
COCONUT,62.94,163644.00,Tabora Grain Yard,2023-10-23
COCONUT,70.20,182520.00,Kigoma Lake Hub,2023-10-23
MAIZE,40.65,105690.00,Dar Es Salaam Wholesale,2023-10-30
MAIZE,38.73,100698.00,Mwanza Central Hub,2023-10-30
MAIZE,41.94,109044.00,Arusha North Hub,2023-10-30
MAIZE,40.02,104052.00,Dodoma Wholesale Hub,2023-10-30
MAIZE,38.09,99034.00,Mbeya Border Market,2023-10-30
MAIZE,40.53,105378.00,Tanga Coastal Exchange,2023-10-30
MAIZE,37.40,97240.00,Tabora Grain Yard,2023-10-30
MAIZE,41.84,108784.00,Kigoma Lake Hub,2023-10-30
RICE,57.69,149994.00,Dar Es Salaam Wholesale,2023-10-30
RICE,54.84,142584.00,Mwanza Central Hub,2023-10-30
RICE,59.26,154076.00,Arusha North Hub,2023-10-30
RICE,56.40,146640.00,Dodoma Wholesale Hub,2023-10-30
RICE,53.55,139230.00,Mbeya Border Market,2023-10-30
RICE,56.84,147784.00,Tanga Coastal Exchange,2023-10-30
RICE,52.33,136058.00,Tabora Grain Yard,2023-10-30
RICE,58.38,151788.00,Kigoma Lake Hub,2023-10-30
BEANS,61.72,160472.00,Dar Es Salaam Wholesale,2023-10-30
BEANS,58.76,152776.00,Mwanza Central Hub,2023-10-30
BEANS,63.59,165334.00,Arusha North Hub,2023-10-30
BEANS,60.63,157638.00,Dodoma Wholesale Hub,2023-10-30
BEANS,57.67,149942.00,Mbeya Border Market,2023-10-30
BEANS,61.32,159432.00,Tanga Coastal Exchange,2023-10-30
BEANS,56.55,147030.00,Tabora Grain Yard,2023-10-30
BEANS,63.22,164372.00,Kigoma Lake Hub,2023-10-30
WHEAT,44.89,116714.00,Dar Es Salaam Wholesale,2023-10-30
WHEAT,42.70,111020.00,Mwanza Central Hub,2023-10-30
WHEAT,46.18,120068.00,Arusha North Hub,2023-10-30
WHEAT,44.00,114400.00,Dodoma Wholesale Hub,2023-10-30
WHEAT,41.81,108706.00,Mbeya Border Market,2023-10-30
WHEAT,44.42,115492.00,Tanga Coastal Exchange,2023-10-30
WHEAT,40.92,106392.00,Tabora Grain Yard,2023-10-30
WHEAT,45.70,118820.00,Kigoma Lake Hub,2023-10-30
SORGHUM,35.42,92092.00,Dar Es Salaam Wholesale,2023-10-30
SORGHUM,33.69,87594.00,Mwanza Central Hub,2023-10-30
SORGHUM,36.42,94692.00,Arusha North Hub,2023-10-30
SORGHUM,34.69,90194.00,Dodoma Wholesale Hub,2023-10-30
SORGHUM,32.97,85722.00,Mbeya Border Market,2023-10-30
SORGHUM,35.02,91052.00,Tanga Coastal Exchange,2023-10-30
SORGHUM,32.26,83876.00,Tabora Grain Yard,2023-10-30
SORGHUM,36.03,93678.00,Kigoma Lake Hub,2023-10-30
CASSAVA,28.05,72930.00,Dar Es Salaam Wholesale,2023-10-30
CASSAVA,26.71,69446.00,Mwanza Central Hub,2023-10-30
CASSAVA,28.91,75166.00,Arusha North Hub,2023-10-30
CASSAVA,27.57,71682.00,Dodoma Wholesale Hub,2023-10-30
CASSAVA,26.22,68172.00,Mbeya Border Market,2023-10-30
CASSAVA,27.88,72488.00,Tanga Coastal Exchange,2023-10-30
CASSAVA,25.71,66846.00,Tabora Grain Yard,2023-10-30
CASSAVA,28.74,74724.00,Kigoma Lake Hub,2023-10-30
POTATO,32.34,84084.00,Dar Es Salaam Wholesale,2023-10-30
POTATO,30.73,79898.00,Mwanza Central Hub,2023-10-30
POTATO,33.20,86320.00,Arusha North Hub,2023-10-30
POTATO,31.60,82160.00,Dodoma Wholesale Hub,2023-10-30
POTATO,30.00,78000.00,Mbeya Border Market,2023-10-30
POTATO,31.84,82784.00,Tanga Coastal Exchange,2023-10-30
POTATO,29.31,76206.00,Tabora Grain Yard,2023-10-30
POTATO,32.70,85020.00,Kigoma Lake Hub,2023-10-30
GROUNDNUT,76.40,198640.00,Dar Es Salaam Wholesale,2023-10-30
GROUNDNUT,72.80,189280.00,Mwanza Central Hub,2023-10-30
GROUNDNUT,78.86,205036.00,Arusha North Hub,2023-10-30
GROUNDNUT,75.24,195624.00,Dodoma Wholesale Hub,2023-10-30
GROUNDNUT,71.62,186212.00,Mbeya Border Market,2023-10-30
GROUNDNUT,76.21,198146.00,Tanga Coastal Exchange,2023-10-30
GROUNDNUT,70.33,182858.00,Tabora Grain Yard,2023-10-30
GROUNDNUT,78.67,204542.00,Kigoma Lake Hub,2023-10-30
SUNFLOWER,58.74,152724.00,Dar Es Salaam Wholesale,2023-10-30
SUNFLOWER,55.81,145106.00,Mwanza Central Hub,2023-10-30
SUNFLOWER,60.27,156702.00,Arusha North Hub,2023-10-30
SUNFLOWER,57.34,149084.00,Dodoma Wholesale Hub,2023-10-30
SUNFLOWER,54.42,141492.00,Mbeya Border Market,2023-10-30
SUNFLOWER,57.73,150098.00,Tanga Coastal Exchange,2023-10-30
SUNFLOWER,53.12,138112.00,Tabora Grain Yard,2023-10-30
SUNFLOWER,59.25,154050.00,Kigoma Lake Hub,2023-10-30
COFFEE,78.84,204984.00,Dar Es Salaam Wholesale,2023-10-30
COFFEE,75.13,195338.00,Mwanza Central Hub,2023-10-30
COFFEE,81.38,211588.00,Arusha North Hub,2023-10-30
COFFEE,77.66,201916.00,Dodoma Wholesale Hub,2023-10-30
COFFEE,73.93,192218.00,Mbeya Border Market,2023-10-30
COFFEE,78.67,204542.00,Tanga Coastal Exchange,2023-10-30
COFFEE,72.61,188786.00,Tabora Grain Yard,2023-10-30
COFFEE,81.24,211224.00,Kigoma Lake Hub,2023-10-30
CASHEW,81.79,212654.00,Dar Es Salaam Wholesale,2023-10-30
CASHEW,77.71,202046.00,Mwanza Central Hub,2023-10-30
CASHEW,83.94,218244.00,Arusha North Hub,2023-10-30
CASHEW,79.87,207662.00,Dodoma Wholesale Hub,2023-10-30
CASHEW,75.80,197080.00,Mbeya Border Market,2023-10-30
CASHEW,80.42,209092.00,Tanga Coastal Exchange,2023-10-30
CASHEW,74.01,192426.00,Tabora Grain Yard,2023-10-30
CASHEW,82.55,214630.00,Kigoma Lake Hub,2023-10-30
COCONUT,67.63,175838.00,Dar Es Salaam Wholesale,2023-10-30
COCONUT,64.42,167492.00,Mwanza Central Hub,2023-10-30
COCONUT,69.76,181376.00,Arusha North Hub,2023-10-30
COCONUT,66.54,173004.00,Dodoma Wholesale Hub,2023-10-30
COCONUT,63.32,164632.00,Mbeya Border Market,2023-10-30
COCONUT,67.36,175136.00,Tanga Coastal Exchange,2023-10-30
COCONUT,62.15,161590.00,Tabora Grain Yard,2023-10-30
COCONUT,69.51,180726.00,Kigoma Lake Hub,2023-10-30
MAIZE,42.02,109252.00,Dar Es Salaam Wholesale,2023-11-06
MAIZE,39.94,103844.00,Mwanza Central Hub,2023-11-06
MAIZE,43.15,112190.00,Arusha North Hub,2023-11-06
MAIZE,41.07,106782.00,Dodoma Wholesale Hub,2023-11-06
MAIZE,38.99,101374.00,Mbeya Border Market,2023-11-06
MAIZE,41.37,107562.00,Tanga Coastal Exchange,2023-11-06
MAIZE,38.08,99008.00,Tabora Grain Yard,2023-11-06
MAIZE,42.48,110448.00,Kigoma Lake Hub,2023-11-06
RICE,56.43,146718.00,Dar Es Salaam Wholesale,2023-11-06
RICE,53.73,139698.00,Mwanza Central Hub,2023-11-06
RICE,58.16,151216.00,Arusha North Hub,2023-11-06
RICE,55.46,144196.00,Dodoma Wholesale Hub,2023-11-06
RICE,52.76,137176.00,Mbeya Border Market,2023-11-06
RICE,56.11,145886.00,Tanga Coastal Exchange,2023-11-06
RICE,51.76,134576.00,Tabora Grain Yard,2023-11-06
RICE,57.87,150462.00,Kigoma Lake Hub,2023-11-06
BEANS,69.24,180024.00,Dar Es Salaam Wholesale,2023-11-06
BEANS,65.86,171236.00,Mwanza Central Hub,2023-11-06
BEANS,71.21,185146.00,Arusha North Hub,2023-11-06
BEANS,67.83,176358.00,Dodoma Wholesale Hub,2023-11-06
BEANS,64.45,167570.00,Mbeya Border Market,2023-11-06
BEANS,68.45,177970.00,Tanga Coastal Exchange,2023-11-06
BEANS,63.05,163930.00,Tabora Grain Yard,2023-11-06
BEANS,70.40,183040.00,Kigoma Lake Hub,2023-11-06
WHEAT,43.15,112190.00,Dar Es Salaam Wholesale,2023-11-06
WHEAT,41.05,106730.00,Mwanza Central Hub,2023-11-06
WHEAT,44.39,115414.00,Arusha North Hub,2023-11-06
WHEAT,42.29,109954.00,Dodoma Wholesale Hub,2023-11-06
WHEAT,40.20,104520.00,Mbeya Border Market,2023-11-06
WHEAT,42.71,111046.00,Tanga Coastal Exchange,2023-11-06
WHEAT,39.36,102336.00,Tabora Grain Yard,2023-11-06
WHEAT,43.96,114296.00,Kigoma Lake Hub,2023-11-06
SORGHUM,39.09,101634.00,Dar Es Salaam Wholesale,2023-11-06
SORGHUM,37.22,96772.00,Mwanza Central Hub,2023-11-06
SORGHUM,40.28,104728.00,Arusha North Hub,2023-11-06
SORGHUM,38.40,99840.00,Dodoma Wholesale Hub,2023-11-06
SORGHUM,36.52,94952.00,Mbeya Border Market,2023-11-06
SORGHUM,38.83,100958.00,Tanga Coastal Exchange,2023-11-06
SORGHUM,35.80,93080.00,Tabora Grain Yard,2023-11-06
SORGHUM,40.01,104026.00,Kigoma Lake Hub,2023-11-06
CASSAVA,27.06,70356.00,Dar Es Salaam Wholesale,2023-11-06
CASSAVA,25.72,66872.00,Mwanza Central Hub,2023-11-06
CASSAVA,27.79,72254.00,Arusha North Hub,2023-11-06
CASSAVA,26.45,68770.00,Dodoma Wholesale Hub,2023-11-06
CASSAVA,25.11,65286.00,Mbeya Border Market,2023-11-06
CASSAVA,26.66,69316.00,Tanga Coastal Exchange,2023-11-06
CASSAVA,24.54,63804.00,Tabora Grain Yard,2023-11-06
CASSAVA,27.39,71214.00,Kigoma Lake Hub,2023-11-06
POTATO,32.42,84292.00,Dar Es Salaam Wholesale,2023-11-06
POTATO,30.89,80314.00,Mwanza Central Hub,2023-11-06
POTATO,33.46,86996.00,Arusha North Hub,2023-11-06
POTATO,31.92,82992.00,Dodoma Wholesale Hub,2023-11-06
POTATO,30.38,78988.00,Mbeya Border Market,2023-11-06
POTATO,32.32,84032.00,Tanga Coastal Exchange,2023-11-06
POTATO,29.82,77532.00,Tabora Grain Yard,2023-11-06
POTATO,33.35,86710.00,Kigoma Lake Hub,2023-11-06
GROUNDNUT,76.75,199550.00,Dar Es Salaam Wholesale,2023-11-06
GROUNDNUT,72.92,189592.00,Mwanza Central Hub,2023-11-06
GROUNDNUT,78.75,204750.00,Arusha North Hub,2023-11-06
GROUNDNUT,74.92,194792.00,Dodoma Wholesale Hub,2023-11-06
GROUNDNUT,71.11,184886.00,Mbeya Border Market,2023-11-06
GROUNDNUT,75.44,196144.00,Tanga Coastal Exchange,2023-11-06
GROUNDNUT,69.42,180492.00,Tabora Grain Yard,2023-11-06
GROUNDNUT,77.43,201318.00,Kigoma Lake Hub,2023-11-06
SUNFLOWER,56.52,146952.00,Dar Es Salaam Wholesale,2023-11-06
SUNFLOWER,53.86,140036.00,Mwanza Central Hub,2023-11-06
SUNFLOWER,58.34,151684.00,Arusha North Hub,2023-11-06
SUNFLOWER,55.67,144742.00,Dodoma Wholesale Hub,2023-11-06
SUNFLOWER,53.00,137800.00,Mbeya Border Market,2023-11-06
SUNFLOWER,52.06,135356.00,Tanga Coastal Exchange,2023-11-06
SUNFLOWER,48.06,124956.00,Tabora Grain Yard,2023-11-06
SUNFLOWER,53.77,139802.00,Kigoma Lake Hub,2023-11-06
COFFEE,73.38,190788.00,Dar Es Salaam Wholesale,2023-11-06
COFFEE,69.72,181272.00,Mwanza Central Hub,2023-11-06
COFFEE,75.30,195780.00,Arusha North Hub,2023-11-06
COFFEE,71.63,186238.00,Dodoma Wholesale Hub,2023-11-06
COFFEE,67.98,176748.00,Mbeya Border Market,2023-11-06
COFFEE,72.12,187512.00,Tanga Coastal Exchange,2023-11-06
COFFEE,66.36,172536.00,Tabora Grain Yard,2023-11-06
COFFEE,74.01,192426.00,Kigoma Lake Hub,2023-11-06
CASHEW,78.41,203866.00,Dar Es Salaam Wholesale,2023-11-06
CASHEW,74.69,194194.00,Mwanza Central Hub,2023-11-06
CASHEW,80.89,210314.00,Arusha North Hub,2023-11-06
CASHEW,77.18,200668.00,Dodoma Wholesale Hub,2023-11-06
CASHEW,73.45,190970.00,Mbeya Border Market,2023-11-06
CASHEW,78.14,203164.00,Tanga Coastal Exchange,2023-11-06
CASHEW,72.11,187486.00,Tabora Grain Yard,2023-11-06
CASHEW,80.66,209716.00,Kigoma Lake Hub,2023-11-06
COCONUT,70.10,182260.00,Dar Es Salaam Wholesale,2023-11-06
COCONUT,66.64,173264.00,Mwanza Central Hub,2023-11-06
COCONUT,72.01,187226.00,Arusha North Hub,2023-11-06
COCONUT,68.56,178256.00,Dodoma Wholesale Hub,2023-11-06
COCONUT,65.10,169260.00,Mbeya Border Market,2023-11-06
COCONUT,69.11,179686.00,Tanga Coastal Exchange,2023-11-06
COCONUT,63.63,165438.00,Tabora Grain Yard,2023-11-06
COCONUT,71.00,184600.00,Kigoma Lake Hub,2023-11-06
MAIZE,40.34,104884.00,Dar Es Salaam Wholesale,2023-11-13
MAIZE,38.42,99892.00,Mwanza Central Hub,2023-11-13
MAIZE,41.60,108160.00,Arusha North Hub,2023-11-13
MAIZE,39.68,103168.00,Dodoma Wholesale Hub,2023-11-13
MAIZE,37.75,98150.00,Mbeya Border Market,2023-11-13
MAIZE,40.15,104390.00,Tanga Coastal Exchange,2023-11-13
MAIZE,37.04,96304.00,Tabora Grain Yard,2023-11-13
MAIZE,41.42,107692.00,Kigoma Lake Hub,2023-11-13
RICE,60.36,156936.00,Dar Es Salaam Wholesale,2023-11-13
RICE,57.40,149240.00,Mwanza Central Hub,2023-11-13
RICE,62.05,161330.00,Arusha North Hub,2023-11-13
RICE,59.09,153634.00,Dodoma Wholesale Hub,2023-11-13
RICE,56.14,145964.00,Mbeya Border Market,2023-11-13
RICE,59.61,154986.00,Tanga Coastal Exchange,2023-11-13
RICE,54.90,142740.00,Tabora Grain Yard,2023-11-13
RICE,61.28,159328.00,Kigoma Lake Hub,2023-11-13
BEANS,64.03,166478.00,Dar Es Salaam Wholesale,2023-11-13
BEANS,60.93,158418.00,Mwanza Central Hub,2023-11-13
BEANS,65.91,171366.00,Arusha North Hub,2023-11-13
BEANS,62.80,163280.00,Dodoma Wholesale Hub,2023-11-13
BEANS,59.70,155220.00,Mbeya Border Market,2023-11-13
BEANS,63.44,164944.00,Tanga Coastal Exchange,2023-11-13
BEANS,58.48,152048.00,Tabora Grain Yard,2023-11-13
BEANS,65.33,169858.00,Kigoma Lake Hub,2023-11-13
WHEAT,46.58,121108.00,Dar Es Salaam Wholesale,2023-11-13
WHEAT,44.34,115284.00,Mwanza Central Hub,2023-11-13
WHEAT,47.98,124748.00,Arusha North Hub,2023-11-13
WHEAT,45.74,118924.00,Dodoma Wholesale Hub,2023-11-13
WHEAT,43.49,113074.00,Mbeya Border Market,2023-11-13
WHEAT,46.22,120172.00,Tanga Coastal Exchange,2023-11-13
WHEAT,42.61,110786.00,Tabora Grain Yard,2023-11-13
WHEAT,47.61,123786.00,Kigoma Lake Hub,2023-11-13
SORGHUM,36.92,95992.00,Dar Es Salaam Wholesale,2023-11-13
SORGHUM,35.09,91234.00,Mwanza Central Hub,2023-11-13
SORGHUM,37.92,98592.00,Arusha North Hub,2023-11-13
SORGHUM,36.10,93860.00,Dodoma Wholesale Hub,2023-11-13
SORGHUM,34.29,89154.00,Mbeya Border Market,2023-11-13
SORGHUM,36.40,94640.00,Tanga Coastal Exchange,2023-11-13
SORGHUM,33.52,87152.00,Tabora Grain Yard,2023-11-13
SORGHUM,37.41,97266.00,Kigoma Lake Hub,2023-11-13
CASSAVA,27.84,72384.00,Dar Es Salaam Wholesale,2023-11-13
CASSAVA,26.52,68952.00,Mwanza Central Hub,2023-11-13
CASSAVA,28.72,74672.00,Arusha North Hub,2023-11-13
CASSAVA,27.40,71240.00,Dodoma Wholesale Hub,2023-11-13
CASSAVA,26.08,67808.00,Mbeya Border Market,2023-11-13
CASSAVA,27.74,72124.00,Tanga Coastal Exchange,2023-11-13
CASSAVA,25.59,66534.00,Tabora Grain Yard,2023-11-13
CASSAVA,28.62,74412.00,Kigoma Lake Hub,2023-11-13
POTATO,32.86,85436.00,Dar Es Salaam Wholesale,2023-11-13
POTATO,31.22,81172.00,Mwanza Central Hub,2023-11-13
POTATO,33.71,87646.00,Arusha North Hub,2023-11-13
POTATO,32.08,83408.00,Dodoma Wholesale Hub,2023-11-13
POTATO,30.44,79144.00,Mbeya Border Market,2023-11-13
POTATO,32.30,83980.00,Tanga Coastal Exchange,2023-11-13
POTATO,29.73,77298.00,Tabora Grain Yard,2023-11-13
POTATO,33.16,86216.00,Kigoma Lake Hub,2023-11-13
GROUNDNUT,72.33,188058.00,Dar Es Salaam Wholesale,2023-11-13
GROUNDNUT,68.94,179244.00,Mwanza Central Hub,2023-11-13
GROUNDNUT,74.69,194194.00,Arusha North Hub,2023-11-13
GROUNDNUT,71.28,185328.00,Dodoma Wholesale Hub,2023-11-13
GROUNDNUT,67.86,176436.00,Mbeya Border Market,2023-11-13
GROUNDNUT,72.22,187772.00,Tanga Coastal Exchange,2023-11-13
GROUNDNUT,66.66,173316.00,Tabora Grain Yard,2023-11-13
GROUNDNUT,74.59,193934.00,Kigoma Lake Hub,2023-11-13
SUNFLOWER,53.72,139672.00,Dar Es Salaam Wholesale,2023-11-13
SUNFLOWER,51.03,132678.00,Mwanza Central Hub,2023-11-13
SUNFLOWER,55.11,143286.00,Arusha North Hub,2023-11-13
SUNFLOWER,52.43,136318.00,Dodoma Wholesale Hub,2023-11-13
SUNFLOWER,49.75,129350.00,Mbeya Border Market,2023-11-13
SUNFLOWER,52.78,137228.00,Tanga Coastal Exchange,2023-11-13
SUNFLOWER,48.56,126256.00,Tabora Grain Yard,2023-11-13
SUNFLOWER,54.15,140790.00,Kigoma Lake Hub,2023-11-13
COFFEE,73.86,192036.00,Dar Es Salaam Wholesale,2023-11-13
COFFEE,70.36,182936.00,Mwanza Central Hub,2023-11-13
COFFEE,76.21,198146.00,Arusha North Hub,2023-11-13
COFFEE,72.72,189072.00,Dodoma Wholesale Hub,2023-11-13
COFFEE,69.21,179946.00,Mbeya Border Market,2023-11-13
COFFEE,73.64,191464.00,Tanga Coastal Exchange,2023-11-13
COFFEE,67.96,176696.00,Tabora Grain Yard,2023-11-13
COFFEE,76.03,197678.00,Kigoma Lake Hub,2023-11-13
CASHEW,81.11,210886.00,Dar Es Salaam Wholesale,2023-11-13
CASHEW,77.10,200460.00,Mwanza Central Hub,2023-11-13
CASHEW,83.31,216606.00,Arusha North Hub,2023-11-13
CASHEW,79.29,206154.00,Dodoma Wholesale Hub,2023-11-13
CASHEW,75.29,195754.00,Mbeya Border Market,2023-11-13
CASHEW,79.90,207740.00,Tanga Coastal Exchange,2023-11-13
CASHEW,73.55,191230.00,Tabora Grain Yard,2023-11-13
CASHEW,82.07,213382.00,Kigoma Lake Hub,2023-11-13
COCONUT,65.92,171392.00,Dar Es Salaam Wholesale,2023-11-13
COCONUT,62.76,163176.00,Mwanza Central Hub,2023-11-13
COCONUT,67.92,176592.00,Arusha North Hub,2023-11-13
COCONUT,64.76,168376.00,Dodoma Wholesale Hub,2023-11-13
COCONUT,61.60,160160.00,Mbeya Border Market,2023-11-13
COCONUT,65.50,170300.00,Tanga Coastal Exchange,2023-11-13
COCONUT,60.41,157066.00,Tabora Grain Yard,2023-11-13
COCONUT,67.53,175578.00,Kigoma Lake Hub,2023-11-13
MAIZE,42.76,111176.00,Dar Es Salaam Wholesale,2023-11-20
MAIZE,40.65,105690.00,Mwanza Central Hub,2023-11-20
MAIZE,43.94,114244.00,Arusha North Hub,2023-11-20
MAIZE,41.84,108784.00,Dodoma Wholesale Hub,2023-11-20
MAIZE,39.74,103324.00,Mbeya Border Market,2023-11-20
MAIZE,42.19,109694.00,Tanga Coastal Exchange,2023-11-20
MAIZE,38.85,101010.00,Tabora Grain Yard,2023-11-20
MAIZE,43.36,112736.00,Kigoma Lake Hub,2023-11-20
RICE,56.00,145600.00,Dar Es Salaam Wholesale,2023-11-20
RICE,53.29,138554.00,Mwanza Central Hub,2023-11-20
RICE,57.66,149916.00,Arusha North Hub,2023-11-20
RICE,54.95,142870.00,Dodoma Wholesale Hub,2023-11-20
RICE,52.25,135850.00,Mbeya Border Market,2023-11-20
RICE,55.54,144404.00,Tanga Coastal Exchange,2023-11-20
RICE,51.20,133120.00,Tabora Grain Yard,2023-11-20
RICE,57.22,148772.00,Kigoma Lake Hub,2023-11-20
BEANS,69.34,180284.00,Dar Es Salaam Wholesale,2023-11-20
BEANS,65.99,171574.00,Mwanza Central Hub,2023-11-20
BEANS,71.39,185614.00,Arusha North Hub,2023-11-20
BEANS,68.03,176878.00,Dodoma Wholesale Hub,2023-11-20
BEANS,64.68,168168.00,Mbeya Border Market,2023-11-20
BEANS,68.73,178698.00,Tanga Coastal Exchange,2023-11-20
BEANS,63.34,164684.00,Tabora Grain Yard,2023-11-20
BEANS,70.76,183976.00,Kigoma Lake Hub,2023-11-20
WHEAT,43.59,113334.00,Dar Es Salaam Wholesale,2023-11-20
WHEAT,41.44,107744.00,Mwanza Central Hub,2023-11-20
WHEAT,44.79,116454.00,Arusha North Hub,2023-11-20
WHEAT,42.65,110890.00,Dodoma Wholesale Hub,2023-11-20
WHEAT,40.51,105326.00,Mbeya Border Market,2023-11-20
WHEAT,43.02,111852.00,Tanga Coastal Exchange,2023-11-20
WHEAT,39.62,103012.00,Tabora Grain Yard,2023-11-20
WHEAT,44.23,114998.00,Kigoma Lake Hub,2023-11-20
SORGHUM,38.53,100178.00,Dar Es Salaam Wholesale,2023-11-20
SORGHUM,36.70,95420.00,Mwanza Central Hub,2023-11-20
SORGHUM,39.74,103324.00,Arusha North Hub,2023-11-20
SORGHUM,37.91,98566.00,Dodoma Wholesale Hub,2023-11-20
SORGHUM,36.07,93782.00,Mbeya Border Market,2023-11-20
SORGHUM,38.36,99736.00,Tanga Coastal Exchange,2023-11-20
SORGHUM,35.38,91988.00,Tabora Grain Yard,2023-11-20
SORGHUM,39.56,102856.00,Kigoma Lake Hub,2023-11-20
CASSAVA,27.71,72046.00,Dar Es Salaam Wholesale,2023-11-20
CASSAVA,26.33,68458.00,Mwanza Central Hub,2023-11-20
CASSAVA,28.44,73944.00,Arusha North Hub,2023-11-20
CASSAVA,27.06,70356.00,Dodoma Wholesale Hub,2023-11-20
CASSAVA,25.69,66794.00,Mbeya Border Market,2023-11-20
CASSAVA,27.26,70876.00,Tanga Coastal Exchange,2023-11-20
CASSAVA,25.09,65234.00,Tabora Grain Yard,2023-11-20
CASSAVA,27.98,72748.00,Kigoma Lake Hub,2023-11-20
POTATO,31.60,82160.00,Dar Es Salaam Wholesale,2023-11-20
POTATO,30.11,78286.00,Mwanza Central Hub,2023-11-20
POTATO,32.63,84838.00,Arusha North Hub,2023-11-20
POTATO,31.14,80964.00,Dodoma Wholesale Hub,2023-11-20
POTATO,29.64,77064.00,Mbeya Border Market,2023-11-20
POTATO,31.54,82004.00,Tanga Coastal Exchange,2023-11-20
POTATO,29.11,75686.00,Tabora Grain Yard,2023-11-20
POTATO,32.57,84682.00,Kigoma Lake Hub,2023-11-20
GROUNDNUT,72.97,189722.00,Dar Es Salaam Wholesale,2023-11-20
GROUNDNUT,69.31,180206.00,Mwanza Central Hub,2023-11-20
GROUNDNUT,74.85,194610.00,Arusha North Hub,2023-11-20
GROUNDNUT,71.20,185120.00,Dodoma Wholesale Hub,2023-11-20
GROUNDNUT,67.56,175656.00,Mbeya Border Market,2023-11-20
GROUNDNUT,71.67,186342.00,Tanga Coastal Exchange,2023-11-20
GROUNDNUT,65.94,171444.00,Tabora Grain Yard,2023-11-20
GROUNDNUT,79.66,207116.00,Kigoma Lake Hub,2023-11-20
SUNFLOWER,55.10,143260.00,Dar Es Salaam Wholesale,2023-11-20
SUNFLOWER,52.50,136500.00,Mwanza Central Hub,2023-11-20
SUNFLOWER,56.87,147862.00,Arusha North Hub,2023-11-20
SUNFLOWER,54.26,141076.00,Dodoma Wholesale Hub,2023-11-20
SUNFLOWER,51.65,134290.00,Mbeya Border Market,2023-11-20
SUNFLOWER,54.96,142896.00,Tanga Coastal Exchange,2023-11-20
SUNFLOWER,50.73,131898.00,Tabora Grain Yard,2023-11-20
SUNFLOWER,56.75,147550.00,Kigoma Lake Hub,2023-11-20
COFFEE,75.24,195624.00,Dar Es Salaam Wholesale,2023-11-20
COFFEE,71.51,185926.00,Mwanza Central Hub,2023-11-20
COFFEE,77.25,200850.00,Arusha North Hub,2023-11-20
COFFEE,73.52,191152.00,Dodoma Wholesale Hub,2023-11-20
COFFEE,69.80,181480.00,Mbeya Border Market,2023-11-20
COFFEE,74.07,192582.00,Tanga Coastal Exchange,2023-11-20
COFFEE,68.17,177242.00,Tabora Grain Yard,2023-11-20
COFFEE,76.05,197730.00,Kigoma Lake Hub,2023-11-20
CASHEW,77.08,200408.00,Dar Es Salaam Wholesale,2023-11-20
CASHEW,73.40,190840.00,Mwanza Central Hub,2023-11-20
CASHEW,79.46,206596.00,Arusha North Hub,2023-11-20
CASHEW,75.78,197028.00,Dodoma Wholesale Hub,2023-11-20
CASHEW,72.09,187434.00,Mbeya Border Market,2023-11-20
CASHEW,76.67,199342.00,Tanga Coastal Exchange,2023-11-20
CASHEW,70.72,183872.00,Tabora Grain Yard,2023-11-20
CASHEW,79.08,205608.00,Kigoma Lake Hub,2023-11-20
COCONUT,70.91,184366.00,Dar Es Salaam Wholesale,2023-11-20
COCONUT,67.45,175370.00,Mwanza Central Hub,2023-11-20
COCONUT,72.93,189618.00,Arusha North Hub,2023-11-20
COCONUT,69.46,180596.00,Dodoma Wholesale Hub,2023-11-20
COCONUT,65.99,171574.00,Mbeya Border Market,2023-11-20
COCONUT,70.09,182234.00,Tanga Coastal Exchange,2023-11-20
COCONUT,64.56,167856.00,Tabora Grain Yard,2023-11-20
COCONUT,72.08,187408.00,Kigoma Lake Hub,2023-11-20
MAIZE,39.90,103740.00,Dar Es Salaam Wholesale,2023-11-27
MAIZE,37.98,98748.00,Mwanza Central Hub,2023-11-27
MAIZE,41.10,106860.00,Arusha North Hub,2023-11-27
MAIZE,39.18,101868.00,Dodoma Wholesale Hub,2023-11-27
MAIZE,37.26,96876.00,Mbeya Border Market,2023-11-27
MAIZE,39.61,102986.00,Tanga Coastal Exchange,2023-11-27
MAIZE,36.53,94978.00,Tabora Grain Yard,2023-11-27
MAIZE,40.83,106158.00,Kigoma Lake Hub,2023-11-27
RICE,60.66,157716.00,Dar Es Salaam Wholesale,2023-11-27
RICE,57.71,150046.00,Mwanza Central Hub,2023-11-27
RICE,62.43,162318.00,Arusha North Hub,2023-11-27
RICE,59.48,154648.00,Dodoma Wholesale Hub,2023-11-27
RICE,56.54,147004.00,Mbeya Border Market,2023-11-27
RICE,60.06,156156.00,Tanga Coastal Exchange,2023-11-27
RICE,55.35,143910.00,Tabora Grain Yard,2023-11-27
RICE,61.82,160732.00,Kigoma Lake Hub,2023-11-27
BEANS,64.45,167570.00,Dar Es Salaam Wholesale,2023-11-27
BEANS,61.29,159354.00,Mwanza Central Hub,2023-11-27
BEANS,66.25,172250.00,Arusha North Hub,2023-11-27
BEANS,63.10,164060.00,Dodoma Wholesale Hub,2023-11-27
BEANS,59.95,155870.00,Mbeya Border Market,2023-11-27
BEANS,63.67,165542.00,Tanga Coastal Exchange,2023-11-27
BEANS,58.65,152490.00,Tabora Grain Yard,2023-11-27
BEANS,65.49,170274.00,Kigoma Lake Hub,2023-11-27
WHEAT,46.06,119756.00,Dar Es Salaam Wholesale,2023-11-27
WHEAT,43.86,114036.00,Mwanza Central Hub,2023-11-27
WHEAT,47.49,123474.00,Arusha North Hub,2023-11-27
WHEAT,45.29,117754.00,Dodoma Wholesale Hub,2023-11-27
WHEAT,43.08,112008.00,Mbeya Border Market,2023-11-27
WHEAT,45.81,119106.00,Tanga Coastal Exchange,2023-11-27
WHEAT,42.25,109850.00,Tabora Grain Yard,2023-11-27
WHEAT,47.24,122824.00,Kigoma Lake Hub,2023-11-27
SORGHUM,37.73,98098.00,Dar Es Salaam Wholesale,2023-11-27
SORGHUM,35.85,93210.00,Mwanza Central Hub,2023-11-27
SORGHUM,38.72,100672.00,Arusha North Hub,2023-11-27
SORGHUM,36.85,95810.00,Dodoma Wholesale Hub,2023-11-27
SORGHUM,34.98,90948.00,Mbeya Border Market,2023-11-27
SORGHUM,37.12,96512.00,Tanga Coastal Exchange,2023-11-27
SORGHUM,34.17,88842.00,Tabora Grain Yard,2023-11-27
SORGHUM,38.12,99112.00,Kigoma Lake Hub,2023-11-27
CASSAVA,27.18,70668.00,Dar Es Salaam Wholesale,2023-11-27
CASSAVA,25.91,67366.00,Mwanza Central Hub,2023-11-27
CASSAVA,28.06,72956.00,Arusha North Hub,2023-11-27
CASSAVA,26.78,69628.00,Dodoma Wholesale Hub,2023-11-27
CASSAVA,25.49,66274.00,Mbeya Border Market,2023-11-27
CASSAVA,27.13,70538.00,Tanga Coastal Exchange,2023-11-27
CASSAVA,25.03,65078.00,Tabora Grain Yard,2023-11-27
CASSAVA,28.01,72826.00,Kigoma Lake Hub,2023-11-27
POTATO,31.21,81146.00,Dar Es Salaam Wholesale,2023-11-27
POTATO,32.11,83486.00,Mwanza Central Hub,2023-11-27
POTATO,34.68,90168.00,Arusha North Hub,2023-11-27
POTATO,33.00,85800.00,Dodoma Wholesale Hub,2023-11-27
POTATO,31.31,81406.00,Mbeya Border Market,2023-11-27
POTATO,33.22,86372.00,Tanga Coastal Exchange,2023-11-27
POTATO,30.57,79482.00,Tabora Grain Yard,2023-11-27
POTATO,34.09,88634.00,Kigoma Lake Hub,2023-11-27
GROUNDNUT,76.34,198484.00,Dar Es Salaam Wholesale,2023-11-27
GROUNDNUT,72.74,189124.00,Mwanza Central Hub,2023-11-27
GROUNDNUT,78.80,204880.00,Arusha North Hub,2023-11-27
GROUNDNUT,75.20,195520.00,Dodoma Wholesale Hub,2023-11-27
GROUNDNUT,71.58,186108.00,Mbeya Border Market,2023-11-27
GROUNDNUT,76.17,198042.00,Tanga Coastal Exchange,2023-11-27
GROUNDNUT,70.30,182780.00,Tabora Grain Yard,2023-11-27
GROUNDNUT,78.65,204490.00,Kigoma Lake Hub,2023-11-27
SUNFLOWER,55.19,143494.00,Dar Es Salaam Wholesale,2023-11-27
SUNFLOWER,52.44,136344.00,Mwanza Central Hub,2023-11-27
SUNFLOWER,56.65,147290.00,Arusha North Hub,2023-11-27
SUNFLOWER,53.91,140166.00,Dodoma Wholesale Hub,2023-11-27
SUNFLOWER,51.17,133042.00,Mbeya Border Market,2023-11-27
SUNFLOWER,54.29,141154.00,Tanga Coastal Exchange,2023-11-27
SUNFLOWER,49.96,129896.00,Tabora Grain Yard,2023-11-27
SUNFLOWER,55.73,144898.00,Kigoma Lake Hub,2023-11-27
COFFEE,72.42,188292.00,Dar Es Salaam Wholesale,2023-11-27
COFFEE,68.97,179322.00,Mwanza Central Hub,2023-11-27
COFFEE,74.68,194168.00,Arusha North Hub,2023-11-27
COFFEE,71.23,185198.00,Dodoma Wholesale Hub,2023-11-27
COFFEE,67.78,176228.00,Mbeya Border Market,2023-11-27
COFFEE,72.09,187434.00,Tanga Coastal Exchange,2023-11-27
COFFEE,66.51,172926.00,Tabora Grain Yard,2023-11-27
COFFEE,74.38,193388.00,Kigoma Lake Hub,2023-11-27
CASHEW,82.32,214032.00,Dar Es Salaam Wholesale,2023-11-27
CASHEW,78.29,203554.00,Mwanza Central Hub,2023-11-27
CASHEW,84.63,220038.00,Arusha North Hub,2023-11-27
CASHEW,80.59,209534.00,Dodoma Wholesale Hub,2023-11-27
CASHEW,76.56,199056.00,Mbeya Border Market,2023-11-27
CASHEW,81.29,211354.00,Tanga Coastal Exchange,2023-11-27
CASHEW,74.86,194636.00,Tabora Grain Yard,2023-11-27
CASHEW,83.57,217282.00,Kigoma Lake Hub,2023-11-27
COCONUT,65.61,170586.00,Dar Es Salaam Wholesale,2023-11-27
COCONUT,62.43,162318.00,Mwanza Central Hub,2023-11-27
COCONUT,67.53,175578.00,Arusha North Hub,2023-11-27
COCONUT,64.35,167310.00,Dodoma Wholesale Hub,2023-11-27
COCONUT,61.18,159068.00,Mbeya Border Market,2023-11-27
COCONUT,65.01,169026.00,Tanga Coastal Exchange,2023-11-27
COCONUT,59.93,155818.00,Tabora Grain Yard,2023-11-27
COCONUT,66.96,174096.00,Kigoma Lake Hub,2023-11-27
MAIZE,44.47,115622.00,Dar Es Salaam Wholesale,2023-12-04
MAIZE,42.31,110006.00,Mwanza Central Hub,2023-12-04
MAIZE,45.75,118950.00,Arusha North Hub,2023-12-04
MAIZE,43.59,113334.00,Dodoma Wholesale Hub,2023-12-04
MAIZE,41.42,107692.00,Mbeya Border Market,2023-12-04
MAIZE,44.00,114400.00,Tanga Coastal Exchange,2023-12-04
MAIZE,40.53,105378.00,Tabora Grain Yard,2023-12-04
MAIZE,45.26,117676.00,Kigoma Lake Hub,2023-12-04
RICE,58.49,152074.00,Dar Es Salaam Wholesale,2023-12-04
RICE,55.63,144638.00,Mwanza Central Hub,2023-12-04
RICE,60.15,156390.00,Arusha North Hub,2023-12-04
RICE,57.30,148980.00,Dodoma Wholesale Hub,2023-12-04
RICE,54.45,141570.00,Mbeya Border Market,2023-12-04
RICE,57.84,150384.00,Tanga Coastal Exchange,2023-12-04
RICE,53.29,138554.00,Tabora Grain Yard,2023-12-04
RICE,59.52,154752.00,Kigoma Lake Hub,2023-12-04
BEANS,71.53,185978.00,Dar Es Salaam Wholesale,2023-12-04
BEANS,68.11,177086.00,Mwanza Central Hub,2023-12-04
BEANS,73.72,191672.00,Arusha North Hub,2023-12-04
BEANS,70.30,182780.00,Dodoma Wholesale Hub,2023-12-04
BEANS,66.86,173836.00,Mbeya Border Market,2023-12-04
BEANS,71.09,184834.00,Tanga Coastal Exchange,2023-12-04
BEANS,65.55,170430.00,Tabora Grain Yard,2023-12-04
BEANS,73.27,190502.00,Kigoma Lake Hub,2023-12-04
WHEAT,45.68,118768.00,Dar Es Salaam Wholesale,2023-12-04
WHEAT,43.41,112866.00,Mwanza Central Hub,2023-12-04
WHEAT,46.90,121940.00,Arusha North Hub,2023-12-04
WHEAT,44.63,116038.00,Dodoma Wholesale Hub,2023-12-04
WHEAT,42.38,110188.00,Mbeya Border Market,2023-12-04
WHEAT,44.98,116948.00,Tanga Coastal Exchange,2023-12-04
WHEAT,41.40,107640.00,Tabora Grain Yard,2023-12-04
WHEAT,46.20,120120.00,Kigoma Lake Hub,2023-12-04
SORGHUM,38.08,99008.00,Dar Es Salaam Wholesale,2023-12-04
SORGHUM,36.28,94328.00,Mwanza Central Hub,2023-12-04
SORGHUM,39.30,102180.00,Arusha North Hub,2023-12-04
SORGHUM,37.50,97500.00,Dodoma Wholesale Hub,2023-12-04
SORGHUM,35.69,92794.00,Mbeya Border Market,2023-12-04
SORGHUM,37.98,98748.00,Tanga Coastal Exchange,2023-12-04
SORGHUM,35.05,91130.00,Tabora Grain Yard,2023-12-04
SORGHUM,39.20,101920.00,Kigoma Lake Hub,2023-12-04
CASSAVA,28.22,73372.00,Dar Es Salaam Wholesale,2023-12-04
CASSAVA,26.81,69706.00,Mwanza Central Hub,2023-12-04
CASSAVA,28.95,75270.00,Arusha North Hub,2023-12-04
CASSAVA,27.54,71604.00,Dodoma Wholesale Hub,2023-12-04
CASSAVA,26.14,67964.00,Mbeya Border Market,2023-12-04
CASSAVA,27.73,72098.00,Tanga Coastal Exchange,2023-12-04
CASSAVA,25.52,66352.00,Tabora Grain Yard,2023-12-04
CASSAVA,28.46,73996.00,Kigoma Lake Hub,2023-12-04
POTATO,32.41,84266.00,Dar Es Salaam Wholesale,2023-12-04
POTATO,30.89,80314.00,Mwanza Central Hub,2023-12-04
POTATO,33.46,86996.00,Arusha North Hub,2023-12-04
POTATO,31.93,83018.00,Dodoma Wholesale Hub,2023-12-04
POTATO,30.39,79014.00,Mbeya Border Market,2023-12-04
POTATO,32.34,84084.00,Tanga Coastal Exchange,2023-12-04
POTATO,29.85,77610.00,Tabora Grain Yard,2023-12-04
POTATO,33.40,86840.00,Kigoma Lake Hub,2023-12-04
GROUNDNUT,72.20,187720.00,Dar Es Salaam Wholesale,2023-12-04
GROUNDNUT,68.60,178360.00,Mwanza Central Hub,2023-12-04
GROUNDNUT,74.09,192634.00,Arusha North Hub,2023-12-04
GROUNDNUT,70.49,183274.00,Dodoma Wholesale Hub,2023-12-04
GROUNDNUT,66.91,173966.00,Mbeya Border Market,2023-12-04
GROUNDNUT,70.98,184548.00,Tanga Coastal Exchange,2023-12-04
GROUNDNUT,65.32,169832.00,Tabora Grain Yard,2023-12-04
GROUNDNUT,72.85,189410.00,Kigoma Lake Hub,2023-12-04
SUNFLOWER,51.75,134550.00,Dar Es Salaam Wholesale,2023-12-04
SUNFLOWER,49.30,128180.00,Mwanza Central Hub,2023-12-04
SUNFLOWER,53.38,138788.00,Arusha North Hub,2023-12-04
SUNFLOWER,50.93,132418.00,Dodoma Wholesale Hub,2023-12-04
SUNFLOWER,48.46,125996.00,Mbeya Border Market,2023-12-04
SUNFLOWER,51.56,134056.00,Tanga Coastal Exchange,2023-12-04
SUNFLOWER,47.57,123682.00,Tabora Grain Yard,2023-12-04
SUNFLOWER,53.20,138320.00,Kigoma Lake Hub,2023-12-04
COFFEE,74.26,193076.00,Dar Es Salaam Wholesale,2023-12-04
COFFEE,70.61,183586.00,Mwanza Central Hub,2023-12-04
COFFEE,76.32,198432.00,Arusha North Hub,2023-12-04
COFFEE,72.66,188916.00,Dodoma Wholesale Hub,2023-12-04
COFFEE,69.01,179426.00,Mbeya Border Market,2023-12-04
COFFEE,73.26,190476.00,Tanga Coastal Exchange,2023-12-04
COFFEE,67.46,175396.00,Tabora Grain Yard,2023-12-04
COFFEE,75.29,195754.00,Kigoma Lake Hub,2023-12-04
CASHEW,75.57,196482.00,Dar Es Salaam Wholesale,2023-12-04
CASHEW,71.92,186992.00,Mwanza Central Hub,2023-12-04
CASHEW,77.81,202306.00,Arusha North Hub,2023-12-04
CASHEW,74.17,192842.00,Dodoma Wholesale Hub,2023-12-04
CASHEW,70.52,183352.00,Mbeya Border Market,2023-12-04
CASHEW,74.96,194896.00,Tanga Coastal Exchange,2023-12-04
CASHEW,69.11,179686.00,Tabora Grain Yard,2023-12-04
CASHEW,77.23,200798.00,Kigoma Lake Hub,2023-12-04
COCONUT,71.89,186914.00,Dar Es Salaam Wholesale,2023-12-04
COCONUT,68.41,177866.00,Mwanza Central Hub,2023-12-04
COCONUT,74.01,192426.00,Arusha North Hub,2023-12-04
COCONUT,70.53,183378.00,Dodoma Wholesale Hub,2023-12-04
COCONUT,67.05,174330.00,Mbeya Border Market,2023-12-04
COCONUT,71.24,185224.00,Tanga Coastal Exchange,2023-12-04
COCONUT,65.66,170716.00,Tabora Grain Yard,2023-12-04
COCONUT,73.35,190710.00,Kigoma Lake Hub,2023-12-04
MAIZE,41.11,106886.00,Dar Es Salaam Wholesale,2023-12-11
MAIZE,39.11,101686.00,Mwanza Central Hub,2023-12-11
MAIZE,42.29,109954.00,Arusha North Hub,2023-12-11
MAIZE,40.30,104780.00,Dodoma Wholesale Hub,2023-12-11
MAIZE,38.30,99580.00,Mbeya Border Market,2023-12-11
MAIZE,40.69,105794.00,Tanga Coastal Exchange,2023-12-11
MAIZE,37.50,97500.00,Tabora Grain Yard,2023-12-11
MAIZE,41.89,108914.00,Kigoma Lake Hub,2023-12-11
RICE,62.89,163514.00,Dar Es Salaam Wholesale,2023-12-11
RICE,59.87,155662.00,Mwanza Central Hub,2023-12-11
RICE,64.79,168454.00,Arusha North Hub,2023-12-11
RICE,61.77,160602.00,Dodoma Wholesale Hub,2023-12-11
RICE,58.74,152724.00,Mbeya Border Market,2023-12-11
RICE,62.44,162344.00,Tanga Coastal Exchange,2023-12-11
RICE,57.57,149682.00,Tabora Grain Yard,2023-12-11
RICE,64.33,167258.00,Kigoma Lake Hub,2023-12-11
BEANS,68.11,177086.00,Dar Es Salaam Wholesale,2023-12-11
BEANS,64.73,168298.00,Mwanza Central Hub,2023-12-11
BEANS,69.95,181870.00,Arusha North Hub,2023-12-11
BEANS,66.58,173108.00,Dodoma Wholesale Hub,2023-12-11
BEANS,63.22,164372.00,Mbeya Border Market,2023-12-11
BEANS,67.11,174486.00,Tanga Coastal Exchange,2023-12-11
BEANS,61.79,160654.00,Tabora Grain Yard,2023-12-11
BEANS,68.96,179296.00,Kigoma Lake Hub,2023-12-11
WHEAT,46.44,120744.00,Dar Es Salaam Wholesale,2023-12-11
WHEAT,44.25,115050.00,Mwanza Central Hub,2023-12-11
WHEAT,47.92,124592.00,Arusha North Hub,2023-12-11
WHEAT,45.72,118872.00,Dodoma Wholesale Hub,2023-12-11
WHEAT,43.52,113152.00,Mbeya Border Market,2023-12-11
WHEAT,46.29,120354.00,Tanga Coastal Exchange,2023-12-11
WHEAT,42.72,111072.00,Tabora Grain Yard,2023-12-11
WHEAT,47.77,124202.00,Kigoma Lake Hub,2023-12-11
SORGHUM,39.14,101764.00,Dar Es Salaam Wholesale,2023-12-11
SORGHUM,37.18,96668.00,Mwanza Central Hub,2023-12-11
SORGHUM,40.16,104416.00,Arusha North Hub,2023-12-11
SORGHUM,38.21,99346.00,Dodoma Wholesale Hub,2023-12-11
SORGHUM,36.26,94276.00,Mbeya Border Market,2023-12-11
SORGHUM,38.47,100022.00,Tanga Coastal Exchange,2023-12-11
SORGHUM,35.40,92040.00,Tabora Grain Yard,2023-12-11
SORGHUM,39.49,102674.00,Kigoma Lake Hub,2023-12-11
CASSAVA,28.37,73762.00,Dar Es Salaam Wholesale,2023-12-11
CASSAVA,27.04,70304.00,Mwanza Central Hub,2023-12-11
CASSAVA,29.29,76154.00,Arusha North Hub,2023-12-11
CASSAVA,25.80,67080.00,Dodoma Wholesale Hub,2023-12-11
CASSAVA,24.57,63882.00,Mbeya Border Market,2023-12-11
CASSAVA,26.14,67964.00,Tanga Coastal Exchange,2023-12-11
CASSAVA,24.13,62738.00,Tabora Grain Yard,2023-12-11
CASSAVA,27.00,70200.00,Kigoma Lake Hub,2023-12-11
POTATO,31.27,81302.00,Dar Es Salaam Wholesale,2023-12-11
POTATO,29.71,77246.00,Mwanza Central Hub,2023-12-11
POTATO,32.08,83408.00,Arusha North Hub,2023-12-11
POTATO,30.52,79352.00,Dodoma Wholesale Hub,2023-12-11
POTATO,28.97,75322.00,Mbeya Border Market,2023-12-11
POTATO,30.73,79898.00,Tanga Coastal Exchange,2023-12-11
POTATO,28.28,73528.00,Tabora Grain Yard,2023-12-11
POTATO,31.53,81978.00,Kigoma Lake Hub,2023-12-11
GROUNDNUT,71.70,186420.00,Dar Es Salaam Wholesale,2023-12-11
GROUNDNUT,68.31,177606.00,Mwanza Central Hub,2023-12-11
GROUNDNUT,73.98,192348.00,Arusha North Hub,2023-12-11
GROUNDNUT,70.58,183508.00,Dodoma Wholesale Hub,2023-12-11
GROUNDNUT,67.17,174642.00,Mbeya Border Market,2023-12-11
GROUNDNUT,71.47,185822.00,Tanga Coastal Exchange,2023-12-11
GROUNDNUT,65.95,171470.00,Tabora Grain Yard,2023-12-11
GROUNDNUT,73.77,191802.00,Kigoma Lake Hub,2023-12-11
SUNFLOWER,54.09,140634.00,Dar Es Salaam Wholesale,2023-12-11
SUNFLOWER,51.42,133692.00,Mwanza Central Hub,2023-12-11
SUNFLOWER,55.57,144482.00,Arusha North Hub,2023-12-11
SUNFLOWER,52.90,137540.00,Dodoma Wholesale Hub,2023-12-11
SUNFLOWER,50.23,130598.00,Mbeya Border Market,2023-12-11
SUNFLOWER,53.32,138632.00,Tanga Coastal Exchange,2023-12-11
SUNFLOWER,49.09,127634.00,Tabora Grain Yard,2023-12-11
SUNFLOWER,54.77,142402.00,Kigoma Lake Hub,2023-12-11
COFFEE,69.39,180414.00,Dar Es Salaam Wholesale,2023-12-11
COFFEE,66.06,171756.00,Mwanza Central Hub,2023-12-11
COFFEE,71.49,185874.00,Arusha North Hub,2023-12-11
COFFEE,68.15,177190.00,Dodoma Wholesale Hub,2023-12-11
COFFEE,64.81,168506.00,Mbeya Border Market,2023-12-11
COFFEE,68.91,179166.00,Tanga Coastal Exchange,2023-12-11
COFFEE,63.54,165204.00,Tabora Grain Yard,2023-12-11
COFFEE,71.03,184678.00,Kigoma Lake Hub,2023-12-11
CASHEW,81.83,212758.00,Dar Es Salaam Wholesale,2023-12-11
CASHEW,77.86,202436.00,Mwanza Central Hub,2023-12-11
CASHEW,84.22,218972.00,Arusha North Hub,2023-12-11
CASHEW,80.24,208624.00,Dodoma Wholesale Hub,2023-12-11
CASHEW,76.26,198276.00,Mbeya Border Market,2023-12-11
CASHEW,81.02,210652.00,Tanga Coastal Exchange,2023-12-11
CASHEW,74.65,194090.00,Tabora Grain Yard,2023-12-11
CASHEW,83.38,216788.00,Kigoma Lake Hub,2023-12-11
COCONUT,66.75,173550.00,Dar Es Salaam Wholesale,2023-12-11
COCONUT,63.48,165048.00,Mwanza Central Hub,2023-12-11
COCONUT,68.63,178438.00,Arusha North Hub,2023-12-11
COCONUT,65.36,169936.00,Dodoma Wholesale Hub,2023-12-11
COCONUT,62.10,161460.00,Mbeya Border Market,2023-12-11
COCONUT,65.95,171470.00,Tanga Coastal Exchange,2023-12-11
COCONUT,60.76,157976.00,Tabora Grain Yard,2023-12-11
COCONUT,67.85,176410.00,Kigoma Lake Hub,2023-12-11
MAIZE,44.42,115492.00,Dar Es Salaam Wholesale,2023-12-18
MAIZE,42.28,109928.00,Mwanza Central Hub,2023-12-18
MAIZE,45.75,118950.00,Arusha North Hub,2023-12-18
MAIZE,43.61,113386.00,Dodoma Wholesale Hub,2023-12-18
MAIZE,41.46,107796.00,Mbeya Border Market,2023-12-18
MAIZE,44.06,114556.00,Tanga Coastal Exchange,2023-12-18
MAIZE,40.62,105612.00,Tabora Grain Yard,2023-12-18
MAIZE,45.38,117988.00,Kigoma Lake Hub,2023-12-18
RICE,59.23,153998.00,Dar Es Salaam Wholesale,2023-12-18
RICE,56.31,146406.00,Mwanza Central Hub,2023-12-18
RICE,60.85,158210.00,Arusha North Hub,2023-12-18
RICE,57.94,150644.00,Dodoma Wholesale Hub,2023-12-18
RICE,55.02,143052.00,Mbeya Border Market,2023-12-18
RICE,58.42,151892.00,Tanga Coastal Exchange,2023-12-18
RICE,53.80,139880.00,Tabora Grain Yard,2023-12-18
RICE,60.05,156130.00,Kigoma Lake Hub,2023-12-18
BEANS,70.35,182910.00,Dar Es Salaam Wholesale,2023-12-18
BEANS,67.01,174226.00,Mwanza Central Hub,2023-12-18
BEANS,72.57,188682.00,Arusha North Hub,2023-12-18
BEANS,69.23,179998.00,Dodoma Wholesale Hub,2023-12-18
BEANS,65.87,171262.00,Mbeya Border Market,2023-12-18
BEANS,70.07,182182.00,Tanga Coastal Exchange,2023-12-18
BEANS,64.64,168064.00,Tabora Grain Yard,2023-12-18
BEANS,72.29,187954.00,Kigoma Lake Hub,2023-12-18
WHEAT,46.85,121810.00,Dar Es Salaam Wholesale,2023-12-18
WHEAT,44.51,115726.00,Mwanza Central Hub,2023-12-18
WHEAT,48.08,125008.00,Arusha North Hub,2023-12-18
WHEAT,45.74,118924.00,Dodoma Wholesale Hub,2023-12-18
WHEAT,43.42,112892.00,Mbeya Border Market,2023-12-18
WHEAT,46.06,119756.00,Tanga Coastal Exchange,2023-12-18
WHEAT,42.39,110214.00,Tabora Grain Yard,2023-12-18
WHEAT,47.29,122954.00,Kigoma Lake Hub,2023-12-18
SORGHUM,37.08,96408.00,Dar Es Salaam Wholesale,2023-12-18
SORGHUM,35.34,91884.00,Mwanza Central Hub,2023-12-18
SORGHUM,38.28,99528.00,Arusha North Hub,2023-12-18
SORGHUM,36.54,95004.00,Dodoma Wholesale Hub,2023-12-18
SORGHUM,34.78,90428.00,Mbeya Border Market,2023-12-18
SORGHUM,37.02,96252.00,Tanga Coastal Exchange,2023-12-18
SORGHUM,34.17,88842.00,Tabora Grain Yard,2023-12-18
SORGHUM,38.23,99398.00,Kigoma Lake Hub,2023-12-18
CASSAVA,26.83,69758.00,Dar Es Salaam Wholesale,2023-12-18
CASSAVA,25.49,66274.00,Mwanza Central Hub,2023-12-18
CASSAVA,27.53,71578.00,Arusha North Hub,2023-12-18
CASSAVA,26.19,68094.00,Dodoma Wholesale Hub,2023-12-18
CASSAVA,24.85,64610.00,Mbeya Border Market,2023-12-18
CASSAVA,26.36,68536.00,Tanga Coastal Exchange,2023-12-18
CASSAVA,24.25,63050.00,Tabora Grain Yard,2023-12-18
CASSAVA,27.05,70330.00,Kigoma Lake Hub,2023-12-18
POTATO,31.62,82212.00,Dar Es Salaam Wholesale,2023-12-18
POTATO,30.12,78312.00,Mwanza Central Hub,2023-12-18
POTATO,32.63,84838.00,Arusha North Hub,2023-12-18
POTATO,31.13,80938.00,Dodoma Wholesale Hub,2023-12-18
POTATO,29.63,77038.00,Mbeya Border Market,2023-12-18
POTATO,31.53,81978.00,Tanga Coastal Exchange,2023-12-18
POTATO,29.10,75660.00,Tabora Grain Yard,2023-12-18
POTATO,32.55,84630.00,Kigoma Lake Hub,2023-12-18
GROUNDNUT,73.90,192140.00,Dar Es Salaam Wholesale,2023-12-18
GROUNDNUT,70.24,182624.00,Mwanza Central Hub,2023-12-18
GROUNDNUT,75.89,197314.00,Arusha North Hub,2023-12-18
GROUNDNUT,72.23,187798.00,Dodoma Wholesale Hub,2023-12-18
GROUNDNUT,68.58,178308.00,Mbeya Border Market,2023-12-18
GROUNDNUT,72.78,189228.00,Tanga Coastal Exchange,2023-12-18
GROUNDNUT,67.00,174200.00,Tabora Grain Yard,2023-12-18
GROUNDNUT,74.75,194350.00,Kigoma Lake Hub,2023-12-18
SUNFLOWER,50.99,132574.00,Dar Es Salaam Wholesale,2023-12-18
SUNFLOWER,48.55,126230.00,Mwanza Central Hub,2023-12-18
SUNFLOWER,52.55,136630.00,Arusha North Hub,2023-12-18
SUNFLOWER,50.11,130286.00,Dodoma Wholesale Hub,2023-12-18
SUNFLOWER,47.66,123916.00,Mbeya Border Market,2023-12-18
SUNFLOWER,50.68,131768.00,Tanga Coastal Exchange,2023-12-18
SUNFLOWER,46.74,121524.00,Tabora Grain Yard,2023-12-18
SUNFLOWER,52.26,135876.00,Kigoma Lake Hub,2023-12-18
COFFEE,74.94,194844.00,Dar Es Salaam Wholesale,2023-12-18
COFFEE,71.29,185354.00,Mwanza Central Hub,2023-12-18
COFFEE,77.09,200434.00,Arusha North Hub,2023-12-18
COFFEE,73.43,190918.00,Dodoma Wholesale Hub,2023-12-18
COFFEE,69.78,181428.00,Mbeya Border Market,2023-12-18
COFFEE,74.12,192712.00,Tanga Coastal Exchange,2023-12-18
COFFEE,68.28,177528.00,Tabora Grain Yard,2023-12-18
COFFEE,76.25,198250.00,Kigoma Lake Hub,2023-12-18
CASHEW,75.71,196846.00,Dar Es Salaam Wholesale,2023-12-18
CASHEW,72.01,187226.00,Mwanza Central Hub,2023-12-18
CASHEW,77.87,202462.00,Arusha North Hub,2023-12-18
CASHEW,74.18,192868.00,Dodoma Wholesale Hub,2023-12-18
CASHEW,70.49,183274.00,Mbeya Border Market,2023-12-18
CASHEW,74.88,194688.00,Tanga Coastal Exchange,2023-12-18
CASHEW,69.00,179400.00,Tabora Grain Yard,2023-12-18
CASHEW,77.07,200382.00,Kigoma Lake Hub,2023-12-18
COCONUT,71.35,185510.00,Dar Es Salaam Wholesale,2023-12-18
COCONUT,67.94,176644.00,Mwanza Central Hub,2023-12-18
COCONUT,73.54,191204.00,Arusha North Hub,2023-12-18
COCONUT,70.12,182312.00,Dodoma Wholesale Hub,2023-12-18
COCONUT,66.69,173394.00,Mbeya Border Market,2023-12-18
COCONUT,70.90,184340.00,Tanga Coastal Exchange,2023-12-18
COCONUT,65.38,169988.00,Tabora Grain Yard,2023-12-18
COCONUT,73.07,189982.00,Kigoma Lake Hub,2023-12-18
MAIZE,41.49,107874.00,Dar Es Salaam Wholesale,2023-12-25
MAIZE,39.44,102544.00,Mwanza Central Hub,2023-12-25
MAIZE,42.64,110864.00,Arusha North Hub,2023-12-25
MAIZE,40.60,105560.00,Dodoma Wholesale Hub,2023-12-25
MAIZE,38.56,100256.00,Mbeya Border Market,2023-12-25
MAIZE,40.95,106470.00,Tanga Coastal Exchange,2023-12-25
MAIZE,37.72,98072.00,Tabora Grain Yard,2023-12-25
MAIZE,42.11,109486.00,Kigoma Lake Hub,2023-12-25
RICE,62.03,161278.00,Dar Es Salaam Wholesale,2023-12-25
RICE,59.08,153608.00,Mwanza Central Hub,2023-12-25
RICE,63.97,166322.00,Arusha North Hub,2023-12-25
RICE,61.01,158626.00,Dodoma Wholesale Hub,2023-12-25
RICE,58.05,150930.00,Mbeya Border Market,2023-12-25
RICE,61.74,160524.00,Tanga Coastal Exchange,2023-12-25
RICE,56.95,148070.00,Tabora Grain Yard,2023-12-25
RICE,63.67,165542.00,Kigoma Lake Hub,2023-12-25
BEANS,69.72,181272.00,Dar Es Salaam Wholesale,2023-12-25
BEANS,66.25,172250.00,Mwanza Central Hub,2023-12-25
BEANS,71.56,186056.00,Arusha North Hub,2023-12-25
BEANS,68.09,177034.00,Dodoma Wholesale Hub,2023-12-25
BEANS,64.63,168038.00,Mbeya Border Market,2023-12-25
BEANS,68.58,178308.00,Tanga Coastal Exchange,2023-12-25
BEANS,63.12,164112.00,Tabora Grain Yard,2023-12-25
BEANS,70.41,183066.00,Kigoma Lake Hub,2023-12-25
WHEAT,45.29,117754.00,Dar Es Salaam Wholesale,2023-12-25
WHEAT,43.16,112216.00,Mwanza Central Hub,2023-12-25
WHEAT,46.76,121576.00,Arusha North Hub,2023-12-25
WHEAT,44.62,116012.00,Dodoma Wholesale Hub,2023-12-25
WHEAT,42.48,110448.00,Mbeya Border Market,2023-12-25
WHEAT,45.20,117520.00,Tanga Coastal Exchange,2023-12-25
WHEAT,41.72,108472.00,Tabora Grain Yard,2023-12-25
WHEAT,46.67,121342.00,Kigoma Lake Hub,2023-12-25
SORGHUM,37.20,96720.00,Dar Es Salaam Wholesale,2023-12-25
SORGHUM,35.34,91884.00,Mwanza Central Hub,2023-12-25
SORGHUM,38.16,99216.00,Arusha North Hub,2023-12-25
SORGHUM,36.30,94380.00,Dodoma Wholesale Hub,2023-12-25
SORGHUM,34.45,89570.00,Mbeya Border Market,2023-12-25
SORGHUM,36.54,95004.00,Tanga Coastal Exchange,2023-12-25
SORGHUM,36.42,94692.00,Tabora Grain Yard,2023-12-25
SORGHUM,40.62,105612.00,Kigoma Lake Hub,2023-12-25
CASSAVA,27.66,71916.00,Dar Es Salaam Wholesale,2023-12-25
CASSAVA,26.35,68510.00,Mwanza Central Hub,2023-12-25
CASSAVA,28.55,74230.00,Arusha North Hub,2023-12-25
CASSAVA,27.24,70824.00,Dodoma Wholesale Hub,2023-12-25
CASSAVA,25.93,67418.00,Mbeya Border Market,2023-12-25
CASSAVA,27.59,71734.00,Tanga Coastal Exchange,2023-12-25
CASSAVA,25.47,66222.00,Tabora Grain Yard,2023-12-25
CASSAVA,28.49,74074.00,Kigoma Lake Hub,2023-12-25
POTATO,32.08,83408.00,Dar Es Salaam Wholesale,2023-12-25
POTATO,30.49,79274.00,Mwanza Central Hub,2023-12-25
POTATO,32.93,85618.00,Arusha North Hub,2023-12-25
POTATO,31.34,81484.00,Dodoma Wholesale Hub,2023-12-25
POTATO,29.75,77350.00,Mbeya Border Market,2023-12-25
POTATO,31.57,82082.00,Tanga Coastal Exchange,2023-12-25
POTATO,29.06,75556.00,Tabora Grain Yard,2023-12-25
POTATO,32.42,84292.00,Kigoma Lake Hub,2023-12-25
GROUNDNUT,70.44,183144.00,Dar Es Salaam Wholesale,2023-12-25
GROUNDNUT,67.08,174408.00,Mwanza Central Hub,2023-12-25
GROUNDNUT,72.62,188812.00,Arusha North Hub,2023-12-25
GROUNDNUT,69.26,180076.00,Dodoma Wholesale Hub,2023-12-25
GROUNDNUT,65.89,171314.00,Mbeya Border Market,2023-12-25
GROUNDNUT,70.07,182182.00,Tanga Coastal Exchange,2023-12-25
GROUNDNUT,64.64,168064.00,Tabora Grain Yard,2023-12-25
GROUNDNUT,72.28,187928.00,Kigoma Lake Hub,2023-12-25
SUNFLOWER,54.77,142402.00,Dar Es Salaam Wholesale,2023-12-25
SUNFLOWER,52.09,135434.00,Mwanza Central Hub,2023-12-25
SUNFLOWER,56.32,146432.00,Arusha North Hub,2023-12-25
SUNFLOWER,53.64,139464.00,Dodoma Wholesale Hub,2023-12-25
SUNFLOWER,50.96,132496.00,Mbeya Border Market,2023-12-25
SUNFLOWER,54.12,140712.00,Tanga Coastal Exchange,2023-12-25
SUNFLOWER,49.85,129610.00,Tabora Grain Yard,2023-12-25
SUNFLOWER,55.65,144690.00,Kigoma Lake Hub,2023-12-25
COFFEE,69.26,180076.00,Dar Es Salaam Wholesale,2023-12-25
COFFEE,65.89,171314.00,Mwanza Central Hub,2023-12-25
COFFEE,71.27,185302.00,Arusha North Hub,2023-12-25
COFFEE,67.91,176566.00,Dodoma Wholesale Hub,2023-12-25
COFFEE,64.54,167804.00,Mbeya Border Market,2023-12-25
COFFEE,68.58,178308.00,Tanga Coastal Exchange,2023-12-25
COFFEE,63.21,164346.00,Tabora Grain Yard,2023-12-25
COFFEE,70.61,183586.00,Kigoma Lake Hub,2023-12-25
CASHEW,81.50,211900.00,Dar Es Salaam Wholesale,2023-12-25
CASHEW,77.59,201734.00,Mwanza Central Hub,2023-12-25
CASHEW,83.97,218322.00,Arusha North Hub,2023-12-25
CASHEW,80.05,208130.00,Dodoma Wholesale Hub,2023-12-25
CASHEW,76.12,197912.00,Mbeya Border Market,2023-12-25
CASHEW,80.91,210366.00,Tanga Coastal Exchange,2023-12-25
CASHEW,74.59,193934.00,Tabora Grain Yard,2023-12-25
CASHEW,83.35,216710.00,Kigoma Lake Hub,2023-12-25
COCONUT,67.79,176254.00,Dar Es Salaam Wholesale,2023-12-25
COCONUT,64.43,167518.00,Mwanza Central Hub,2023-12-25
COCONUT,69.62,181012.00,Arusha North Hub,2023-12-25
COCONUT,66.27,172302.00,Dodoma Wholesale Hub,2023-12-25
COCONUT,62.93,163618.00,Mbeya Border Market,2023-12-25
COCONUT,66.81,173706.00,Tanga Coastal Exchange,2023-12-25
COCONUT,61.51,159926.00,Tabora Grain Yard,2023-12-25
COCONUT,68.65,178490.00,Kigoma Lake Hub,2023-12-25
MAIZE,45.78,119028.00,Dar Es Salaam Wholesale,2024-01-01
MAIZE,43.60,113360.00,Mwanza Central Hub,2024-01-01
MAIZE,47.20,122720.00,Arusha North Hub,2024-01-01
MAIZE,45.01,117026.00,Dodoma Wholesale Hub,2024-01-01
MAIZE,42.82,111332.00,Mbeya Border Market,2024-01-01
MAIZE,45.53,118378.00,Tanga Coastal Exchange,2024-01-01
MAIZE,41.99,109174.00,Tabora Grain Yard,2024-01-01
MAIZE,46.94,122044.00,Kigoma Lake Hub,2024-01-01
RICE,62.91,163566.00,Dar Es Salaam Wholesale,2024-01-01
RICE,59.78,155428.00,Mwanza Central Hub,2024-01-01
RICE,64.58,167908.00,Arusha North Hub,2024-01-01
RICE,61.46,159796.00,Dodoma Wholesale Hub,2024-01-01
RICE,58.35,151710.00,Mbeya Border Market,2024-01-01
RICE,61.92,160992.00,Tanga Coastal Exchange,2024-01-01
RICE,56.99,148174.00,Tabora Grain Yard,2024-01-01
RICE,63.59,165334.00,Kigoma Lake Hub,2024-01-01
BEANS,70.65,183690.00,Dar Es Salaam Wholesale,2024-01-01
BEANS,67.33,175058.00,Mwanza Central Hub,2024-01-01
BEANS,72.93,189618.00,Arusha North Hub,2024-01-01
BEANS,69.59,180934.00,Dodoma Wholesale Hub,2024-01-01
BEANS,66.25,172250.00,Mbeya Border Market,2024-01-01
BEANS,70.49,183274.00,Tanga Coastal Exchange,2024-01-01
BEANS,65.06,169156.00,Tabora Grain Yard,2024-01-01
BEANS,72.77,189202.00,Kigoma Lake Hub,2024-01-01
WHEAT,48.68,126568.00,Dar Es Salaam Wholesale,2024-01-01
WHEAT,46.25,120250.00,Mwanza Central Hub,2024-01-01
WHEAT,49.95,129870.00,Arusha North Hub,2024-01-01
WHEAT,47.52,123552.00,Dodoma Wholesale Hub,2024-01-01
WHEAT,45.10,117260.00,Mbeya Border Market,2024-01-01
WHEAT,47.84,124384.00,Tanga Coastal Exchange,2024-01-01
WHEAT,44.02,114452.00,Tabora Grain Yard,2024-01-01
WHEAT,49.10,127660.00,Kigoma Lake Hub,2024-01-01
SORGHUM,38.73,100698.00,Dar Es Salaam Wholesale,2024-01-01
SORGHUM,36.91,95966.00,Mwanza Central Hub,2024-01-01
SORGHUM,39.98,103948.00,Arusha North Hub,2024-01-01
SORGHUM,38.15,99190.00,Dodoma Wholesale Hub,2024-01-01
SORGHUM,36.32,94432.00,Mbeya Border Market,2024-01-01
SORGHUM,38.65,100490.00,Tanga Coastal Exchange,2024-01-01
SORGHUM,35.67,92742.00,Tabora Grain Yard,2024-01-01
SORGHUM,39.91,103766.00,Kigoma Lake Hub,2024-01-01
CASSAVA,26.82,69732.00,Dar Es Salaam Wholesale,2024-01-01
CASSAVA,25.49,66274.00,Mwanza Central Hub,2024-01-01
CASSAVA,27.53,71578.00,Arusha North Hub,2024-01-01
CASSAVA,26.20,68120.00,Dodoma Wholesale Hub,2024-01-01
CASSAVA,24.87,64662.00,Mbeya Border Market,2024-01-01
CASSAVA,26.38,68588.00,Tanga Coastal Exchange,2024-01-01
CASSAVA,24.28,63128.00,Tabora Grain Yard,2024-01-01
CASSAVA,27.08,70408.00,Kigoma Lake Hub,2024-01-01
POTATO,29.79,77454.00,Dar Es Salaam Wholesale,2024-01-01
POTATO,28.38,73788.00,Mwanza Central Hub,2024-01-01
POTATO,30.73,79898.00,Arusha North Hub,2024-01-01
POTATO,29.31,76206.00,Dodoma Wholesale Hub,2024-01-01
POTATO,27.89,72514.00,Mbeya Border Market,2024-01-01
POTATO,29.66,77116.00,Tanga Coastal Exchange,2024-01-01
POTATO,27.37,71162.00,Tabora Grain Yard,2024-01-01
POTATO,30.61,79586.00,Kigoma Lake Hub,2024-01-01
GROUNDNUT,72.06,187356.00,Dar Es Salaam Wholesale,2024-01-01
GROUNDNUT,68.52,178152.00,Mwanza Central Hub,2024-01-01
GROUNDNUT,74.07,192582.00,Arusha North Hub,2024-01-01
GROUNDNUT,70.53,183378.00,Dodoma Wholesale Hub,2024-01-01
GROUNDNUT,67.00,174200.00,Mbeya Border Market,2024-01-01
GROUNDNUT,71.14,184964.00,Tanga Coastal Exchange,2024-01-01
GROUNDNUT,65.51,170326.00,Tabora Grain Yard,2024-01-01
GROUNDNUT,73.12,190112.00,Kigoma Lake Hub,2024-01-01
SUNFLOWER,49.16,127816.00,Dar Es Salaam Wholesale,2024-01-01
SUNFLOWER,46.78,121628.00,Mwanza Central Hub,2024-01-01
SUNFLOWER,50.60,131560.00,Arusha North Hub,2024-01-01
SUNFLOWER,48.23,125398.00,Dodoma Wholesale Hub,2024-01-01
SUNFLOWER,45.85,119210.00,Mbeya Border Market,2024-01-01
SUNFLOWER,48.73,126698.00,Tanga Coastal Exchange,2024-01-01
SUNFLOWER,44.92,116792.00,Tabora Grain Yard,2024-01-01
SUNFLOWER,50.19,130494.00,Kigoma Lake Hub,2024-01-01
COFFEE,74.03,192478.00,Dar Es Salaam Wholesale,2024-01-01
COFFEE,70.47,183222.00,Mwanza Central Hub,2024-01-01
COFFEE,76.24,198224.00,Arusha North Hub,2024-01-01
COFFEE,72.67,188942.00,Dodoma Wholesale Hub,2024-01-01
COFFEE,69.09,179634.00,Mbeya Border Market,2024-01-01
COFFEE,73.42,190892.00,Tanga Coastal Exchange,2024-01-01
COFFEE,67.68,175968.00,Tabora Grain Yard,2024-01-01
COFFEE,75.61,196586.00,Kigoma Lake Hub,2024-01-01
CASHEW,77.52,201552.00,Dar Es Salaam Wholesale,2024-01-01
CASHEW,73.70,191620.00,Mwanza Central Hub,2024-01-01
CASHEW,79.65,207090.00,Arusha North Hub,2024-01-01
CASHEW,75.83,197158.00,Dodoma Wholesale Hub,2024-01-01
CASHEW,72.02,187252.00,Mbeya Border Market,2024-01-01
CASHEW,76.47,198822.00,Tanga Coastal Exchange,2024-01-01
CASHEW,70.42,183092.00,Tabora Grain Yard,2024-01-01
CASHEW,78.61,204386.00,Kigoma Lake Hub,2024-01-01
COCONUT,72.42,188292.00,Dar Es Salaam Wholesale,2024-01-01
COCONUT,68.99,179374.00,Mwanza Central Hub,2024-01-01
COCONUT,74.71,194246.00,Arusha North Hub,2024-01-01
COCONUT,71.26,185276.00,Dodoma Wholesale Hub,2024-01-01
COCONUT,67.81,176306.00,Mbeya Border Market,2024-01-01
COCONUT,72.13,187538.00,Tanga Coastal Exchange,2024-01-01
COCONUT,66.54,173004.00,Tabora Grain Yard,2024-01-01
COCONUT,74.40,193440.00,Kigoma Lake Hub,2024-01-01
MAIZE,44.01,114426.00,Dar Es Salaam Wholesale,2024-01-08
MAIZE,41.83,108758.00,Mwanza Central Hub,2024-01-08
MAIZE,45.19,117494.00,Arusha North Hub,2024-01-08
MAIZE,43.01,111826.00,Dodoma Wholesale Hub,2024-01-08
MAIZE,40.84,106184.00,Mbeya Border Market,2024-01-08
MAIZE,43.34,112684.00,Tanga Coastal Exchange,2024-01-08
MAIZE,39.90,103740.00,Tabora Grain Yard,2024-01-08
MAIZE,44.53,115778.00,Kigoma Lake Hub,2024-01-08
RICE,63.16,164216.00,Dar Es Salaam Wholesale,2024-01-08
RICE,60.18,156468.00,Mwanza Central Hub,2024-01-08
RICE,65.18,169468.00,Arusha North Hub,2024-01-08
RICE,62.19,161694.00,Dodoma Wholesale Hub,2024-01-08
RICE,59.19,153894.00,Mbeya Border Market,2024-01-08
RICE,62.98,163748.00,Tanga Coastal Exchange,2024-01-08
RICE,58.12,151112.00,Tabora Grain Yard,2024-01-08
RICE,65.00,169000.00,Kigoma Lake Hub,2024-01-08
BEANS,73.70,191620.00,Dar Es Salaam Wholesale,2024-01-08
BEANS,70.01,182026.00,Mwanza Central Hub,2024-01-08
BEANS,75.61,196586.00,Arusha North Hub,2024-01-08
BEANS,71.94,187044.00,Dodoma Wholesale Hub,2024-01-08
BEANS,68.27,177502.00,Mbeya Border Market,2024-01-08
BEANS,72.43,188318.00,Tanga Coastal Exchange,2024-01-08
BEANS,66.65,173290.00,Tabora Grain Yard,2024-01-08
BEANS,74.33,193258.00,Kigoma Lake Hub,2024-01-08
WHEAT,48.23,125398.00,Dar Es Salaam Wholesale,2024-01-08
WHEAT,45.96,119496.00,Mwanza Central Hub,2024-01-08
WHEAT,49.79,129454.00,Arusha North Hub,2024-01-08
WHEAT,47.51,123526.00,Dodoma Wholesale Hub,2024-01-08
WHEAT,45.23,117598.00,Mbeya Border Market,2024-01-08
WHEAT,48.13,125138.00,Tanga Coastal Exchange,2024-01-08
WHEAT,44.42,115492.00,Tabora Grain Yard,2024-01-08
WHEAT,49.70,129220.00,Kigoma Lake Hub,2024-01-08
SORGHUM,37.92,98592.00,Dar Es Salaam Wholesale,2024-01-08
SORGHUM,36.02,93652.00,Mwanza Central Hub,2024-01-08
SORGHUM,38.91,101166.00,Arusha North Hub,2024-01-08
SORGHUM,37.02,96252.00,Dodoma Wholesale Hub,2024-01-08
SORGHUM,35.13,91338.00,Mbeya Border Market,2024-01-08
SORGHUM,37.27,96902.00,Tanga Coastal Exchange,2024-01-08
SORGHUM,34.30,89180.00,Tabora Grain Yard,2024-01-08
SORGHUM,38.25,99450.00,Kigoma Lake Hub,2024-01-08
CASSAVA,26.31,68406.00,Dar Es Salaam Wholesale,2024-01-08
CASSAVA,25.06,65156.00,Mwanza Central Hub,2024-01-08
CASSAVA,27.14,70564.00,Arusha North Hub,2024-01-08
CASSAVA,25.89,67314.00,Dodoma Wholesale Hub,2024-01-08
CASSAVA,24.64,64064.00,Mbeya Border Market,2024-01-08
CASSAVA,26.21,68146.00,Tanga Coastal Exchange,2024-01-08
CASSAVA,24.19,62894.00,Tabora Grain Yard,2024-01-08
CASSAVA,27.05,70330.00,Kigoma Lake Hub,2024-01-08
POTATO,31.42,81692.00,Dar Es Salaam Wholesale,2024-01-08
POTATO,29.88,77688.00,Mwanza Central Hub,2024-01-08
POTATO,32.29,83954.00,Arusha North Hub,2024-01-08
POTATO,30.74,79924.00,Dodoma Wholesale Hub,2024-01-08
POTATO,29.20,75920.00,Mbeya Border Market,2024-01-08
POTATO,31.00,80600.00,Tanga Coastal Exchange,2024-01-08
POTATO,28.54,74204.00,Tabora Grain Yard,2024-01-08
POTATO,31.85,82810.00,Kigoma Lake Hub,2024-01-08
GROUNDNUT,67.00,174200.00,Dar Es Salaam Wholesale,2024-01-08
GROUNDNUT,63.77,165802.00,Mwanza Central Hub,2024-01-08
GROUNDNUT,69.00,179400.00,Arusha North Hub,2024-01-08
GROUNDNUT,65.77,171002.00,Dodoma Wholesale Hub,2024-01-08
GROUNDNUT,62.54,162604.00,Mbeya Border Market,2024-01-08
GROUNDNUT,66.48,172848.00,Tanga Coastal Exchange,2024-01-08
GROUNDNUT,61.30,159380.00,Tabora Grain Yard,2024-01-08
GROUNDNUT,68.51,178126.00,Kigoma Lake Hub,2024-01-08
SUNFLOWER,53.25,138450.00,Dar Es Salaam Wholesale,2024-01-08
SUNFLOWER,50.68,131768.00,Mwanza Central Hub,2024-01-08
SUNFLOWER,54.82,142532.00,Arusha North Hub,2024-01-08
SUNFLOWER,52.24,135824.00,Dodoma Wholesale Hub,2024-01-08
SUNFLOWER,49.66,129116.00,Mbeya Border Market,2024-01-08
SUNFLOWER,52.76,137176.00,Tanga Coastal Exchange,2024-01-08
SUNFLOWER,48.63,126438.00,Tabora Grain Yard,2024-01-08
SUNFLOWER,54.32,141232.00,Kigoma Lake Hub,2024-01-08
COFFEE,69.05,179530.00,Dar Es Salaam Wholesale,2024-01-08
COFFEE,65.65,170690.00,Mwanza Central Hub,2024-01-08
COFFEE,70.97,184522.00,Arusha North Hub,2024-01-08
COFFEE,67.58,175708.00,Dodoma Wholesale Hub,2024-01-08
COFFEE,64.20,166920.00,Mbeya Border Market,2024-01-08
COFFEE,68.17,177242.00,Tanga Coastal Exchange,2024-01-08
COFFEE,62.79,163254.00,Tabora Grain Yard,2024-01-08
COFFEE,70.11,182286.00,Kigoma Lake Hub,2024-01-08
CASHEW,81.38,211588.00,Dar Es Salaam Wholesale,2024-01-08
CASHEW,77.51,201526.00,Mwanza Central Hub,2024-01-08
CASHEW,83.92,218192.00,Arusha North Hub,2024-01-08
CASHEW,80.04,208104.00,Dodoma Wholesale Hub,2024-01-08
CASHEW,76.15,197990.00,Mbeya Border Market,2024-01-08
CASHEW,80.98,210548.00,Tanga Coastal Exchange,2024-01-08
CASHEW,74.70,194220.00,Tabora Grain Yard,2024-01-08
CASHEW,83.51,217126.00,Kigoma Lake Hub,2024-01-08
COCONUT,71.55,186030.00,Dar Es Salaam Wholesale,2024-01-08
COCONUT,67.98,176748.00,Mwanza Central Hub,2024-01-08
COCONUT,73.43,190918.00,Arusha North Hub,2024-01-08
COCONUT,69.87,181662.00,Dodoma Wholesale Hub,2024-01-08
COCONUT,66.33,172458.00,Mbeya Border Market,2024-01-08
COCONUT,70.38,182988.00,Tanga Coastal Exchange,2024-01-08
COCONUT,64.78,168428.00,Tabora Grain Yard,2024-01-08
COCONUT,72.27,187902.00,Kigoma Lake Hub,2024-01-08
MAIZE,44.93,116818.00,Dar Es Salaam Wholesale,2024-01-15
MAIZE,42.81,111306.00,Mwanza Central Hub,2024-01-15
MAIZE,46.36,120536.00,Arusha North Hub,2024-01-15
MAIZE,44.23,114998.00,Dodoma Wholesale Hub,2024-01-15
MAIZE,42.10,109460.00,Mbeya Border Market,2024-01-15
MAIZE,44.78,116428.00,Tanga Coastal Exchange,2024-01-15
MAIZE,41.32,107432.00,Tabora Grain Yard,2024-01-15
MAIZE,46.21,120146.00,Kigoma Lake Hub,2024-01-15
RICE,64.61,167986.00,Dar Es Salaam Wholesale,2024-01-15
RICE,61.38,159588.00,Mwanza Central Hub,2024-01-15
RICE,66.29,172354.00,Arusha North Hub,2024-01-15
RICE,63.07,163982.00,Dodoma Wholesale Hub,2024-01-15
RICE,59.86,155636.00,Mbeya Border Market,2024-01-15
RICE,63.51,165126.00,Tanga Coastal Exchange,2024-01-15
RICE,58.44,151944.00,Tabora Grain Yard,2024-01-15
RICE,65.18,169468.00,Kigoma Lake Hub,2024-01-15
BEANS,74.48,193648.00,Dar Es Salaam Wholesale,2024-01-15
BEANS,70.98,184548.00,Mwanza Central Hub,2024-01-15
BEANS,70.98,184548.00,Arusha North Hub,2024-01-15
BEANS,67.74,176124.00,Dodoma Wholesale Hub,2024-01-15
BEANS,64.50,167700.00,Mbeya Border Market,2024-01-15
BEANS,68.64,178464.00,Tanga Coastal Exchange,2024-01-15
BEANS,63.36,164736.00,Tabora Grain Yard,2024-01-15
BEANS,70.89,184314.00,Kigoma Lake Hub,2024-01-15
WHEAT,46.30,120380.00,Dar Es Salaam Wholesale,2024-01-15
WHEAT,43.99,114374.00,Mwanza Central Hub,2024-01-15
WHEAT,47.50,123500.00,Arusha North Hub,2024-01-15
WHEAT,45.19,117494.00,Dodoma Wholesale Hub,2024-01-15
WHEAT,42.89,111514.00,Mbeya Border Market,2024-01-15
WHEAT,45.50,118300.00,Tanga Coastal Exchange,2024-01-15
WHEAT,41.86,108836.00,Tabora Grain Yard,2024-01-15
WHEAT,46.69,121394.00,Kigoma Lake Hub,2024-01-15
SORGHUM,37.82,98332.00,Dar Es Salaam Wholesale,2024-01-15
SORGHUM,36.03,93678.00,Mwanza Central Hub,2024-01-15
SORGHUM,39.02,101452.00,Arusha North Hub,2024-01-15
SORGHUM,37.23,96798.00,Dodoma Wholesale Hub,2024-01-15
SORGHUM,35.44,92144.00,Mbeya Border Market,2024-01-15
SORGHUM,37.70,98020.00,Tanga Coastal Exchange,2024-01-15
SORGHUM,34.79,90454.00,Tabora Grain Yard,2024-01-15
SORGHUM,38.92,101192.00,Kigoma Lake Hub,2024-01-15
CASSAVA,27.40,71240.00,Dar Es Salaam Wholesale,2024-01-15
CASSAVA,26.05,67730.00,Mwanza Central Hub,2024-01-15
CASSAVA,28.15,73190.00,Arusha North Hub,2024-01-15
CASSAVA,26.80,69680.00,Dodoma Wholesale Hub,2024-01-15
CASSAVA,25.44,66144.00,Mbeya Border Market,2024-01-15
CASSAVA,27.01,70226.00,Tanga Coastal Exchange,2024-01-15
CASSAVA,24.86,64636.00,Tabora Grain Yard,2024-01-15
CASSAVA,27.74,72124.00,Kigoma Lake Hub,2024-01-15
POTATO,29.42,76492.00,Dar Es Salaam Wholesale,2024-01-15
POTATO,28.01,72826.00,Mwanza Central Hub,2024-01-15
POTATO,30.31,78806.00,Arusha North Hub,2024-01-15
POTATO,28.90,75140.00,Dodoma Wholesale Hub,2024-01-15
POTATO,27.49,71474.00,Mbeya Border Market,2024-01-15
POTATO,29.22,75972.00,Tanga Coastal Exchange,2024-01-15
POTATO,26.95,70070.00,Tabora Grain Yard,2024-01-15
POTATO,30.13,78338.00,Kigoma Lake Hub,2024-01-15
GROUNDNUT,72.53,188578.00,Dar Es Salaam Wholesale,2024-01-15
GROUNDNUT,69.00,179400.00,Mwanza Central Hub,2024-01-15
GROUNDNUT,74.63,194038.00,Arusha North Hub,2024-01-15
GROUNDNUT,71.10,184860.00,Dodoma Wholesale Hub,2024-01-15
GROUNDNUT,67.57,175682.00,Mbeya Border Market,2024-01-15
GROUNDNUT,71.79,186654.00,Tanga Coastal Exchange,2024-01-15
GROUNDNUT,66.14,171964.00,Tabora Grain Yard,2024-01-15
GROUNDNUT,73.87,192062.00,Kigoma Lake Hub,2024-01-15
SUNFLOWER,49.39,128414.00,Dar Es Salaam Wholesale,2024-01-15
SUNFLOWER,46.97,122122.00,Mwanza Central Hub,2024-01-15
SUNFLOWER,50.79,132054.00,Arusha North Hub,2024-01-15
SUNFLOWER,48.37,125762.00,Dodoma Wholesale Hub,2024-01-15
SUNFLOWER,45.96,119496.00,Mbeya Border Market,2024-01-15
SUNFLOWER,48.81,126906.00,Tanga Coastal Exchange,2024-01-15
SUNFLOWER,44.97,116922.00,Tabora Grain Yard,2024-01-15
SUNFLOWER,50.22,130572.00,Kigoma Lake Hub,2024-01-15
COFFEE,73.30,190580.00,Dar Es Salaam Wholesale,2024-01-15
COFFEE,69.80,181480.00,Mwanza Central Hub,2024-01-15
COFFEE,75.57,196482.00,Arusha North Hub,2024-01-15
COFFEE,72.06,187356.00,Dodoma Wholesale Hub,2024-01-15
COFFEE,68.55,178230.00,Mbeya Border Market,2024-01-15
COFFEE,72.89,189514.00,Tanga Coastal Exchange,2024-01-15
COFFEE,67.22,174772.00,Tabora Grain Yard,2024-01-15
COFFEE,75.14,195364.00,Kigoma Lake Hub,2024-01-15
CASHEW,79.13,205738.00,Dar Es Salaam Wholesale,2024-01-15
CASHEW,75.19,195494.00,Mwanza Central Hub,2024-01-15
CASHEW,81.23,211198.00,Arusha North Hub,2024-01-15
CASHEW,77.31,201006.00,Dodoma Wholesale Hub,2024-01-15
CASHEW,73.39,190814.00,Mbeya Border Market,2024-01-15
CASHEW,77.89,202514.00,Tanga Coastal Exchange,2024-01-15
CASHEW,71.69,186394.00,Tabora Grain Yard,2024-01-15
CASHEW,79.99,207974.00,Kigoma Lake Hub,2024-01-15
COCONUT,70.77,184002.00,Dar Es Salaam Wholesale,2024-01-15
COCONUT,67.44,175344.00,Mwanza Central Hub,2024-01-15
COCONUT,73.05,189930.00,Arusha North Hub,2024-01-15
COCONUT,69.71,181246.00,Dodoma Wholesale Hub,2024-01-15
COCONUT,66.36,172536.00,Mbeya Border Market,2024-01-15
COCONUT,70.61,183586.00,Tanga Coastal Exchange,2024-01-15
COCONUT,65.16,169416.00,Tabora Grain Yard,2024-01-15
COCONUT,72.89,189514.00,Kigoma Lake Hub,2024-01-15
MAIZE,45.12,117312.00,Dar Es Salaam Wholesale,2024-01-22
MAIZE,42.87,111462.00,Mwanza Central Hub,2024-01-22
MAIZE,46.30,120380.00,Arusha North Hub,2024-01-22
MAIZE,44.06,114556.00,Dodoma Wholesale Hub,2024-01-22
MAIZE,41.82,108732.00,Mbeya Border Market,2024-01-22
MAIZE,44.37,115362.00,Tanga Coastal Exchange,2024-01-22
MAIZE,40.83,106158.00,Tabora Grain Yard,2024-01-22
MAIZE,45.55,118430.00,Kigoma Lake Hub,2024-01-22
RICE,61.52,159952.00,Dar Es Salaam Wholesale,2024-01-22
RICE,58.62,152412.00,Mwanza Central Hub,2024-01-22
RICE,63.51,165126.00,Arusha North Hub,2024-01-22
RICE,60.62,157612.00,Dodoma Wholesale Hub,2024-01-22
RICE,57.71,150046.00,Mbeya Border Market,2024-01-22
RICE,61.41,159666.00,Tanga Coastal Exchange,2024-01-22
RICE,56.69,147394.00,Tabora Grain Yard,2024-01-22
RICE,63.42,164892.00,Kigoma Lake Hub,2024-01-22
BEANS,70.08,182208.00,Dar Es Salaam Wholesale,2024-01-22
BEANS,66.57,173082.00,Mwanza Central Hub,2024-01-22
BEANS,71.89,186914.00,Arusha North Hub,2024-01-22
BEANS,68.39,177814.00,Dodoma Wholesale Hub,2024-01-22
BEANS,64.90,168740.00,Mbeya Border Market,2024-01-22
BEANS,68.84,178984.00,Tanga Coastal Exchange,2024-01-22
BEANS,63.34,164684.00,Tabora Grain Yard,2024-01-22
BEANS,70.63,183638.00,Kigoma Lake Hub,2024-01-22
WHEAT,47.04,122304.00,Dar Es Salaam Wholesale,2024-01-22
WHEAT,44.82,116532.00,Mwanza Central Hub,2024-01-22
WHEAT,48.54,126204.00,Arusha North Hub,2024-01-22
WHEAT,46.32,120432.00,Dodoma Wholesale Hub,2024-01-22
WHEAT,44.09,114634.00,Mbeya Border Market,2024-01-22
WHEAT,46.91,121966.00,Tanga Coastal Exchange,2024-01-22
WHEAT,43.30,112580.00,Tabora Grain Yard,2024-01-22
WHEAT,48.43,125918.00,Kigoma Lake Hub,2024-01-22
SORGHUM,38.83,100958.00,Dar Es Salaam Wholesale,2024-01-22
SORGHUM,36.91,95966.00,Mwanza Central Hub,2024-01-22
SORGHUM,39.88,103688.00,Arusha North Hub,2024-01-22
SORGHUM,37.95,98670.00,Dodoma Wholesale Hub,2024-01-22
SORGHUM,36.03,93678.00,Mbeya Border Market,2024-01-22
SORGHUM,38.24,99424.00,Tanga Coastal Exchange,2024-01-22
SORGHUM,35.20,91520.00,Tabora Grain Yard,2024-01-22
SORGHUM,39.27,102102.00,Kigoma Lake Hub,2024-01-22
CASSAVA,25.90,67340.00,Dar Es Salaam Wholesale,2024-01-22
CASSAVA,24.66,64116.00,Mwanza Central Hub,2024-01-22
CASSAVA,26.69,69394.00,Arusha North Hub,2024-01-22
CASSAVA,25.45,66170.00,Dodoma Wholesale Hub,2024-01-22
CASSAVA,24.21,62946.00,Mbeya Border Market,2024-01-22
CASSAVA,25.75,66950.00,Tanga Coastal Exchange,2024-01-22
CASSAVA,23.75,61750.00,Tabora Grain Yard,2024-01-22
CASSAVA,26.55,69030.00,Kigoma Lake Hub,2024-01-22
POTATO,31.74,82524.00,Dar Es Salaam Wholesale,2024-01-22
POTATO,30.19,78494.00,Mwanza Central Hub,2024-01-22
POTATO,32.65,84890.00,Arusha North Hub,2024-01-22
POTATO,31.10,80860.00,Dodoma Wholesale Hub,2024-01-22
POTATO,29.55,76830.00,Mbeya Border Market,2024-01-22
POTATO,31.38,81588.00,Tanga Coastal Exchange,2024-01-22
POTATO,28.91,75166.00,Tabora Grain Yard,2024-01-22
POTATO,32.28,83928.00,Kigoma Lake Hub,2024-01-22
GROUNDNUT,67.07,174382.00,Dar Es Salaam Wholesale,2024-01-22
GROUNDNUT,63.80,165880.00,Mwanza Central Hub,2024-01-22
GROUNDNUT,68.99,179374.00,Arusha North Hub,2024-01-22
GROUNDNUT,65.72,170872.00,Dodoma Wholesale Hub,2024-01-22
GROUNDNUT,62.46,162396.00,Mbeya Border Market,2024-01-22
GROUNDNUT,66.35,172510.00,Tanga Coastal Exchange,2024-01-22
GROUNDNUT,61.14,158964.00,Tabora Grain Yard,2024-01-22
GROUNDNUT,68.29,177554.00,Kigoma Lake Hub,2024-01-22
SUNFLOWER,52.90,137540.00,Dar Es Salaam Wholesale,2024-01-22
SUNFLOWER,50.37,130962.00,Mwanza Central Hub,2024-01-22
SUNFLOWER,54.52,141752.00,Arusha North Hub,2024-01-22
SUNFLOWER,51.98,135148.00,Dodoma Wholesale Hub,2024-01-22
SUNFLOWER,49.44,128544.00,Mbeya Border Market,2024-01-22
SUNFLOWER,52.56,136656.00,Tanga Coastal Exchange,2024-01-22
SUNFLOWER,48.46,125996.00,Tabora Grain Yard,2024-01-22
SUNFLOWER,54.16,140816.00,Kigoma Lake Hub,2024-01-22
COFFEE,70.28,182728.00,Dar Es Salaam Wholesale,2024-01-22
COFFEE,66.80,173680.00,Mwanza Central Hub,2024-01-22
COFFEE,72.17,187642.00,Arusha North Hub,2024-01-22
COFFEE,68.69,178594.00,Dodoma Wholesale Hub,2024-01-22
COFFEE,65.22,169572.00,Mbeya Border Market,2024-01-22
COFFEE,69.23,179998.00,Tanga Coastal Exchange,2024-01-22
COFFEE,63.73,165698.00,Tabora Grain Yard,2024-01-22
COFFEE,71.12,184912.00,Kigoma Lake Hub,2024-01-22
CASHEW,79.70,207220.00,Dar Es Salaam Wholesale,2024-01-22
CASHEW,75.94,197444.00,Mwanza Central Hub,2024-01-22
CASHEW,82.25,213850.00,Arusha North Hub,2024-01-22
CASHEW,78.48,204048.00,Dodoma Wholesale Hub,2024-01-22
CASHEW,74.70,194220.00,Mbeya Border Market,2024-01-22
CASHEW,79.47,206622.00,Tanga Coastal Exchange,2024-01-22
CASHEW,73.33,190658.00,Tabora Grain Yard,2024-01-22
CASHEW,82.02,213252.00,Kigoma Lake Hub,2024-01-22
COCONUT,73.54,191204.00,Dar Es Salaam Wholesale,2024-01-22
COCONUT,69.86,181636.00,Mwanza Central Hub,2024-01-22
COCONUT,75.45,196170.00,Arusha North Hub,2024-01-22
COCONUT,71.78,186628.00,Dodoma Wholesale Hub,2024-01-22
COCONUT,68.13,177138.00,Mbeya Border Market,2024-01-22
COCONUT,72.28,187928.00,Tanga Coastal Exchange,2024-01-22
COCONUT,66.51,172926.00,Tabora Grain Yard,2024-01-22
COCONUT,74.18,192868.00,Kigoma Lake Hub,2024-01-22
MAIZE,43.83,113958.00,Dar Es Salaam Wholesale,2024-01-29
MAIZE,41.77,108602.00,Mwanza Central Hub,2024-01-29
MAIZE,45.25,117650.00,Arusha North Hub,2024-01-29
MAIZE,43.19,112294.00,Dodoma Wholesale Hub,2024-01-29
MAIZE,41.11,106886.00,Mbeya Border Market,2024-01-29
MAIZE,43.75,113750.00,Tanga Coastal Exchange,2024-01-29
MAIZE,40.38,104988.00,Tabora Grain Yard,2024-01-29
MAIZE,45.17,117442.00,Kigoma Lake Hub,2024-01-29
RICE,61.39,159614.00,Dar Es Salaam Wholesale,2024-01-29
RICE,58.32,151632.00,Mwanza Central Hub,2024-01-29
RICE,62.97,163722.00,Arusha North Hub,2024-01-29
RICE,59.90,155740.00,Dodoma Wholesale Hub,2024-01-29
RICE,61.58,160108.00,Mbeya Border Market,2024-01-29
RICE,65.33,169858.00,Tanga Coastal Exchange,2024-01-29
RICE,60.12,156312.00,Tabora Grain Yard,2024-01-29
RICE,67.05,174330.00,Kigoma Lake Hub,2024-01-29
BEANS,72.59,188734.00,Dar Es Salaam Wholesale,2024-01-29
BEANS,69.17,179842.00,Mwanza Central Hub,2024-01-29
BEANS,74.93,194818.00,Arusha North Hub,2024-01-29
BEANS,71.50,185900.00,Dodoma Wholesale Hub,2024-01-29
BEANS,68.06,176956.00,Mbeya Border Market,2024-01-29
BEANS,72.42,188292.00,Tanga Coastal Exchange,2024-01-29
BEANS,66.84,173784.00,Tabora Grain Yard,2024-01-29
BEANS,74.78,194428.00,Kigoma Lake Hub,2024-01-29
WHEAT,47.52,123552.00,Dar Es Salaam Wholesale,2024-01-29
WHEAT,45.16,117416.00,Mwanza Central Hub,2024-01-29
WHEAT,48.79,126854.00,Arusha North Hub,2024-01-29
WHEAT,46.43,120718.00,Dodoma Wholesale Hub,2024-01-29
WHEAT,44.07,114582.00,Mbeya Border Market,2024-01-29
WHEAT,46.77,121602.00,Tanga Coastal Exchange,2024-01-29
WHEAT,43.04,111904.00,Tabora Grain Yard,2024-01-29
WHEAT,48.01,124826.00,Kigoma Lake Hub,2024-01-29
SORGHUM,37.13,96538.00,Dar Es Salaam Wholesale,2024-01-29
SORGHUM,35.36,91936.00,Mwanza Central Hub,2024-01-29
SORGHUM,38.28,99528.00,Arusha North Hub,2024-01-29
SORGHUM,36.51,94926.00,Dodoma Wholesale Hub,2024-01-29
SORGHUM,34.74,90324.00,Mbeya Border Market,2024-01-29
SORGHUM,36.95,96070.00,Tanga Coastal Exchange,2024-01-29
SORGHUM,34.08,88608.00,Tabora Grain Yard,2024-01-29
SORGHUM,38.11,99086.00,Kigoma Lake Hub,2024-01-29
CASSAVA,27.77,72202.00,Dar Es Salaam Wholesale,2024-01-29
CASSAVA,26.41,68666.00,Mwanza Central Hub,2024-01-29
CASSAVA,28.55,74230.00,Arusha North Hub,2024-01-29
CASSAVA,27.19,70694.00,Dodoma Wholesale Hub,2024-01-29
CASSAVA,25.83,67158.00,Mbeya Border Market,2024-01-29
CASSAVA,27.43,71318.00,Tanga Coastal Exchange,2024-01-29
CASSAVA,25.27,65702.00,Tabora Grain Yard,2024-01-29
CASSAVA,28.21,73346.00,Kigoma Lake Hub,2024-01-29
POTATO,29.34,76284.00,Dar Es Salaam Wholesale,2024-01-29
POTATO,27.91,72566.00,Mwanza Central Hub,2024-01-29
POTATO,30.19,78494.00,Arusha North Hub,2024-01-29
POTATO,28.77,74802.00,Dodoma Wholesale Hub,2024-01-29
POTATO,27.35,71110.00,Mbeya Border Market,2024-01-29
POTATO,29.06,75556.00,Tanga Coastal Exchange,2024-01-29
POTATO,26.78,69628.00,Tabora Grain Yard,2024-01-29
POTATO,29.92,77792.00,Kigoma Lake Hub,2024-01-29
GROUNDNUT,72.30,187980.00,Dar Es Salaam Wholesale,2024-01-29
GROUNDNUT,68.82,178932.00,Mwanza Central Hub,2024-01-29
GROUNDNUT,74.48,193648.00,Arusha North Hub,2024-01-29
GROUNDNUT,70.99,184574.00,Dodoma Wholesale Hub,2024-01-29
GROUNDNUT,67.51,175526.00,Mbeya Border Market,2024-01-29
GROUNDNUT,71.75,186550.00,Tanga Coastal Exchange,2024-01-29
GROUNDNUT,66.15,171990.00,Tabora Grain Yard,2024-01-29
GROUNDNUT,73.91,192166.00,Kigoma Lake Hub,2024-01-29
SUNFLOWER,50.12,130312.00,Dar Es Salaam Wholesale,2024-01-29
SUNFLOWER,47.64,123864.00,Mwanza Central Hub,2024-01-29
SUNFLOWER,51.48,133848.00,Arusha North Hub,2024-01-29
SUNFLOWER,49.00,127400.00,Dodoma Wholesale Hub,2024-01-29
SUNFLOWER,46.54,121004.00,Mbeya Border Market,2024-01-29
SUNFLOWER,49.40,128440.00,Tanga Coastal Exchange,2024-01-29
SUNFLOWER,45.49,118274.00,Tabora Grain Yard,2024-01-29
SUNFLOWER,50.77,132002.00,Kigoma Lake Hub,2024-01-29
COFFEE,71.98,187148.00,Dar Es Salaam Wholesale,2024-01-29
COFFEE,68.57,178282.00,Mwanza Central Hub,2024-01-29
COFFEE,74.26,193076.00,Arusha North Hub,2024-01-29
COFFEE,70.85,184210.00,Dodoma Wholesale Hub,2024-01-29
COFFEE,67.42,175292.00,Mbeya Border Market,2024-01-29
COFFEE,71.72,186472.00,Tanga Coastal Exchange,2024-01-29
COFFEE,66.18,172068.00,Tabora Grain Yard,2024-01-29
COFFEE,74.01,192426.00,Kigoma Lake Hub,2024-01-29
CASHEW,81.23,211198.00,Dar Es Salaam Wholesale,2024-01-29
CASHEW,77.18,200668.00,Mwanza Central Hub,2024-01-29
CASHEW,83.35,216710.00,Arusha North Hub,2024-01-29
CASHEW,79.30,206180.00,Dodoma Wholesale Hub,2024-01-29
CASHEW,75.27,195702.00,Mbeya Border Market,2024-01-29
CASHEW,79.86,207636.00,Tanga Coastal Exchange,2024-01-29
CASHEW,73.49,191074.00,Tabora Grain Yard,2024-01-29
CASHEW,81.97,213122.00,Kigoma Lake Hub,2024-01-29
COCONUT,68.87,179062.00,Dar Es Salaam Wholesale,2024-01-29
COCONUT,65.64,170664.00,Mwanza Central Hub,2024-01-29
COCONUT,71.11,184886.00,Arusha North Hub,2024-01-29
COCONUT,67.87,176462.00,Dodoma Wholesale Hub,2024-01-29
COCONUT,64.62,168012.00,Mbeya Border Market,2024-01-29
COCONUT,68.77,178802.00,Tanga Coastal Exchange,2024-01-29
COCONUT,63.48,165048.00,Tabora Grain Yard,2024-01-29
COCONUT,71.02,184652.00,Kigoma Lake Hub,2024-01-29
MAIZE,48.27,125502.00,Dar Es Salaam Wholesale,2024-02-05
MAIZE,45.86,119236.00,Mwanza Central Hub,2024-02-05
MAIZE,49.52,128752.00,Arusha North Hub,2024-02-05
MAIZE,47.12,122512.00,Dodoma Wholesale Hub,2024-02-05
MAIZE,44.71,116246.00,Mbeya Border Market,2024-02-05
MAIZE,47.44,123344.00,Tanga Coastal Exchange,2024-02-05
MAIZE,43.65,113490.00,Tabora Grain Yard,2024-02-05
MAIZE,48.68,126568.00,Kigoma Lake Hub,2024-02-05
RICE,66.72,173472.00,Dar Es Salaam Wholesale,2024-02-05
RICE,63.58,165308.00,Mwanza Central Hub,2024-02-05
RICE,68.87,179062.00,Arusha North Hub,2024-02-05
RICE,65.72,170872.00,Dodoma Wholesale Hub,2024-02-05
RICE,62.56,162656.00,Mbeya Border Market,2024-02-05
RICE,66.58,173108.00,Tanga Coastal Exchange,2024-02-05
RICE,61.45,159770.00,Tabora Grain Yard,2024-02-05
RICE,68.74,178724.00,Kigoma Lake Hub,2024-02-05
BEANS,72.78,189228.00,Dar Es Salaam Wholesale,2024-02-05
BEANS,69.15,179790.00,Mwanza Central Hub,2024-02-05
BEANS,74.70,194220.00,Arusha North Hub,2024-02-05
BEANS,71.07,184782.00,Dodoma Wholesale Hub,2024-02-05
BEANS,67.46,175396.00,Mbeya Border Market,2024-02-05
BEANS,71.57,186082.00,Tanga Coastal Exchange,2024-02-05
BEANS,65.87,171262.00,Tabora Grain Yard,2024-02-05
BEANS,73.47,191022.00,Kigoma Lake Hub,2024-02-05
WHEAT,45.62,118612.00,Dar Es Salaam Wholesale,2024-02-05
WHEAT,43.45,112970.00,Mwanza Central Hub,2024-02-05
WHEAT,47.05,122330.00,Arusha North Hub,2024-02-05
WHEAT,44.88,116688.00,Dodoma Wholesale Hub,2024-02-05
WHEAT,42.70,111020.00,Mbeya Border Market,2024-02-05
WHEAT,45.42,118092.00,Tanga Coastal Exchange,2024-02-05
WHEAT,41.91,108966.00,Tabora Grain Yard,2024-02-05
WHEAT,46.87,121862.00,Kigoma Lake Hub,2024-02-05
SORGHUM,38.39,99814.00,Dar Es Salaam Wholesale,2024-02-05
SORGHUM,36.51,94926.00,Mwanza Central Hub,2024-02-05
SORGHUM,39.46,102596.00,Arusha North Hub,2024-02-05
SORGHUM,37.57,97682.00,Dodoma Wholesale Hub,2024-02-05
SORGHUM,35.69,92794.00,Mbeya Border Market,2024-02-05
SORGHUM,37.89,98514.00,Tanga Coastal Exchange,2024-02-05
SORGHUM,34.89,90714.00,Tabora Grain Yard,2024-02-05
SORGHUM,38.95,101270.00,Kigoma Lake Hub,2024-02-05
CASSAVA,24.74,64324.00,Dar Es Salaam Wholesale,2024-02-05
CASSAVA,23.54,61204.00,Mwanza Central Hub,2024-02-05
CASSAVA,25.47,66222.00,Arusha North Hub,2024-02-05
CASSAVA,24.28,63128.00,Dodoma Wholesale Hub,2024-02-05
CASSAVA,23.08,60008.00,Mbeya Border Market,2024-02-05
CASSAVA,24.53,63778.00,Tanga Coastal Exchange,2024-02-05
CASSAVA,22.61,58786.00,Tabora Grain Yard,2024-02-05
CASSAVA,25.27,65702.00,Kigoma Lake Hub,2024-02-05
POTATO,30.48,79248.00,Dar Es Salaam Wholesale,2024-02-05
POTATO,29.01,75426.00,Mwanza Central Hub,2024-02-05
POTATO,31.38,81588.00,Arusha North Hub,2024-02-05
POTATO,29.91,77766.00,Dodoma Wholesale Hub,2024-02-05
POTATO,28.44,73944.00,Mbeya Border Market,2024-02-05
POTATO,30.22,78572.00,Tanga Coastal Exchange,2024-02-05
POTATO,27.85,72410.00,Tabora Grain Yard,2024-02-05
POTATO,31.12,80912.00,Kigoma Lake Hub,2024-02-05
GROUNDNUT,65.75,170950.00,Dar Es Salaam Wholesale,2024-02-05
GROUNDNUT,62.51,162526.00,Mwanza Central Hub,2024-02-05
GROUNDNUT,67.56,175656.00,Arusha North Hub,2024-02-05
GROUNDNUT,64.32,167232.00,Dodoma Wholesale Hub,2024-02-05
GROUNDNUT,61.10,158860.00,Mbeya Border Market,2024-02-05
GROUNDNUT,64.87,168662.00,Tanga Coastal Exchange,2024-02-05
GROUNDNUT,59.74,155324.00,Tabora Grain Yard,2024-02-05
GROUNDNUT,66.69,173394.00,Kigoma Lake Hub,2024-02-05
SUNFLOWER,51.50,133900.00,Dar Es Salaam Wholesale,2024-02-05
SUNFLOWER,49.05,127530.00,Mwanza Central Hub,2024-02-05
SUNFLOWER,53.12,138112.00,Arusha North Hub,2024-02-05
SUNFLOWER,50.67,131742.00,Dodoma Wholesale Hub,2024-02-05
SUNFLOWER,48.21,125346.00,Mbeya Border Market,2024-02-05
SUNFLOWER,51.28,133328.00,Tanga Coastal Exchange,2024-02-05
SUNFLOWER,47.30,122980.00,Tabora Grain Yard,2024-02-05
SUNFLOWER,52.89,137514.00,Kigoma Lake Hub,2024-02-05
COFFEE,72.87,189462.00,Dar Es Salaam Wholesale,2024-02-05
COFFEE,69.23,179998.00,Mwanza Central Hub,2024-02-05
COFFEE,74.78,194428.00,Arusha North Hub,2024-02-05
COFFEE,71.15,184990.00,Dodoma Wholesale Hub,2024-02-05
COFFEE,67.53,175578.00,Mbeya Border Market,2024-02-05
COFFEE,71.66,186316.00,Tanga Coastal Exchange,2024-02-05
COFFEE,65.95,171470.00,Tabora Grain Yard,2024-02-05
COFFEE,73.56,191256.00,Kigoma Lake Hub,2024-02-05
CASHEW,80.10,208260.00,Dar Es Salaam Wholesale,2024-02-05
CASHEW,76.33,198458.00,Mwanza Central Hub,2024-02-05
CASHEW,82.70,215020.00,Arusha North Hub,2024-02-05
CASHEW,78.92,205192.00,Dodoma Wholesale Hub,2024-02-05
CASHEW,75.14,195364.00,Mbeya Border Market,2024-02-05
CASHEW,79.96,207896.00,Tanga Coastal Exchange,2024-02-05
CASHEW,73.80,191880.00,Tabora Grain Yard,2024-02-05
CASHEW,82.57,214682.00,Kigoma Lake Hub,2024-02-05
COCONUT,72.84,189384.00,Dar Es Salaam Wholesale,2024-02-05
COCONUT,69.19,179894.00,Mwanza Central Hub,2024-02-05
COCONUT,74.72,194272.00,Arusha North Hub,2024-02-05
COCONUT,71.08,184808.00,Dodoma Wholesale Hub,2024-02-05
COCONUT,67.45,175370.00,Mbeya Border Market,2024-02-05
COCONUT,71.55,186030.00,Tanga Coastal Exchange,2024-02-05
COCONUT,65.83,171158.00,Tabora Grain Yard,2024-02-05
COCONUT,73.41,190866.00,Kigoma Lake Hub,2024-02-05
MAIZE,48.06,124956.00,Dar Es Salaam Wholesale,2024-02-12
MAIZE,45.80,119080.00,Mwanza Central Hub,2024-02-12
MAIZE,49.61,128986.00,Arusha North Hub,2024-02-12
MAIZE,47.35,123110.00,Dodoma Wholesale Hub,2024-02-12
MAIZE,45.07,117182.00,Mbeya Border Market,2024-02-12
MAIZE,47.96,124696.00,Tanga Coastal Exchange,2024-02-12
MAIZE,44.27,115102.00,Tabora Grain Yard,2024-02-12
MAIZE,45.72,118872.00,Kigoma Lake Hub,2024-02-12
RICE,65.00,169000.00,Dar Es Salaam Wholesale,2024-02-12
RICE,61.75,160550.00,Mwanza Central Hub,2024-02-12
RICE,66.69,173394.00,Arusha North Hub,2024-02-12
RICE,63.45,164970.00,Dodoma Wholesale Hub,2024-02-12
RICE,60.22,156572.00,Mbeya Border Market,2024-02-12
RICE,63.89,166114.00,Tanga Coastal Exchange,2024-02-12
RICE,58.79,152854.00,Tabora Grain Yard,2024-02-12
RICE,65.56,170456.00,Kigoma Lake Hub,2024-02-12
BEANS,71.67,186342.00,Dar Es Salaam Wholesale,2024-02-12
BEANS,68.28,177528.00,Mwanza Central Hub,2024-02-12
BEANS,73.94,192244.00,Arusha North Hub,2024-02-12
BEANS,70.54,183404.00,Dodoma Wholesale Hub,2024-02-12
BEANS,67.13,174538.00,Mbeya Border Market,2024-02-12
BEANS,71.42,185692.00,Tanga Coastal Exchange,2024-02-12
BEANS,65.90,171340.00,Tabora Grain Yard,2024-02-12
BEANS,73.71,191646.00,Kigoma Lake Hub,2024-02-12
WHEAT,47.97,124722.00,Dar Es Salaam Wholesale,2024-02-12
WHEAT,45.61,118586.00,Mwanza Central Hub,2024-02-12
WHEAT,49.29,128154.00,Arusha North Hub,2024-02-12
WHEAT,46.92,121992.00,Dodoma Wholesale Hub,2024-02-12
WHEAT,44.56,115856.00,Mbeya Border Market,2024-02-12
WHEAT,47.30,122980.00,Tanga Coastal Exchange,2024-02-12
WHEAT,43.55,113230.00,Tabora Grain Yard,2024-02-12
WHEAT,48.60,126360.00,Kigoma Lake Hub,2024-02-12
SORGHUM,35.75,92950.00,Dar Es Salaam Wholesale,2024-02-12
SORGHUM,34.03,88478.00,Mwanza Central Hub,2024-02-12
SORGHUM,36.82,95732.00,Arusha North Hub,2024-02-12
SORGHUM,35.10,91260.00,Dodoma Wholesale Hub,2024-02-12
SORGHUM,33.38,86788.00,Mbeya Border Market,2024-02-12
SORGHUM,35.48,92248.00,Tanga Coastal Exchange,2024-02-12
SORGHUM,32.72,85072.00,Tabora Grain Yard,2024-02-12
SORGHUM,36.57,95082.00,Kigoma Lake Hub,2024-02-12
CASSAVA,26.80,69680.00,Dar Es Salaam Wholesale,2024-02-12
CASSAVA,25.51,66326.00,Mwanza Central Hub,2024-02-12
CASSAVA,27.59,71734.00,Arusha North Hub,2024-02-12
CASSAVA,26.29,68354.00,Dodoma Wholesale Hub,2024-02-12
CASSAVA,24.99,64974.00,Mbeya Border Market,2024-02-12
CASSAVA,26.55,69030.00,Tanga Coastal Exchange,2024-02-12
CASSAVA,24.47,63622.00,Tabora Grain Yard,2024-02-12
CASSAVA,27.33,71058.00,Kigoma Lake Hub,2024-02-12
POTATO,28.38,73788.00,Dar Es Salaam Wholesale,2024-02-12
POTATO,26.99,70174.00,Mwanza Central Hub,2024-02-12
POTATO,29.17,75842.00,Arusha North Hub,2024-02-12
POTATO,27.78,72228.00,Dodoma Wholesale Hub,2024-02-12
POTATO,26.39,68614.00,Mbeya Border Market,2024-02-12
POTATO,28.03,72878.00,Tanga Coastal Exchange,2024-02-12
POTATO,25.82,67132.00,Tabora Grain Yard,2024-02-12
POTATO,28.82,74932.00,Kigoma Lake Hub,2024-02-12
GROUNDNUT,69.23,179998.00,Dar Es Salaam Wholesale,2024-02-12
GROUNDNUT,65.94,171444.00,Mwanza Central Hub,2024-02-12
GROUNDNUT,71.39,185614.00,Arusha North Hub,2024-02-12
GROUNDNUT,68.08,177008.00,Dodoma Wholesale Hub,2024-02-12
GROUNDNUT,64.77,168402.00,Mbeya Border Market,2024-02-12
GROUNDNUT,68.88,179088.00,Tanga Coastal Exchange,2024-02-12
GROUNDNUT,63.53,165178.00,Tabora Grain Yard,2024-02-12
GROUNDNUT,71.03,184678.00,Kigoma Lake Hub,2024-02-12
SUNFLOWER,50.66,131716.00,Dar Es Salaam Wholesale,2024-02-12
SUNFLOWER,48.14,125164.00,Mwanza Central Hub,2024-02-12
SUNFLOWER,52.00,135200.00,Arusha North Hub,2024-02-12
SUNFLOWER,49.48,128648.00,Dodoma Wholesale Hub,2024-02-12
SUNFLOWER,46.97,122122.00,Mbeya Border Market,2024-02-12
SUNFLOWER,49.84,129584.00,Tanga Coastal Exchange,2024-02-12
SUNFLOWER,45.88,119288.00,Tabora Grain Yard,2024-02-12
SUNFLOWER,51.18,133068.00,Kigoma Lake Hub,2024-02-12
COFFEE,71.06,184756.00,Dar Es Salaam Wholesale,2024-02-12
COFFEE,67.71,176046.00,Mwanza Central Hub,2024-02-12
COFFEE,73.36,190736.00,Arusha North Hub,2024-02-12
COFFEE,70.00,182000.00,Dodoma Wholesale Hub,2024-02-12
COFFEE,66.64,173264.00,Mbeya Border Market,2024-02-12
COFFEE,70.91,184366.00,Tanga Coastal Exchange,2024-02-12
COFFEE,65.45,170170.00,Tabora Grain Yard,2024-02-12
COFFEE,73.22,190372.00,Kigoma Lake Hub,2024-02-12
CASHEW,79.61,206986.00,Dar Es Salaam Wholesale,2024-02-12
CASHEW,75.62,196612.00,Mwanza Central Hub,2024-02-12
CASHEW,81.66,212316.00,Arusha North Hub,2024-02-12
CASHEW,84.15,218790.00,Dodoma Wholesale Hub,2024-02-12
CASHEW,79.87,207662.00,Mbeya Border Market,2024-02-12
CASHEW,84.73,220298.00,Tanga Coastal Exchange,2024-02-12
CASHEW,77.96,202696.00,Tabora Grain Yard,2024-02-12
CASHEW,86.95,226070.00,Kigoma Lake Hub,2024-02-12
COCONUT,75.74,196924.00,Dar Es Salaam Wholesale,2024-02-12
COCONUT,72.17,187642.00,Mwanza Central Hub,2024-02-12
COCONUT,78.18,203268.00,Arusha North Hub,2024-02-12
COCONUT,74.60,193960.00,Dodoma Wholesale Hub,2024-02-12
COCONUT,71.02,184652.00,Mbeya Border Market,2024-02-12
COCONUT,75.57,196482.00,Tanga Coastal Exchange,2024-02-12
COCONUT,69.75,181350.00,Tabora Grain Yard,2024-02-12
COCONUT,78.03,202878.00,Kigoma Lake Hub,2024-02-12
MAIZE,45.91,119366.00,Dar Es Salaam Wholesale,2024-02-19
MAIZE,43.61,113386.00,Mwanza Central Hub,2024-02-19
MAIZE,47.10,122460.00,Arusha North Hub,2024-02-19
MAIZE,44.81,116506.00,Dodoma Wholesale Hub,2024-02-19
MAIZE,42.52,110552.00,Mbeya Border Market,2024-02-19
MAIZE,45.11,117286.00,Tanga Coastal Exchange,2024-02-19
MAIZE,41.50,107900.00,Tabora Grain Yard,2024-02-19
MAIZE,46.29,120354.00,Kigoma Lake Hub,2024-02-19
RICE,65.12,169312.00,Dar Es Salaam Wholesale,2024-02-19
RICE,62.04,161304.00,Mwanza Central Hub,2024-02-19
RICE,67.20,174720.00,Arusha North Hub,2024-02-19
RICE,64.12,166712.00,Dodoma Wholesale Hub,2024-02-19
RICE,61.03,158678.00,Mbeya Border Market,2024-02-19
RICE,64.93,168818.00,Tanga Coastal Exchange,2024-02-19
RICE,59.92,155792.00,Tabora Grain Yard,2024-02-19
RICE,67.03,174278.00,Kigoma Lake Hub,2024-02-19
BEANS,74.40,193440.00,Dar Es Salaam Wholesale,2024-02-19
BEANS,70.72,183872.00,Mwanza Central Hub,2024-02-19
BEANS,76.42,198692.00,Arusha North Hub,2024-02-19
BEANS,72.74,189124.00,Dodoma Wholesale Hub,2024-02-19
BEANS,69.07,179582.00,Mbeya Border Market,2024-02-19
BEANS,73.31,190606.00,Tanga Coastal Exchange,2024-02-19
BEANS,67.48,175448.00,Tabora Grain Yard,2024-02-19
BEANS,75.30,195780.00,Kigoma Lake Hub,2024-02-19
WHEAT,45.01,117026.00,Dar Es Salaam Wholesale,2024-02-19
WHEAT,42.85,111410.00,Mwanza Central Hub,2024-02-19
WHEAT,46.38,120588.00,Arusha North Hub,2024-02-19
WHEAT,44.22,114972.00,Dodoma Wholesale Hub,2024-02-19
WHEAT,42.06,109356.00,Mbeya Border Market,2024-02-19
WHEAT,44.72,116272.00,Tanga Coastal Exchange,2024-02-19
WHEAT,41.24,107224.00,Tabora Grain Yard,2024-02-19
WHEAT,46.10,119860.00,Kigoma Lake Hub,2024-02-19
SORGHUM,38.67,100542.00,Dar Es Salaam Wholesale,2024-02-19
SORGHUM,36.79,95654.00,Mwanza Central Hub,2024-02-19
SORGHUM,39.79,103454.00,Arusha North Hub,2024-02-19
SORGHUM,37.91,98566.00,Dodoma Wholesale Hub,2024-02-19
SORGHUM,36.03,93678.00,Mbeya Border Market,2024-02-19
SORGHUM,38.27,99502.00,Tanga Coastal Exchange,2024-02-19
SORGHUM,35.26,91676.00,Tabora Grain Yard,2024-02-19
SORGHUM,39.38,102388.00,Kigoma Lake Hub,2024-02-19
CASSAVA,24.84,64584.00,Dar Es Salaam Wholesale,2024-02-19
CASSAVA,23.62,61412.00,Mwanza Central Hub,2024-02-19
CASSAVA,25.54,66404.00,Arusha North Hub,2024-02-19
CASSAVA,24.33,63258.00,Dodoma Wholesale Hub,2024-02-19
CASSAVA,23.11,60086.00,Mbeya Border Market,2024-02-19
CASSAVA,24.55,63830.00,Tanga Coastal Exchange,2024-02-19
CASSAVA,22.62,58812.00,Tabora Grain Yard,2024-02-19
CASSAVA,25.26,65676.00,Kigoma Lake Hub,2024-02-19
POTATO,30.20,78520.00,Dar Es Salaam Wholesale,2024-02-19
POTATO,28.76,74776.00,Mwanza Central Hub,2024-02-19
POTATO,31.13,80938.00,Arusha North Hub,2024-02-19
POTATO,29.69,77194.00,Dodoma Wholesale Hub,2024-02-19
POTATO,28.24,73424.00,Mbeya Border Market,2024-02-19
POTATO,30.02,78052.00,Tanga Coastal Exchange,2024-02-19
POTATO,27.69,71994.00,Tabora Grain Yard,2024-02-19
POTATO,30.95,80470.00,Kigoma Lake Hub,2024-02-19
GROUNDNUT,67.07,174382.00,Dar Es Salaam Wholesale,2024-02-19
GROUNDNUT,63.74,165724.00,Mwanza Central Hub,2024-02-19
GROUNDNUT,68.86,179036.00,Arusha North Hub,2024-02-19
GROUNDNUT,65.53,170378.00,Dodoma Wholesale Hub,2024-02-19
GROUNDNUT,62.21,161746.00,Mbeya Border Market,2024-02-19
GROUNDNUT,66.03,171678.00,Tanga Coastal Exchange,2024-02-19
GROUNDNUT,60.78,158028.00,Tabora Grain Yard,2024-02-19
GROUNDNUT,67.82,176332.00,Kigoma Lake Hub,2024-02-19
SUNFLOWER,50.35,130910.00,Dar Es Salaam Wholesale,2024-02-19
SUNFLOWER,47.98,124748.00,Mwanza Central Hub,2024-02-19
SUNFLOWER,51.97,135122.00,Arusha North Hub,2024-02-19
SUNFLOWER,49.59,128934.00,Dodoma Wholesale Hub,2024-02-19
SUNFLOWER,47.20,122720.00,Mbeya Border Market,2024-02-19
SUNFLOWER,50.22,130572.00,Tanga Coastal Exchange,2024-02-19
SUNFLOWER,46.35,120510.00,Tabora Grain Yard,2024-02-19
SUNFLOWER,51.85,134810.00,Kigoma Lake Hub,2024-02-19
COFFEE,74.95,194870.00,Dar Es Salaam Wholesale,2024-02-19
COFFEE,71.20,185120.00,Mwanza Central Hub,2024-02-19
COFFEE,76.89,199914.00,Arusha North Hub,2024-02-19
COFFEE,73.15,190190.00,Dodoma Wholesale Hub,2024-02-19
COFFEE,69.43,180518.00,Mbeya Border Market,2024-02-19
COFFEE,73.65,191490.00,Tanga Coastal Exchange,2024-02-19
COFFEE,67.77,176202.00,Tabora Grain Yard,2024-02-19
COFFEE,75.59,196534.00,Kigoma Lake Hub,2024-02-19
CASHEW,84.48,219648.00,Dar Es Salaam Wholesale,2024-02-19
CASHEW,80.50,209300.00,Mwanza Central Hub,2024-02-19
CASHEW,87.21,226746.00,Arusha North Hub,2024-02-19
CASHEW,83.22,216372.00,Dodoma Wholesale Hub,2024-02-19
CASHEW,79.22,205972.00,Mbeya Border Market,2024-02-19
CASHEW,84.30,219180.00,Tanga Coastal Exchange,2024-02-19
CASHEW,77.81,202306.00,Tabora Grain Yard,2024-02-19
CASHEW,87.05,226330.00,Kigoma Lake Hub,2024-02-19
COCONUT,74.92,194792.00,Dar Es Salaam Wholesale,2024-02-19
COCONUT,71.18,185068.00,Mwanza Central Hub,2024-02-19
COCONUT,76.89,199914.00,Arusha North Hub,2024-02-19
COCONUT,73.16,190216.00,Dodoma Wholesale Hub,2024-02-19
COCONUT,69.44,180544.00,Mbeya Border Market,2024-02-19
COCONUT,73.67,191542.00,Tanga Coastal Exchange,2024-02-19
COCONUT,67.79,176254.00,Tabora Grain Yard,2024-02-19
COCONUT,75.61,196586.00,Kigoma Lake Hub,2024-02-19
MAIZE,46.86,121836.00,Dar Es Salaam Wholesale,2024-02-26
MAIZE,44.65,116090.00,Mwanza Central Hub,2024-02-26
MAIZE,48.37,125762.00,Arusha North Hub,2024-02-26
MAIZE,46.15,119990.00,Dodoma Wholesale Hub,2024-02-26
MAIZE,43.93,114218.00,Mbeya Border Market,2024-02-26
MAIZE,46.74,121524.00,Tanga Coastal Exchange,2024-02-26
MAIZE,43.14,112164.00,Tabora Grain Yard,2024-02-26
MAIZE,48.26,125476.00,Kigoma Lake Hub,2024-02-26
RICE,66.61,173186.00,Dar Es Salaam Wholesale,2024-02-26
RICE,63.30,164580.00,Mwanza Central Hub,2024-02-26
RICE,68.39,177814.00,Arusha North Hub,2024-02-26
RICE,65.09,169234.00,Dodoma Wholesale Hub,2024-02-26
RICE,61.79,160654.00,Mbeya Border Market,2024-02-26
RICE,65.58,170508.00,Tanga Coastal Exchange,2024-02-26
RICE,60.36,156936.00,Tabora Grain Yard,2024-02-26
RICE,67.34,175084.00,Kigoma Lake Hub,2024-02-26
BEANS,70.51,183326.00,Dar Es Salaam Wholesale,2024-02-26
BEANS,67.14,174564.00,Mwanza Central Hub,2024-02-26
BEANS,72.68,188968.00,Arusha North Hub,2024-02-26
BEANS,69.31,180206.00,Dodoma Wholesale Hub,2024-02-26
BEANS,65.93,171418.00,Mbeya Border Market,2024-02-26
BEANS,70.11,182286.00,Tanga Coastal Exchange,2024-02-26
BEANS,64.67,168142.00,Tabora Grain Yard,2024-02-26
BEANS,72.31,188006.00,Kigoma Lake Hub,2024-02-26
WHEAT,48.49,126074.00,Dar Es Salaam Wholesale,2024-02-26
WHEAT,46.12,119912.00,Mwanza Central Hub,2024-02-26
WHEAT,49.87,129662.00,Arusha North Hub,2024-02-26
WHEAT,47.50,123500.00,Dodoma Wholesale Hub,2024-02-26
WHEAT,45.13,117338.00,Mbeya Border Market,2024-02-26
WHEAT,47.94,124644.00,Tanga Coastal Exchange,2024-02-26
WHEAT,44.16,114816.00,Tabora Grain Yard,2024-02-26
WHEAT,49.30,128180.00,Kigoma Lake Hub,2024-02-26
SORGHUM,35.75,92950.00,Dar Es Salaam Wholesale,2024-02-26
SORGHUM,34.01,88426.00,Mwanza Central Hub,2024-02-26
SORGHUM,36.78,95628.00,Arusha North Hub,2024-02-26
SORGHUM,35.04,91104.00,Dodoma Wholesale Hub,2024-02-26
SORGHUM,33.30,86580.00,Mbeya Border Market,2024-02-26
SORGHUM,35.38,91988.00,Tanga Coastal Exchange,2024-02-26
SORGHUM,32.60,84760.00,Tabora Grain Yard,2024-02-26
SORGHUM,36.42,94692.00,Kigoma Lake Hub,2024-02-26
CASSAVA,26.65,69290.00,Dar Es Salaam Wholesale,2024-02-26
CASSAVA,25.37,65962.00,Mwanza Central Hub,2024-02-26
CASSAVA,27.46,71396.00,Arusha North Hub,2024-02-26
CASSAVA,26.18,68068.00,Dodoma Wholesale Hub,2024-02-26
CASSAVA,24.90,64740.00,Mbeya Border Market,2024-02-26
CASSAVA,26.47,68822.00,Tanga Coastal Exchange,2024-02-26
CASSAVA,24.41,63466.00,Tabora Grain Yard,2024-02-26
CASSAVA,27.27,70902.00,Kigoma Lake Hub,2024-02-26
POTATO,28.86,75036.00,Dar Es Salaam Wholesale,2024-02-26
POTATO,27.43,71318.00,Mwanza Central Hub,2024-02-26
POTATO,29.64,77064.00,Arusha North Hub,2024-02-26
POTATO,28.21,73346.00,Dodoma Wholesale Hub,2024-02-26
POTATO,26.79,69654.00,Mbeya Border Market,2024-02-26
POTATO,28.44,73944.00,Tanga Coastal Exchange,2024-02-26
POTATO,26.18,68068.00,Tabora Grain Yard,2024-02-26
POTATO,29.22,75972.00,Kigoma Lake Hub,2024-02-26
GROUNDNUT,67.85,176410.00,Dar Es Salaam Wholesale,2024-02-26
GROUNDNUT,64.64,168064.00,Mwanza Central Hub,2024-02-26
GROUNDNUT,70.02,182052.00,Arusha North Hub,2024-02-26
GROUNDNUT,66.80,173680.00,Dodoma Wholesale Hub,2024-02-26
GROUNDNUT,63.58,165308.00,Mbeya Border Market,2024-02-26
GROUNDNUT,67.64,175864.00,Tanga Coastal Exchange,2024-02-26
GROUNDNUT,62.42,162292.00,Tabora Grain Yard,2024-02-26
GROUNDNUT,69.81,181506.00,Kigoma Lake Hub,2024-02-26
SUNFLOWER,52.06,135356.00,Dar Es Salaam Wholesale,2024-02-26
SUNFLOWER,49.46,128596.00,Mwanza Central Hub,2024-02-26
SUNFLOWER,53.41,138866.00,Arusha North Hub,2024-02-26
SUNFLOWER,50.82,132132.00,Dodoma Wholesale Hub,2024-02-26
SUNFLOWER,48.23,125398.00,Mbeya Border Market,2024-02-26
SUNFLOWER,51.17,133042.00,Tanga Coastal Exchange,2024-02-26
SUNFLOWER,47.08,122408.00,Tabora Grain Yard,2024-02-26
SUNFLOWER,52.52,136552.00,Kigoma Lake Hub,2024-02-26
COFFEE,74.91,194766.00,Dar Es Salaam Wholesale,2024-02-26
COFFEE,71.38,185588.00,Mwanza Central Hub,2024-02-26
COFFEE,77.33,201058.00,Arusha North Hub,2024-02-26
COFFEE,73.80,191880.00,Dodoma Wholesale Hub,2024-02-26
COFFEE,70.25,182650.00,Mbeya Border Market,2024-02-26
COFFEE,69.01,179426.00,Tanga Coastal Exchange,2024-02-26
COFFEE,63.70,165620.00,Tabora Grain Yard,2024-02-26
COFFEE,71.27,185302.00,Kigoma Lake Hub,2024-02-26
CASHEW,81.99,213174.00,Dar Es Salaam Wholesale,2024-02-26
CASHEW,77.90,202540.00,Mwanza Central Hub,2024-02-26
CASHEW,84.13,218738.00,Arusha North Hub,2024-02-26
CASHEW,80.04,208104.00,Dodoma Wholesale Hub,2024-02-26
CASHEW,75.96,197496.00,Mbeya Border Market,2024-02-26
CASHEW,80.58,209508.00,Tanga Coastal Exchange,2024-02-26
CASHEW,74.15,192790.00,Tabora Grain Yard,2024-02-26
CASHEW,82.70,215020.00,Kigoma Lake Hub,2024-02-26
COCONUT,74.02,192452.00,Dar Es Salaam Wholesale,2024-02-26
COCONUT,70.51,183326.00,Mwanza Central Hub,2024-02-26
COCONUT,76.36,198536.00,Arusha North Hub,2024-02-26
COCONUT,72.85,189410.00,Dodoma Wholesale Hub,2024-02-26
COCONUT,69.33,180258.00,Mbeya Border Market,2024-02-26
COCONUT,73.76,191776.00,Tanga Coastal Exchange,2024-02-26
COCONUT,68.07,176982.00,Tabora Grain Yard,2024-02-26
COCONUT,76.13,197938.00,Kigoma Lake Hub,2024-02-26
MAIZE,48.47,126022.00,Dar Es Salaam Wholesale,2024-03-04
MAIZE,46.06,119756.00,Mwanza Central Hub,2024-03-04
MAIZE,49.76,129376.00,Arusha North Hub,2024-03-04
MAIZE,47.35,123110.00,Dodoma Wholesale Hub,2024-03-04
MAIZE,44.94,116844.00,Mbeya Border Market,2024-03-04
MAIZE,47.69,123994.00,Tanga Coastal Exchange,2024-03-04
MAIZE,43.89,114114.00,Tabora Grain Yard,2024-03-04
MAIZE,48.96,127296.00,Kigoma Lake Hub,2024-03-04
RICE,64.54,167804.00,Dar Es Salaam Wholesale,2024-03-04
RICE,61.46,159796.00,Mwanza Central Hub,2024-03-04
RICE,66.54,173004.00,Arusha North Hub,2024-03-04
RICE,63.47,165022.00,Dodoma Wholesale Hub,2024-03-04
RICE,60.39,157014.00,Mbeya Border Market,2024-03-04
RICE,64.23,166998.00,Tanga Coastal Exchange,2024-03-04
RICE,59.25,154050.00,Tabora Grain Yard,2024-03-04
RICE,66.26,172276.00,Kigoma Lake Hub,2024-03-04
BEANS,74.70,194220.00,Dar Es Salaam Wholesale,2024-03-04
BEANS,71.04,184704.00,Mwanza Central Hub,2024-03-04
BEANS,76.80,199680.00,Arusha North Hub,2024-03-04
BEANS,73.14,190164.00,Dodoma Wholesale Hub,2024-03-04
BEANS,69.48,180648.00,Mbeya Border Market,2024-03-04
BEANS,73.78,191828.00,Tanga Coastal Exchange,2024-03-04
BEANS,67.95,176670.00,Tabora Grain Yard,2024-03-04
BEANS,75.86,197236.00,Kigoma Lake Hub,2024-03-04
WHEAT,43.61,113386.00,Dar Es Salaam Wholesale,2024-03-04
WHEAT,41.50,107900.00,Mwanza Central Hub,2024-03-04
WHEAT,44.88,116688.00,Arusha North Hub,2024-03-04
WHEAT,42.77,111202.00,Dodoma Wholesale Hub,2024-03-04
WHEAT,40.66,105716.00,Mbeya Border Market,2024-03-04
WHEAT,43.21,112346.00,Tanga Coastal Exchange,2024-03-04
WHEAT,39.82,103532.00,Tabora Grain Yard,2024-03-04
WHEAT,44.49,115674.00,Kigoma Lake Hub,2024-03-04
SORGHUM,37.10,96460.00,Dar Es Salaam Wholesale,2024-03-04
SORGHUM,35.32,91832.00,Mwanza Central Hub,2024-03-04
SORGHUM,38.22,99372.00,Arusha North Hub,2024-03-04
SORGHUM,36.43,94718.00,Dodoma Wholesale Hub,2024-03-04
SORGHUM,34.64,90064.00,Mbeya Border Market,2024-03-04
SORGHUM,36.81,95706.00,Tanga Coastal Exchange,2024-03-04
SORGHUM,33.94,88244.00,Tabora Grain Yard,2024-03-04
SORGHUM,37.92,98592.00,Kigoma Lake Hub,2024-03-04
CASSAVA,24.17,62842.00,Dar Es Salaam Wholesale,2024-03-04
CASSAVA,22.98,59748.00,Mwanza Central Hub,2024-03-04
CASSAVA,24.83,64558.00,Arusha North Hub,2024-03-04
CASSAVA,23.64,61464.00,Dodoma Wholesale Hub,2024-03-04
CASSAVA,22.45,58370.00,Mbeya Border Market,2024-03-04
CASSAVA,23.83,61958.00,Tanga Coastal Exchange,2024-03-04
CASSAVA,21.95,57070.00,Tabora Grain Yard,2024-03-04
CASSAVA,24.49,63674.00,Kigoma Lake Hub,2024-03-04
POTATO,28.77,74802.00,Dar Es Salaam Wholesale,2024-03-04
POTATO,27.41,71266.00,Mwanza Central Hub,2024-03-04
POTATO,29.68,77168.00,Arusha North Hub,2024-03-04
POTATO,28.32,73632.00,Dodoma Wholesale Hub,2024-03-04
POTATO,26.95,70070.00,Mbeya Border Market,2024-03-04
POTATO,28.66,74516.00,Tanga Coastal Exchange,2024-03-04
POTATO,26.45,68770.00,Tabora Grain Yard,2024-03-04
POTATO,29.57,76882.00,Kigoma Lake Hub,2024-03-04
GROUNDNUT,68.03,176878.00,Dar Es Salaam Wholesale,2024-03-04
GROUNDNUT,64.64,168064.00,Mwanza Central Hub,2024-03-04
GROUNDNUT,69.81,181506.00,Arusha North Hub,2024-03-04
GROUNDNUT,66.42,172692.00,Dodoma Wholesale Hub,2024-03-04
GROUNDNUT,63.04,163904.00,Mbeya Border Market,2024-03-04
GROUNDNUT,66.88,173888.00,Tanga Coastal Exchange,2024-03-04
GROUNDNUT,61.55,160030.00,Tabora Grain Yard,2024-03-04
GROUNDNUT,68.66,178516.00,Kigoma Lake Hub,2024-03-04
SUNFLOWER,49.58,128908.00,Dar Es Salaam Wholesale,2024-03-04
SUNFLOWER,47.25,122850.00,Mwanza Central Hub,2024-03-04
SUNFLOWER,51.19,133094.00,Arusha North Hub,2024-03-04
SUNFLOWER,48.86,127036.00,Dodoma Wholesale Hub,2024-03-04
SUNFLOWER,46.52,120952.00,Mbeya Border Market,2024-03-04
SUNFLOWER,49.50,128700.00,Tanga Coastal Exchange,2024-03-04
SUNFLOWER,45.69,118794.00,Tabora Grain Yard,2024-03-04
SUNFLOWER,51.12,132912.00,Kigoma Lake Hub,2024-03-04
COFFEE,73.52,191152.00,Dar Es Salaam Wholesale,2024-03-04
COFFEE,69.84,181584.00,Mwanza Central Hub,2024-03-04
COFFEE,75.42,196092.00,Arusha North Hub,2024-03-04
COFFEE,71.75,186550.00,Dodoma Wholesale Hub,2024-03-04
COFFEE,68.09,177034.00,Mbeya Border Market,2024-03-04
COFFEE,72.23,187798.00,Tanga Coastal Exchange,2024-03-04
COFFEE,66.46,172796.00,Tabora Grain Yard,2024-03-04
COFFEE,74.12,192712.00,Kigoma Lake Hub,2024-03-04
CASHEW,85.88,223288.00,Dar Es Salaam Wholesale,2024-03-04
CASHEW,81.82,212732.00,Mwanza Central Hub,2024-03-04
CASHEW,88.62,230412.00,Arusha North Hub,2024-03-04
CASHEW,84.55,219830.00,Dodoma Wholesale Hub,2024-03-04
CASHEW,80.48,209248.00,Mbeya Border Market,2024-03-04
CASHEW,85.63,222638.00,Tanga Coastal Exchange,2024-03-04
CASHEW,79.02,205452.00,Tabora Grain Yard,2024-03-04
CASHEW,88.40,229840.00,Kigoma Lake Hub,2024-03-04
COCONUT,79.69,207194.00,Dar Es Salaam Wholesale,2024-03-04
COCONUT,75.75,196950.00,Mwanza Central Hub,2024-03-04
COCONUT,81.85,212810.00,Arusha North Hub,2024-03-04
COCONUT,77.90,202540.00,Dodoma Wholesale Hub,2024-03-04
COCONUT,73.97,192322.00,Mbeya Border Market,2024-03-04
COCONUT,78.50,204100.00,Tanga Coastal Exchange,2024-03-04
COCONUT,72.27,187902.00,Tabora Grain Yard,2024-03-04
COCONUT,80.63,209638.00,Kigoma Lake Hub,2024-03-04
MAIZE,47.17,122642.00,Dar Es Salaam Wholesale,2024-03-11
MAIZE,44.93,116818.00,Mwanza Central Hub,2024-03-11
MAIZE,48.65,126490.00,Arusha North Hub,2024-03-11
MAIZE,46.41,120666.00,Dodoma Wholesale Hub,2024-03-11
MAIZE,44.16,114816.00,Mbeya Border Market,2024-03-11
MAIZE,46.98,122148.00,Tanga Coastal Exchange,2024-03-11
MAIZE,43.35,112710.00,Tabora Grain Yard,2024-03-11
MAIZE,48.48,126048.00,Kigoma Lake Hub,2024-03-11
RICE,68.43,177918.00,Dar Es Salaam Wholesale,2024-03-11
RICE,65.07,169182.00,Mwanza Central Hub,2024-03-11
RICE,70.33,182858.00,Arusha North Hub,2024-03-11
RICE,66.97,174122.00,Dodoma Wholesale Hub,2024-03-11
RICE,63.61,165386.00,Mbeya Border Market,2024-03-11
RICE,67.53,175578.00,Tanga Coastal Exchange,2024-03-11
RICE,62.18,161668.00,Tabora Grain Yard,2024-03-11
RICE,69.40,180440.00,Kigoma Lake Hub,2024-03-11
BEANS,69.29,180154.00,Dar Es Salaam Wholesale,2024-03-11
BEANS,65.94,171444.00,Mwanza Central Hub,2024-03-11
BEANS,71.34,185484.00,Arusha North Hub,2024-03-11
BEANS,68.00,176800.00,Dodoma Wholesale Hub,2024-03-11
BEANS,64.65,168090.00,Mbeya Border Market,2024-03-11
BEANS,68.72,178672.00,Tanga Coastal Exchange,2024-03-11
BEANS,63.35,164710.00,Tabora Grain Yard,2024-03-11
BEANS,70.80,184080.00,Kigoma Lake Hub,2024-03-11
WHEAT,47.22,122772.00,Dar Es Salaam Wholesale,2024-03-11
WHEAT,44.94,116844.00,Mwanza Central Hub,2024-03-11
WHEAT,48.62,126412.00,Arusha North Hub,2024-03-11
WHEAT,46.33,120458.00,Dodoma Wholesale Hub,2024-03-11
WHEAT,44.05,114530.00,Mbeya Border Market,2024-03-11
WHEAT,46.81,121706.00,Tanga Coastal Exchange,2024-03-11
WHEAT,43.14,112164.00,Tabora Grain Yard,2024-03-11
WHEAT,48.19,125294.00,Kigoma Lake Hub,2024-03-11
SORGHUM,34.73,90298.00,Dar Es Salaam Wholesale,2024-03-11
SORGHUM,33.02,85852.00,Mwanza Central Hub,2024-03-11
SORGHUM,35.69,92794.00,Arusha North Hub,2024-03-11
SORGHUM,33.98,88348.00,Dodoma Wholesale Hub,2024-03-11
SORGHUM,32.28,83928.00,Mbeya Border Market,2024-03-11
SORGHUM,34.27,89102.00,Tanga Coastal Exchange,2024-03-11
SORGHUM,31.57,82082.00,Tabora Grain Yard,2024-03-11
SORGHUM,35.24,91624.00,Kigoma Lake Hub,2024-03-11
CASSAVA,25.21,65546.00,Dar Es Salaam Wholesale,2024-03-11
CASSAVA,24.02,62452.00,Mwanza Central Hub,2024-03-11
CASSAVA,26.00,67600.00,Arusha North Hub,2024-03-11
CASSAVA,24.80,64480.00,Dodoma Wholesale Hub,2024-03-11
CASSAVA,23.60,61360.00,Mbeya Border Market,2024-03-11
CASSAVA,25.10,65260.00,Tanga Coastal Exchange,2024-03-11
CASSAVA,23.15,60190.00,Tabora Grain Yard,2024-03-11
CASSAVA,25.89,67314.00,Kigoma Lake Hub,2024-03-11
POTATO,28.66,74516.00,Dar Es Salaam Wholesale,2024-03-11
POTATO,27.24,70824.00,Mwanza Central Hub,2024-03-11
POTATO,29.42,76492.00,Arusha North Hub,2024-03-11
POTATO,27.99,72774.00,Dodoma Wholesale Hub,2024-03-11
POTATO,26.57,69082.00,Mbeya Border Market,2024-03-11
POTATO,28.19,73294.00,Tanga Coastal Exchange,2024-03-11
POTATO,25.95,67470.00,Tabora Grain Yard,2024-03-11
POTATO,28.94,75244.00,Kigoma Lake Hub,2024-03-11
GROUNDNUT,65.37,169962.00,Dar Es Salaam Wholesale,2024-03-11
GROUNDNUT,62.29,161954.00,Mwanza Central Hub,2024-03-11
GROUNDNUT,67.49,175474.00,Arusha North Hub,2024-03-11
GROUNDNUT,64.41,167466.00,Dodoma Wholesale Hub,2024-03-11
GROUNDNUT,61.31,159406.00,Mbeya Border Market,2024-03-11
GROUNDNUT,65.25,169650.00,Tanga Coastal Exchange,2024-03-11
GROUNDNUT,60.23,156598.00,Tabora Grain Yard,2024-03-11
GROUNDNUT,67.38,175188.00,Kigoma Lake Hub,2024-03-11
SUNFLOWER,50.07,130182.00,Dar Es Salaam Wholesale,2024-03-11
SUNFLOWER,47.56,123656.00,Mwanza Central Hub,2024-03-11
SUNFLOWER,51.36,133536.00,Arusha North Hub,2024-03-11
SUNFLOWER,48.86,127036.00,Dodoma Wholesale Hub,2024-03-11
SUNFLOWER,46.36,120536.00,Mbeya Border Market,2024-03-11
SUNFLOWER,49.18,127868.00,Tanga Coastal Exchange,2024-03-11
SUNFLOWER,45.25,117650.00,Tabora Grain Yard,2024-03-11
SUNFLOWER,50.46,131196.00,Kigoma Lake Hub,2024-03-11
COFFEE,75.33,195858.00,Dar Es Salaam Wholesale,2024-03-11
COFFEE,71.78,186628.00,Mwanza Central Hub,2024-03-11
COFFEE,77.75,202150.00,Arusha North Hub,2024-03-11
COFFEE,74.19,192894.00,Dodoma Wholesale Hub,2024-03-11
COFFEE,70.62,183612.00,Mbeya Border Market,2024-03-11
COFFEE,75.14,195364.00,Tanga Coastal Exchange,2024-03-11
COFFEE,69.35,180310.00,Tabora Grain Yard,2024-03-11
COFFEE,77.58,201708.00,Kigoma Lake Hub,2024-03-11
CASHEW,87.56,227656.00,Dar Es Salaam Wholesale,2024-03-11
CASHEW,83.21,216346.00,Mwanza Central Hub,2024-03-11
CASHEW,89.90,233740.00,Arusha North Hub,2024-03-11
CASHEW,85.56,222456.00,Dodoma Wholesale Hub,2024-03-11
CASHEW,81.22,211172.00,Mbeya Border Market,2024-03-11
CASHEW,86.19,224094.00,Tanga Coastal Exchange,2024-03-11
CASHEW,79.33,206258.00,Tabora Grain Yard,2024-03-11
CASHEW,88.50,230100.00,Kigoma Lake Hub,2024-03-11
COCONUT,75.69,196794.00,Dar Es Salaam Wholesale,2024-03-11
COCONUT,72.07,187382.00,Mwanza Central Hub,2024-03-11
COCONUT,78.02,202852.00,Arusha North Hub,2024-03-11
COCONUT,74.40,193440.00,Dodoma Wholesale Hub,2024-03-11
COCONUT,70.78,184028.00,Mbeya Border Market,2024-03-11
COCONUT,75.27,195702.00,Tanga Coastal Exchange,2024-03-11
COCONUT,69.44,180544.00,Tabora Grain Yard,2024-03-11
COCONUT,77.64,201864.00,Kigoma Lake Hub,2024-03-11
MAIZE,49.45,128570.00,Dar Es Salaam Wholesale,2024-03-18
MAIZE,47.01,122226.00,Mwanza Central Hub,2024-03-18
MAIZE,50.81,132106.00,Arusha North Hub,2024-03-18
MAIZE,48.37,125762.00,Dodoma Wholesale Hub,2024-03-18
MAIZE,45.93,119418.00,Mbeya Border Market,2024-03-18
MAIZE,48.75,126750.00,Tanga Coastal Exchange,2024-03-18
MAIZE,44.89,116714.00,Tabora Grain Yard,2024-03-18
MAIZE,50.09,130234.00,Kigoma Lake Hub,2024-03-18
RICE,63.83,165958.00,Dar Es Salaam Wholesale,2024-03-18
RICE,60.76,157976.00,Mwanza Central Hub,2024-03-18
RICE,65.75,170950.00,Arusha North Hub,2024-03-18
RICE,62.68,162968.00,Dodoma Wholesale Hub,2024-03-18
RICE,59.61,154986.00,Mbeya Border Market,2024-03-18
RICE,63.37,164762.00,Tanga Coastal Exchange,2024-03-18
RICE,58.44,151944.00,Tabora Grain Yard,2024-03-18
RICE,65.31,169806.00,Kigoma Lake Hub,2024-03-18
BEANS,75.06,195156.00,Dar Es Salaam Wholesale,2024-03-18
BEANS,71.42,185692.00,Mwanza Central Hub,2024-03-18
BEANS,77.25,200850.00,Arusha North Hub,2024-03-18
BEANS,73.61,191386.00,Dodoma Wholesale Hub,2024-03-18
BEANS,69.96,181896.00,Mbeya Border Market,2024-03-18
BEANS,74.33,193258.00,Tanga Coastal Exchange,2024-03-18
BEANS,68.49,178074.00,Tabora Grain Yard,2024-03-18
BEANS,76.50,198900.00,Kigoma Lake Hub,2024-03-18
WHEAT,43.90,114140.00,Dar Es Salaam Wholesale,2024-03-18
WHEAT,41.75,108550.00,Mwanza Central Hub,2024-03-18
WHEAT,45.13,117338.00,Arusha North Hub,2024-03-18
WHEAT,42.98,111748.00,Dodoma Wholesale Hub,2024-03-18
WHEAT,40.83,106158.00,Mbeya Border Market,2024-03-18
WHEAT,43.37,112762.00,Tanga Coastal Exchange,2024-03-18
WHEAT,39.95,103870.00,Tabora Grain Yard,2024-03-18
WHEAT,44.61,115986.00,Kigoma Lake Hub,2024-03-18
SORGHUM,36.68,95368.00,Dar Es Salaam Wholesale,2024-03-18
SORGHUM,34.93,90818.00,Mwanza Central Hub,2024-03-18
SORGHUM,37.81,98306.00,Arusha North Hub,2024-03-18
SORGHUM,36.06,93756.00,Dodoma Wholesale Hub,2024-03-18
SORGHUM,34.31,89206.00,Mbeya Border Market,2024-03-18
SORGHUM,36.48,94848.00,Tanga Coastal Exchange,2024-03-18
SORGHUM,33.65,87490.00,Tabora Grain Yard,2024-03-18
SORGHUM,37.62,97812.00,Kigoma Lake Hub,2024-03-18
CASSAVA,24.70,64220.00,Dar Es Salaam Wholesale,2024-03-18
CASSAVA,23.47,61022.00,Mwanza Central Hub,2024-03-18
CASSAVA,25.36,65936.00,Arusha North Hub,2024-03-18
CASSAVA,24.13,62738.00,Dodoma Wholesale Hub,2024-03-18
CASSAVA,22.91,59566.00,Mbeya Border Market,2024-03-18
CASSAVA,24.31,63206.00,Tanga Coastal Exchange,2024-03-18
CASSAVA,22.37,58162.00,Tabora Grain Yard,2024-03-18
CASSAVA,24.96,64896.00,Kigoma Lake Hub,2024-03-18
POTATO,28.09,73034.00,Dar Es Salaam Wholesale,2024-03-18
POTATO,26.77,69602.00,Mwanza Central Hub,2024-03-18
POTATO,29.00,75400.00,Arusha North Hub,2024-03-18
POTATO,27.67,71942.00,Dodoma Wholesale Hub,2024-03-18
POTATO,26.34,68484.00,Mbeya Border Market,2024-03-18
POTATO,28.03,72878.00,Tanga Coastal Exchange,2024-03-18
POTATO,25.87,67262.00,Tabora Grain Yard,2024-03-18
POTATO,28.94,75244.00,Kigoma Lake Hub,2024-03-18
GROUNDNUT,64.62,168012.00,Dar Es Salaam Wholesale,2024-03-18
GROUNDNUT,66.50,172900.00,Mwanza Central Hub,2024-03-18
GROUNDNUT,71.82,186732.00,Arusha North Hub,2024-03-18
GROUNDNUT,68.33,177658.00,Dodoma Wholesale Hub,2024-03-18
GROUNDNUT,64.84,168584.00,Mbeya Border Market,2024-03-18
GROUNDNUT,68.79,178854.00,Tanga Coastal Exchange,2024-03-18
GROUNDNUT,63.30,164580.00,Tabora Grain Yard,2024-03-18
GROUNDNUT,70.60,183560.00,Kigoma Lake Hub,2024-03-18
SUNFLOWER,52.33,136058.00,Dar Es Salaam Wholesale,2024-03-18
SUNFLOWER,49.86,129636.00,Mwanza Central Hub,2024-03-18
SUNFLOWER,54.01,140426.00,Arusha North Hub,2024-03-18
SUNFLOWER,51.54,134004.00,Dodoma Wholesale Hub,2024-03-18
SUNFLOWER,49.07,127582.00,Mbeya Border Market,2024-03-18
SUNFLOWER,52.21,135746.00,Tanga Coastal Exchange,2024-03-18
SUNFLOWER,48.19,125294.00,Tabora Grain Yard,2024-03-18
SUNFLOWER,53.91,140166.00,Kigoma Lake Hub,2024-03-18
COFFEE,75.53,196378.00,Dar Es Salaam Wholesale,2024-03-18
COFFEE,71.77,186602.00,Mwanza Central Hub,2024-03-18
COFFEE,77.52,201552.00,Arusha North Hub,2024-03-18
COFFEE,73.77,191802.00,Dodoma Wholesale Hub,2024-03-18
COFFEE,70.02,182052.00,Mbeya Border Market,2024-03-18
COFFEE,74.30,193180.00,Tanga Coastal Exchange,2024-03-18
COFFEE,68.38,177788.00,Tabora Grain Yard,2024-03-18
COFFEE,76.27,198302.00,Kigoma Lake Hub,2024-03-18
CASHEW,84.22,218972.00,Dar Es Salaam Wholesale,2024-03-18
CASHEW,80.21,208546.00,Mwanza Central Hub,2024-03-18
CASHEW,86.84,225784.00,Arusha North Hub,2024-03-18
CASHEW,82.83,215358.00,Dodoma Wholesale Hub,2024-03-18
CASHEW,78.81,204906.00,Mbeya Border Market,2024-03-18
CASHEW,83.83,217958.00,Tanga Coastal Exchange,2024-03-18
CASHEW,77.34,201084.00,Tabora Grain Yard,2024-03-18
CASHEW,86.49,224874.00,Kigoma Lake Hub,2024-03-18
COCONUT,80.86,210236.00,Dar Es Salaam Wholesale,2024-03-18
COCONUT,76.90,199940.00,Mwanza Central Hub,2024-03-18
COCONUT,83.13,216138.00,Arusha North Hub,2024-03-18
COCONUT,79.17,205842.00,Dodoma Wholesale Hub,2024-03-18
COCONUT,75.20,195520.00,Mbeya Border Market,2024-03-18
COCONUT,79.85,207610.00,Tanga Coastal Exchange,2024-03-18
COCONUT,73.54,191204.00,Tabora Grain Yard,2024-03-18
COCONUT,82.09,213434.00,Kigoma Lake Hub,2024-03-18
MAIZE,46.51,120926.00,Dar Es Salaam Wholesale,2024-03-25
MAIZE,44.28,115128.00,Mwanza Central Hub,2024-03-25
MAIZE,47.92,124592.00,Arusha North Hub,2024-03-25
MAIZE,45.69,118794.00,Dodoma Wholesale Hub,2024-03-25
MAIZE,43.46,112996.00,Mbeya Border Market,2024-03-25
MAIZE,46.21,120146.00,Tanga Coastal Exchange,2024-03-25
MAIZE,42.62,110812.00,Tabora Grain Yard,2024-03-25
MAIZE,47.65,123890.00,Kigoma Lake Hub,2024-03-25
RICE,69.00,179400.00,Dar Es Salaam Wholesale,2024-03-25
RICE,65.64,170664.00,Mwanza Central Hub,2024-03-25
RICE,70.99,184574.00,Arusha North Hub,2024-03-25
RICE,67.63,175838.00,Dodoma Wholesale Hub,2024-03-25
RICE,64.26,167076.00,Mbeya Border Market,2024-03-25
RICE,68.26,177476.00,Tanga Coastal Exchange,2024-03-25
RICE,62.89,163514.00,Tabora Grain Yard,2024-03-25
RICE,70.23,182598.00,Kigoma Lake Hub,2024-03-25
BEANS,69.49,180674.00,Dar Es Salaam Wholesale,2024-03-25
BEANS,66.09,171834.00,Mwanza Central Hub,2024-03-25
BEANS,71.46,185796.00,Arusha North Hub,2024-03-25
BEANS,68.07,176982.00,Dodoma Wholesale Hub,2024-03-25
BEANS,64.69,168194.00,Mbeya Border Market,2024-03-25
BEANS,68.71,178646.00,Tanga Coastal Exchange,2024-03-25
BEANS,63.31,164606.00,Tabora Grain Yard,2024-03-25
BEANS,70.71,183846.00,Kigoma Lake Hub,2024-03-25
WHEAT,46.83,121758.00,Dar Es Salaam Wholesale,2024-03-25
WHEAT,44.59,115934.00,Mwanza Central Hub,2024-03-25
WHEAT,48.27,125502.00,Arusha North Hub,2024-03-25
WHEAT,46.02,119652.00,Dodoma Wholesale Hub,2024-03-25
WHEAT,43.77,113802.00,Mbeya Border Market,2024-03-25
WHEAT,46.54,121004.00,Tanga Coastal Exchange,2024-03-25
WHEAT,42.92,111592.00,Tabora Grain Yard,2024-03-25
WHEAT,47.97,124722.00,Kigoma Lake Hub,2024-03-25
SORGHUM,35.40,92040.00,Dar Es Salaam Wholesale,2024-03-25
SORGHUM,33.64,87464.00,Mwanza Central Hub,2024-03-25
SORGHUM,36.35,94510.00,Arusha North Hub,2024-03-25
SORGHUM,34.59,89934.00,Dodoma Wholesale Hub,2024-03-25
SORGHUM,32.84,85384.00,Mbeya Border Market,2024-03-25
SORGHUM,34.86,90636.00,Tanga Coastal Exchange,2024-03-25
SORGHUM,32.09,83434.00,Tabora Grain Yard,2024-03-25
SORGHUM,35.81,93106.00,Kigoma Lake Hub,2024-03-25
CASSAVA,24.67,64142.00,Dar Es Salaam Wholesale,2024-03-25
CASSAVA,23.50,61100.00,Mwanza Central Hub,2024-03-25
CASSAVA,25.46,66196.00,Arusha North Hub,2024-03-25
CASSAVA,24.29,63154.00,Dodoma Wholesale Hub,2024-03-25
CASSAVA,23.12,60112.00,Mbeya Border Market,2024-03-25
CASSAVA,24.60,63960.00,Tanga Coastal Exchange,2024-03-25
CASSAVA,22.70,59020.00,Tabora Grain Yard,2024-03-25
CASSAVA,25.39,66014.00,Kigoma Lake Hub,2024-03-25
POTATO,29.48,76648.00,Dar Es Salaam Wholesale,2024-03-25
POTATO,28.00,72800.00,Mwanza Central Hub,2024-03-25
POTATO,30.24,78624.00,Arusha North Hub,2024-03-25
POTATO,28.77,74802.00,Dodoma Wholesale Hub,2024-03-25
POTATO,27.31,71006.00,Mbeya Border Market,2024-03-25
POTATO,28.97,75322.00,Tanga Coastal Exchange,2024-03-25
POTATO,26.66,69316.00,Tabora Grain Yard,2024-03-25
POTATO,29.73,77298.00,Kigoma Lake Hub,2024-03-25
GROUNDNUT,68.93,179218.00,Dar Es Salaam Wholesale,2024-03-25
GROUNDNUT,65.69,170794.00,Mwanza Central Hub,2024-03-25
GROUNDNUT,71.16,185016.00,Arusha North Hub,2024-03-25
GROUNDNUT,67.91,176566.00,Dodoma Wholesale Hub,2024-03-25
GROUNDNUT,64.64,168064.00,Mbeya Border Market,2024-03-25
GROUNDNUT,68.79,178854.00,Tanga Coastal Exchange,2024-03-25
GROUNDNUT,63.49,165074.00,Tabora Grain Yard,2024-03-25
GROUNDNUT,71.03,184678.00,Kigoma Lake Hub,2024-03-25
SUNFLOWER,51.52,133952.00,Dar Es Salaam Wholesale,2024-03-25
SUNFLOWER,48.95,127270.00,Mwanza Central Hub,2024-03-25
SUNFLOWER,52.87,137462.00,Arusha North Hub,2024-03-25
SUNFLOWER,50.30,130780.00,Dodoma Wholesale Hub,2024-03-25
SUNFLOWER,47.74,124124.00,Mbeya Border Market,2024-03-25
SUNFLOWER,50.65,131690.00,Tanga Coastal Exchange,2024-03-25
SUNFLOWER,46.61,121186.00,Tabora Grain Yard,2024-03-25
SUNFLOWER,51.99,135174.00,Kigoma Lake Hub,2024-03-25
COFFEE,73.71,191646.00,Dar Es Salaam Wholesale,2024-03-25
COFFEE,70.22,182572.00,Mwanza Central Hub,2024-03-25
COFFEE,76.04,197704.00,Arusha North Hub,2024-03-25
COFFEE,72.53,188578.00,Dodoma Wholesale Hub,2024-03-25
COFFEE,69.03,179478.00,Mbeya Border Market,2024-03-25
COFFEE,73.43,190918.00,Tanga Coastal Exchange,2024-03-25
COFFEE,67.75,176150.00,Tabora Grain Yard,2024-03-25
COFFEE,75.78,197028.00,Kigoma Lake Hub,2024-03-25
CASHEW,89.12,231712.00,Dar Es Salaam Wholesale,2024-03-25
CASHEW,84.74,220324.00,Mwanza Central Hub,2024-03-25
CASHEW,91.59,238134.00,Arusha North Hub,2024-03-25
CASHEW,87.20,226720.00,Dodoma Wholesale Hub,2024-03-25
CASHEW,82.82,215332.00,Mbeya Border Market,2024-03-25
CASHEW,87.93,228618.00,Tanga Coastal Exchange,2024-03-25
CASHEW,80.96,210496.00,Tabora Grain Yard,2024-03-25
CASHEW,90.36,234936.00,Kigoma Lake Hub,2024-03-25
COCONUT,75.07,195182.00,Dar Es Salaam Wholesale,2024-03-25
COCONUT,71.45,185770.00,Mwanza Central Hub,2024-03-25
COCONUT,77.30,200980.00,Arusha North Hub,2024-03-25
COCONUT,73.68,191568.00,Dodoma Wholesale Hub,2024-03-25
COCONUT,70.06,182156.00,Mbeya Border Market,2024-03-25
COCONUT,74.47,193622.00,Tanga Coastal Exchange,2024-03-25
COCONUT,68.65,178490.00,Tabora Grain Yard,2024-03-25
COCONUT,76.72,199472.00,Kigoma Lake Hub,2024-03-25
MAIZE,50.53,131378.00,Dar Es Salaam Wholesale,2024-04-01
MAIZE,48.06,124956.00,Mwanza Central Hub,2024-04-01
MAIZE,51.97,135122.00,Arusha North Hub,2024-04-01
MAIZE,49.49,128674.00,Dodoma Wholesale Hub,2024-04-01
MAIZE,47.02,122252.00,Mbeya Border Market,2024-04-01
MAIZE,49.94,129844.00,Tanga Coastal Exchange,2024-04-01
MAIZE,46.00,119600.00,Tabora Grain Yard,2024-04-01
MAIZE,51.36,133536.00,Kigoma Lake Hub,2024-04-01
RICE,63.14,164164.00,Dar Es Salaam Wholesale,2024-04-01
RICE,60.07,156182.00,Mwanza Central Hub,2024-04-01
RICE,64.96,168896.00,Arusha North Hub,2024-04-01
RICE,61.89,160914.00,Dodoma Wholesale Hub,2024-04-01
RICE,58.83,152958.00,Mbeya Border Market,2024-04-01
RICE,62.50,162500.00,Tanga Coastal Exchange,2024-04-01
RICE,57.60,149760.00,Tabora Grain Yard,2024-04-01
RICE,64.34,167284.00,Kigoma Lake Hub,2024-04-01
BEANS,72.65,188890.00,Dar Es Salaam Wholesale,2024-04-01
BEANS,69.16,179816.00,Mwanza Central Hub,2024-04-01
BEANS,74.85,194610.00,Arusha North Hub,2024-04-01
BEANS,71.36,185536.00,Dodoma Wholesale Hub,2024-04-01
BEANS,67.86,176436.00,Mbeya Border Market,2024-04-01
BEANS,72.14,187564.00,Tanga Coastal Exchange,2024-04-01
BEANS,66.51,172926.00,Tabora Grain Yard,2024-04-01
BEANS,74.32,193232.00,Kigoma Lake Hub,2024-04-01
WHEAT,42.90,111540.00,Dar Es Salaam Wholesale,2024-04-01
WHEAT,40.78,106028.00,Mwanza Central Hub,2024-04-01
WHEAT,44.06,114556.00,Arusha North Hub,2024-04-01
WHEAT,41.94,109044.00,Dodoma Wholesale Hub,2024-04-01
WHEAT,39.82,103532.00,Mbeya Border Market,2024-04-01
WHEAT,42.27,109902.00,Tanga Coastal Exchange,2024-04-01
WHEAT,38.92,101192.00,Tabora Grain Yard,2024-04-01
WHEAT,43.44,112944.00,Kigoma Lake Hub,2024-04-01
SORGHUM,34.53,89778.00,Dar Es Salaam Wholesale,2024-04-01
SORGHUM,32.90,85540.00,Mwanza Central Hub,2024-04-01
SORGHUM,35.63,92638.00,Arusha North Hub,2024-04-01
SORGHUM,33.99,88374.00,Dodoma Wholesale Hub,2024-04-01
SORGHUM,32.35,84110.00,Mbeya Border Market,2024-04-01
SORGHUM,34.42,89492.00,Tanga Coastal Exchange,2024-04-01
SORGHUM,31.76,82576.00,Tabora Grain Yard,2024-04-01
SORGHUM,35.52,92352.00,Kigoma Lake Hub,2024-04-01
CASSAVA,24.60,63960.00,Dar Es Salaam Wholesale,2024-04-01
CASSAVA,23.37,60762.00,Mwanza Central Hub,2024-04-01
CASSAVA,25.24,65624.00,Arusha North Hub,2024-04-01
CASSAVA,24.02,62452.00,Dodoma Wholesale Hub,2024-04-01
CASSAVA,22.79,59254.00,Mbeya Border Market,2024-04-01
CASSAVA,24.18,62868.00,Tanga Coastal Exchange,2024-04-01
CASSAVA,22.25,57850.00,Tabora Grain Yard,2024-04-01
CASSAVA,24.82,64532.00,Kigoma Lake Hub,2024-04-01
POTATO,29.27,76102.00,Dar Es Salaam Wholesale,2024-04-01
POTATO,27.89,72514.00,Mwanza Central Hub,2024-04-01
POTATO,30.22,78572.00,Arusha North Hub,2024-04-01
POTATO,28.83,74958.00,Dodoma Wholesale Hub,2024-04-01
POTATO,25.34,65884.00,Mbeya Border Market,2024-04-01
POTATO,26.97,70122.00,Tanga Coastal Exchange,2024-04-01
POTATO,24.89,64714.00,Tabora Grain Yard,2024-04-01
POTATO,27.85,72410.00,Kigoma Lake Hub,2024-04-01
GROUNDNUT,67.35,175110.00,Dar Es Salaam Wholesale,2024-04-01
GROUNDNUT,63.98,166348.00,Mwanza Central Hub,2024-04-01
GROUNDNUT,69.10,179660.00,Arusha North Hub,2024-04-01
GROUNDNUT,65.74,170924.00,Dodoma Wholesale Hub,2024-04-01
GROUNDNUT,62.39,162214.00,Mbeya Border Market,2024-04-01
GROUNDNUT,66.19,172094.00,Tanga Coastal Exchange,2024-04-01
GROUNDNUT,60.90,158340.00,Tabora Grain Yard,2024-04-01
GROUNDNUT,67.92,176592.00,Kigoma Lake Hub,2024-04-01
SUNFLOWER,52.72,137072.00,Dar Es Salaam Wholesale,2024-04-01
SUNFLOWER,50.23,130598.00,Mwanza Central Hub,2024-04-01
SUNFLOWER,54.40,141440.00,Arusha North Hub,2024-04-01
SUNFLOWER,51.90,134940.00,Dodoma Wholesale Hub,2024-04-01
SUNFLOWER,49.40,128440.00,Mbeya Border Market,2024-04-01
SUNFLOWER,52.55,136630.00,Tanga Coastal Exchange,2024-04-01
SUNFLOWER,48.50,126100.00,Tabora Grain Yard,2024-04-01
SUNFLOWER,54.24,141024.00,Kigoma Lake Hub,2024-04-01
COFFEE,80.31,208806.00,Dar Es Salaam Wholesale,2024-04-01
COFFEE,76.34,198484.00,Mwanza Central Hub,2024-04-01
COFFEE,82.50,214500.00,Arusha North Hub,2024-04-01
COFFEE,78.53,204178.00,Dodoma Wholesale Hub,2024-04-01
COFFEE,74.58,193908.00,Mbeya Border Market,2024-04-01
COFFEE,79.16,205816.00,Tanga Coastal Exchange,2024-04-01
COFFEE,72.88,189488.00,Tabora Grain Yard,2024-04-01
COFFEE,81.32,211432.00,Kigoma Lake Hub,2024-04-01
CASHEW,86.58,225108.00,Dar Es Salaam Wholesale,2024-04-01
CASHEW,82.41,214266.00,Mwanza Central Hub,2024-04-01
CASHEW,89.19,231894.00,Arusha North Hub,2024-04-01
CASHEW,85.03,221078.00,Dodoma Wholesale Hub,2024-04-01
CASHEW,80.86,210236.00,Mbeya Border Market,2024-04-01
CASHEW,85.97,223522.00,Tanga Coastal Exchange,2024-04-01
CASHEW,79.27,206102.00,Tabora Grain Yard,2024-04-01
CASHEW,88.61,230386.00,Kigoma Lake Hub,2024-04-01
COCONUT,83.59,217334.00,Dar Es Salaam Wholesale,2024-04-01
COCONUT,79.54,206804.00,Mwanza Central Hub,2024-04-01
COCONUT,86.03,223678.00,Arusha North Hub,2024-04-01
COCONUT,81.97,213122.00,Dodoma Wholesale Hub,2024-04-01
COCONUT,77.90,202540.00,Mbeya Border Market,2024-04-01
COCONUT,82.77,215202.00,Tanga Coastal Exchange,2024-04-01
COCONUT,76.26,198276.00,Tabora Grain Yard,2024-04-01
COCONUT,85.18,221468.00,Kigoma Lake Hub,2024-04-01
MAIZE,46.75,121550.00,Dar Es Salaam Wholesale,2024-04-08
MAIZE,44.48,115648.00,Mwanza Central Hub,2024-04-08
MAIZE,48.12,125112.00,Arusha North Hub,2024-04-08
MAIZE,45.86,119236.00,Dodoma Wholesale Hub,2024-04-08
MAIZE,43.59,113334.00,Mbeya Border Market,2024-04-08
MAIZE,46.33,120458.00,Tanga Coastal Exchange,2024-04-08
MAIZE,42.70,111020.00,Tabora Grain Yard,2024-04-08
MAIZE,47.71,124046.00,Kigoma Lake Hub,2024-04-08
RICE,68.22,177372.00,Dar Es Salaam Wholesale,2024-04-08
RICE,64.93,168818.00,Mwanza Central Hub,2024-04-08
RICE,70.26,182676.00,Arusha North Hub,2024-04-08
RICE,66.97,174122.00,Dodoma Wholesale Hub,2024-04-08
RICE,63.67,165542.00,Mbeya Border Market,2024-04-08
RICE,67.67,175942.00,Tanga Coastal Exchange,2024-04-08
RICE,62.38,162188.00,Tabora Grain Yard,2024-04-08
RICE,69.70,181220.00,Kigoma Lake Hub,2024-04-08
BEANS,68.46,177996.00,Dar Es Salaam Wholesale,2024-04-08
BEANS,65.08,169208.00,Mwanza Central Hub,2024-04-08
BEANS,70.33,182858.00,Arusha North Hub,2024-04-08
BEANS,66.96,174096.00,Dodoma Wholesale Hub,2024-04-08
BEANS,63.59,165334.00,Mbeya Border Market,2024-04-08
BEANS,67.51,175526.00,Tanga Coastal Exchange,2024-04-08
BEANS,62.17,161642.00,Tabora Grain Yard,2024-04-08
BEANS,69.40,180440.00,Kigoma Lake Hub,2024-04-08
WHEAT,44.28,115128.00,Dar Es Salaam Wholesale,2024-04-08
WHEAT,42.18,109668.00,Mwanza Central Hub,2024-04-08
WHEAT,45.68,118768.00,Arusha North Hub,2024-04-08
WHEAT,43.57,113282.00,Dodoma Wholesale Hub,2024-04-08
WHEAT,41.46,107796.00,Mbeya Border Market,2024-04-08
WHEAT,44.10,114660.00,Tanga Coastal Exchange,2024-04-08
WHEAT,40.69,105794.00,Tabora Grain Yard,2024-04-08
WHEAT,45.50,118300.00,Kigoma Lake Hub,2024-04-08
SORGHUM,34.86,90636.00,Dar Es Salaam Wholesale,2024-04-08
SORGHUM,33.12,86112.00,Mwanza Central Hub,2024-04-08
SORGHUM,35.77,93002.00,Arusha North Hub,2024-04-08
SORGHUM,34.04,88504.00,Dodoma Wholesale Hub,2024-04-08
SORGHUM,32.31,84006.00,Mbeya Border Market,2024-04-08
SORGHUM,34.28,89128.00,Tanga Coastal Exchange,2024-04-08
SORGHUM,31.54,82004.00,Tabora Grain Yard,2024-04-08
SORGHUM,35.19,91494.00,Kigoma Lake Hub,2024-04-08
CASSAVA,23.28,60528.00,Dar Es Salaam Wholesale,2024-04-08
CASSAVA,22.19,57694.00,Mwanza Central Hub,2024-04-08
CASSAVA,24.04,62504.00,Arusha North Hub,2024-04-08
CASSAVA,22.94,59644.00,Dodoma Wholesale Hub,2024-04-08
CASSAVA,21.84,56784.00,Mbeya Border Market,2024-04-08
CASSAVA,23.25,60450.00,Tanga Coastal Exchange,2024-04-08
CASSAVA,21.46,55796.00,Tabora Grain Yard,2024-04-08
CASSAVA,24.01,62426.00,Kigoma Lake Hub,2024-04-08
POTATO,27.71,72046.00,Dar Es Salaam Wholesale,2024-04-08
POTATO,26.32,68432.00,Mwanza Central Hub,2024-04-08
POTATO,28.43,73918.00,Arusha North Hub,2024-04-08
POTATO,27.04,70304.00,Dodoma Wholesale Hub,2024-04-08
POTATO,25.66,66716.00,Mbeya Border Market,2024-04-08
POTATO,27.22,70772.00,Tanga Coastal Exchange,2024-04-08
POTATO,25.05,65130.00,Tabora Grain Yard,2024-04-08
POTATO,27.93,72618.00,Kigoma Lake Hub,2024-04-08
GROUNDNUT,68.03,176878.00,Dar Es Salaam Wholesale,2024-04-08
GROUNDNUT,64.82,168532.00,Mwanza Central Hub,2024-04-08
GROUNDNUT,70.21,182546.00,Arusha North Hub,2024-04-08
GROUNDNUT,66.99,174174.00,Dodoma Wholesale Hub,2024-04-08
GROUNDNUT,63.76,165776.00,Mbeya Border Market,2024-04-08
GROUNDNUT,67.84,176384.00,Tanga Coastal Exchange,2024-04-08
GROUNDNUT,62.61,162786.00,Tabora Grain Yard,2024-04-08
GROUNDNUT,70.04,182104.00,Kigoma Lake Hub,2024-04-08
SUNFLOWER,54.38,141388.00,Dar Es Salaam Wholesale,2024-04-08
SUNFLOWER,51.69,134394.00,Mwanza Central Hub,2024-04-08
SUNFLOWER,55.85,145210.00,Arusha North Hub,2024-04-08
SUNFLOWER,53.16,138216.00,Dodoma Wholesale Hub,2024-04-08
SUNFLOWER,50.47,131222.00,Mbeya Border Market,2024-04-08
SUNFLOWER,53.56,139256.00,Tanga Coastal Exchange,2024-04-08
SUNFLOWER,49.31,128206.00,Tabora Grain Yard,2024-04-08
SUNFLOWER,55.01,143026.00,Kigoma Lake Hub,2024-04-08
COFFEE,75.66,196716.00,Dar Es Salaam Wholesale,2024-04-08
COFFEE,72.04,187304.00,Mwanza Central Hub,2024-04-08
COFFEE,77.97,202722.00,Arusha North Hub,2024-04-08
COFFEE,74.35,193310.00,Dodoma Wholesale Hub,2024-04-08
COFFEE,70.72,183872.00,Mbeya Border Market,2024-04-08
COFFEE,75.20,195520.00,Tanga Coastal Exchange,2024-04-08
COFFEE,69.36,180336.00,Tabora Grain Yard,2024-04-08
COFFEE,77.54,201604.00,Kigoma Lake Hub,2024-04-08
CASHEW,93.51,243126.00,Dar Es Salaam Wholesale,2024-04-08
CASHEW,88.96,231296.00,Mwanza Central Hub,2024-04-08
CASHEW,96.20,250120.00,Arusha North Hub,2024-04-08
CASHEW,91.64,238264.00,Dodoma Wholesale Hub,2024-04-08
CASHEW,87.08,226408.00,Mbeya Border Market,2024-04-08
CASHEW,92.50,240500.00,Tanga Coastal Exchange,2024-04-08
CASHEW,85.22,221572.00,Tabora Grain Yard,2024-04-08
CASHEW,95.15,247390.00,Kigoma Lake Hub,2024-04-08
COCONUT,77.35,201110.00,Dar Es Salaam Wholesale,2024-04-08
COCONUT,73.57,191282.00,Mwanza Central Hub,2024-04-08
COCONUT,79.55,206830.00,Arusha North Hub,2024-04-08
COCONUT,75.78,197028.00,Dodoma Wholesale Hub,2024-04-08
COCONUT,72.01,187226.00,Mbeya Border Market,2024-04-08
COCONUT,76.50,198900.00,Tanga Coastal Exchange,2024-04-08
COCONUT,70.49,183274.00,Tabora Grain Yard,2024-04-08
COCONUT,78.73,204698.00,Kigoma Lake Hub,2024-04-08
MAIZE,50.64,131664.00,Dar Es Salaam Wholesale,2024-04-15
MAIZE,48.19,125294.00,Mwanza Central Hub,2024-04-15
MAIZE,52.13,135538.00,Arusha North Hub,2024-04-15
MAIZE,49.68,129168.00,Dodoma Wholesale Hub,2024-04-15
MAIZE,47.23,122798.00,Mbeya Border Market,2024-04-15
MAIZE,50.18,130468.00,Tanga Coastal Exchange,2024-04-15
MAIZE,46.25,120250.00,Tabora Grain Yard,2024-04-15
MAIZE,51.66,134316.00,Kigoma Lake Hub,2024-04-15
RICE,63.73,165698.00,Dar Es Salaam Wholesale,2024-04-15
RICE,60.60,157560.00,Mwanza Central Hub,2024-04-15
RICE,65.50,170300.00,Arusha North Hub,2024-04-15
RICE,62.37,162162.00,Dodoma Wholesale Hub,2024-04-15
RICE,59.24,154024.00,Mbeya Border Market,2024-04-15
RICE,62.91,163566.00,Tanga Coastal Exchange,2024-04-15
RICE,57.94,150644.00,Tabora Grain Yard,2024-04-15
RICE,64.69,168194.00,Kigoma Lake Hub,2024-04-15
BEANS,71.64,186264.00,Dar Es Salaam Wholesale,2024-04-15
BEANS,68.24,177424.00,Mwanza Central Hub,2024-04-15
BEANS,73.89,192114.00,Arusha North Hub,2024-04-15
BEANS,70.47,183222.00,Dodoma Wholesale Hub,2024-04-15
BEANS,67.05,174330.00,Mbeya Border Market,2024-04-15
BEANS,71.31,185406.00,Tanga Coastal Exchange,2024-04-15
BEANS,65.78,171028.00,Tabora Grain Yard,2024-04-15
BEANS,73.55,191230.00,Kigoma Lake Hub,2024-04-15
WHEAT,43.92,114192.00,Dar Es Salaam Wholesale,2024-04-15
WHEAT,41.73,108498.00,Mwanza Central Hub,2024-04-15
WHEAT,45.08,117208.00,Arusha North Hub,2024-04-15
WHEAT,42.89,111514.00,Dodoma Wholesale Hub,2024-04-15
WHEAT,40.71,105846.00,Mbeya Border Market,2024-04-15
WHEAT,43.20,112320.00,Tanga Coastal Exchange,2024-04-15
WHEAT,39.76,103376.00,Tabora Grain Yard,2024-04-15
WHEAT,44.36,115336.00,Kigoma Lake Hub,2024-04-15
SORGHUM,33.66,87516.00,Dar Es Salaam Wholesale,2024-04-15
SORGHUM,32.08,83408.00,Mwanza Central Hub,2024-04-15
SORGHUM,34.76,90376.00,Arusha North Hub,2024-04-15
SORGHUM,33.17,86242.00,Dodoma Wholesale Hub,2024-04-15
SORGHUM,31.58,82108.00,Mbeya Border Market,2024-04-15
SORGHUM,33.60,87360.00,Tanga Coastal Exchange,2024-04-15
SORGHUM,31.01,80626.00,Tabora Grain Yard,2024-04-15
SORGHUM,34.70,90220.00,Kigoma Lake Hub,2024-04-15
CASSAVA,23.39,60814.00,Dar Es Salaam Wholesale,2024-04-15
CASSAVA,22.21,57746.00,Mwanza Central Hub,2024-04-15
CASSAVA,23.99,62374.00,Arusha North Hub,2024-04-15
CASSAVA,22.82,59332.00,Dodoma Wholesale Hub,2024-04-15
CASSAVA,21.65,56290.00,Mbeya Border Market,2024-04-15
CASSAVA,22.97,59722.00,Tanga Coastal Exchange,2024-04-15
CASSAVA,22.90,59540.00,Tabora Grain Yard,2024-04-15
CASSAVA,25.54,66404.00,Kigoma Lake Hub,2024-04-15
POTATO,28.53,74178.00,Dar Es Salaam Wholesale,2024-04-15
POTATO,27.19,70694.00,Mwanza Central Hub,2024-04-15
POTATO,29.45,76570.00,Arusha North Hub,2024-04-15
POTATO,28.10,73060.00,Dodoma Wholesale Hub,2024-04-15
POTATO,26.75,69550.00,Mbeya Border Market,2024-04-15
POTATO,28.46,73996.00,Tanga Coastal Exchange,2024-04-15
POTATO,26.27,68302.00,Tabora Grain Yard,2024-04-15
POTATO,29.39,76414.00,Kigoma Lake Hub,2024-04-15
GROUNDNUT,69.08,179608.00,Dar Es Salaam Wholesale,2024-04-15
GROUNDNUT,65.65,170690.00,Mwanza Central Hub,2024-04-15
GROUNDNUT,70.92,184392.00,Arusha North Hub,2024-04-15
GROUNDNUT,67.50,175500.00,Dodoma Wholesale Hub,2024-04-15
GROUNDNUT,64.07,166582.00,Mbeya Border Market,2024-04-15
GROUNDNUT,67.99,176774.00,Tanga Coastal Exchange,2024-04-15
GROUNDNUT,62.58,162708.00,Tabora Grain Yard,2024-04-15
GROUNDNUT,69.81,181506.00,Kigoma Lake Hub,2024-04-15
SUNFLOWER,51.80,134680.00,Dar Es Salaam Wholesale,2024-04-15
SUNFLOWER,49.33,128258.00,Mwanza Central Hub,2024-04-15
SUNFLOWER,53.41,138866.00,Arusha North Hub,2024-04-15
SUNFLOWER,50.93,132418.00,Dodoma Wholesale Hub,2024-04-15
SUNFLOWER,48.46,125996.00,Mbeya Border Market,2024-04-15
SUNFLOWER,51.53,133978.00,Tanga Coastal Exchange,2024-04-15
SUNFLOWER,47.54,123604.00,Tabora Grain Yard,2024-04-15
SUNFLOWER,53.16,138216.00,Kigoma Lake Hub,2024-04-15
COFFEE,81.29,211354.00,Dar Es Salaam Wholesale,2024-04-15
COFFEE,77.32,201032.00,Mwanza Central Hub,2024-04-15
COFFEE,83.60,217360.00,Arusha North Hub,2024-04-15
COFFEE,79.62,207012.00,Dodoma Wholesale Hub,2024-04-15
COFFEE,75.64,196664.00,Mbeya Border Market,2024-04-15
COFFEE,80.33,208858.00,Tanga Coastal Exchange,2024-04-15
COFFEE,73.99,192374.00,Tabora Grain Yard,2024-04-15
COFFEE,82.61,214786.00,Kigoma Lake Hub,2024-04-15
CASHEW,86.43,224718.00,Dar Es Salaam Wholesale,2024-04-15
CASHEW,82.23,213798.00,Mwanza Central Hub,2024-04-15
CASHEW,88.93,231218.00,Arusha North Hub,2024-04-15
CASHEW,84.73,220298.00,Dodoma Wholesale Hub,2024-04-15
CASHEW,80.54,209404.00,Mbeya Border Market,2024-04-15
CASHEW,85.57,222482.00,Tanga Coastal Exchange,2024-04-15
CASHEW,78.87,205062.00,Tabora Grain Yard,2024-04-15
CASHEW,88.10,229060.00,Kigoma Lake Hub,2024-04-15
COCONUT,83.24,216424.00,Dar Es Salaam Wholesale,2024-04-15
COCONUT,79.24,206024.00,Mwanza Central Hub,2024-04-15
COCONUT,85.76,222976.00,Arusha North Hub,2024-04-15
COCONUT,81.75,212550.00,Dodoma Wholesale Hub,2024-04-15
COCONUT,77.74,202124.00,Mbeya Border Market,2024-04-15
COCONUT,82.64,214864.00,Tanga Coastal Exchange,2024-04-15
COCONUT,76.19,198094.00,Tabora Grain Yard,2024-04-15
COCONUT,85.14,221364.00,Kigoma Lake Hub,2024-04-15
MAIZE,47.02,122252.00,Dar Es Salaam Wholesale,2024-04-22
MAIZE,44.71,116246.00,Mwanza Central Hub,2024-04-22
MAIZE,48.34,125684.00,Arusha North Hub,2024-04-22
MAIZE,46.04,119704.00,Dodoma Wholesale Hub,2024-04-22
MAIZE,43.74,113724.00,Mbeya Border Market,2024-04-22
MAIZE,46.46,120796.00,Tanga Coastal Exchange,2024-04-22
MAIZE,42.80,111280.00,Tabora Grain Yard,2024-04-22
MAIZE,47.79,124254.00,Kigoma Lake Hub,2024-04-22
RICE,67.49,175474.00,Dar Es Salaam Wholesale,2024-04-22
RICE,64.27,167102.00,Mwanza Central Hub,2024-04-22
RICE,69.58,180908.00,Arusha North Hub,2024-04-22
RICE,66.35,172510.00,Dodoma Wholesale Hub,2024-04-22
RICE,63.12,164112.00,Mbeya Border Market,2024-04-22
RICE,67.12,174512.00,Tanga Coastal Exchange,2024-04-22
RICE,61.90,160940.00,Tabora Grain Yard,2024-04-22
RICE,69.20,179920.00,Kigoma Lake Hub,2024-04-22
BEANS,69.93,181818.00,Dar Es Salaam Wholesale,2024-04-22
BEANS,66.45,172770.00,Mwanza Central Hub,2024-04-22
BEANS,71.78,186628.00,Arusha North Hub,2024-04-22
BEANS,68.31,177606.00,Dodoma Wholesale Hub,2024-04-22
BEANS,64.85,168610.00,Mbeya Border Market,2024-04-22
BEANS,68.82,178932.00,Tanga Coastal Exchange,2024-04-22
BEANS,63.34,164684.00,Tabora Grain Yard,2024-04-22
BEANS,70.67,183742.00,Kigoma Lake Hub,2024-04-22
WHEAT,43.25,112450.00,Dar Es Salaam Wholesale,2024-04-22
WHEAT,41.21,107146.00,Mwanza Central Hub,2024-04-22
WHEAT,44.64,116064.00,Arusha North Hub,2024-04-22
WHEAT,42.60,110760.00,Dodoma Wholesale Hub,2024-04-22
WHEAT,40.55,105430.00,Mbeya Border Market,2024-04-22
WHEAT,43.15,112190.00,Tanga Coastal Exchange,2024-04-22
WHEAT,39.82,103532.00,Tabora Grain Yard,2024-04-22
WHEAT,44.55,115830.00,Kigoma Lake Hub,2024-04-22
SORGHUM,35.87,93262.00,Dar Es Salaam Wholesale,2024-04-22
SORGHUM,34.07,88582.00,Mwanza Central Hub,2024-04-22
SORGHUM,36.80,95680.00,Arusha North Hub,2024-04-22
SORGHUM,35.01,91026.00,Dodoma Wholesale Hub,2024-04-22
SORGHUM,33.22,86372.00,Mbeya Border Market,2024-04-22
SORGHUM,35.25,91650.00,Tanga Coastal Exchange,2024-04-22
SORGHUM,32.43,84318.00,Tabora Grain Yard,2024-04-22
SORGHUM,36.17,94042.00,Kigoma Lake Hub,2024-04-22
CASSAVA,24.57,63882.00,Dar Es Salaam Wholesale,2024-04-22
CASSAVA,23.41,60866.00,Mwanza Central Hub,2024-04-22
CASSAVA,25.36,65936.00,Arusha North Hub,2024-04-22
CASSAVA,24.20,62920.00,Dodoma Wholesale Hub,2024-04-22
CASSAVA,23.04,59904.00,Mbeya Border Market,2024-04-22
CASSAVA,24.51,63726.00,Tanga Coastal Exchange,2024-04-22
CASSAVA,22.63,58838.00,Tabora Grain Yard,2024-04-22
CASSAVA,25.31,65806.00,Kigoma Lake Hub,2024-04-22
POTATO,28.48,74048.00,Dar Es Salaam Wholesale,2024-04-22
POTATO,27.06,70356.00,Mwanza Central Hub,2024-04-22
POTATO,29.23,75998.00,Arusha North Hub,2024-04-22
POTATO,27.81,72306.00,Dodoma Wholesale Hub,2024-04-22
POTATO,26.40,68640.00,Mbeya Border Market,2024-04-22
POTATO,28.01,72826.00,Tanga Coastal Exchange,2024-04-22
POTATO,25.78,67028.00,Tabora Grain Yard,2024-04-22
POTATO,28.75,74750.00,Kigoma Lake Hub,2024-04-22
GROUNDNUT,66.68,173368.00,Dar Es Salaam Wholesale,2024-04-22
GROUNDNUT,63.51,165126.00,Mwanza Central Hub,2024-04-22
GROUNDNUT,68.76,178776.00,Arusha North Hub,2024-04-22
GROUNDNUT,65.59,170534.00,Dodoma Wholesale Hub,2024-04-22
GROUNDNUT,62.41,162266.00,Mbeya Border Market,2024-04-22
GROUNDNUT,66.38,172588.00,Tanga Coastal Exchange,2024-04-22
GROUNDNUT,61.25,159250.00,Tabora Grain Yard,2024-04-22
GROUNDNUT,68.49,178074.00,Kigoma Lake Hub,2024-04-22
SUNFLOWER,55.23,143598.00,Dar Es Salaam Wholesale,2024-04-22
SUNFLOWER,52.52,136552.00,Mwanza Central Hub,2024-04-22
SUNFLOWER,56.77,147602.00,Arusha North Hub,2024-04-22
SUNFLOWER,54.06,140556.00,Dodoma Wholesale Hub,2024-04-22
SUNFLOWER,51.35,133510.00,Mbeya Border Market,2024-04-22
SUNFLOWER,54.52,141752.00,Tanga Coastal Exchange,2024-04-22
SUNFLOWER,50.21,130546.00,Tabora Grain Yard,2024-04-22
SUNFLOWER,56.05,145730.00,Kigoma Lake Hub,2024-04-22
COFFEE,75.25,195650.00,Dar Es Salaam Wholesale,2024-04-22
COFFEE,71.61,186186.00,Mwanza Central Hub,2024-04-22
COFFEE,77.46,201396.00,Arusha North Hub,2024-04-22
COFFEE,73.82,191932.00,Dodoma Wholesale Hub,2024-04-22
COFFEE,70.18,182468.00,Mbeya Border Market,2024-04-22
COFFEE,74.59,193934.00,Tanga Coastal Exchange,2024-04-22
COFFEE,68.75,178750.00,Tabora Grain Yard,2024-04-22
COFFEE,76.82,199732.00,Kigoma Lake Hub,2024-04-22
CASHEW,93.44,242944.00,Dar Es Salaam Wholesale,2024-04-22
CASHEW,88.94,231244.00,Mwanza Central Hub,2024-04-22
CASHEW,96.23,250198.00,Arusha North Hub,2024-04-22
CASHEW,91.72,238472.00,Dodoma Wholesale Hub,2024-04-22
CASHEW,87.21,226746.00,Mbeya Border Market,2024-04-22
CASHEW,92.68,240968.00,Tanga Coastal Exchange,2024-04-22
CASHEW,85.43,222118.00,Tabora Grain Yard,2024-04-22
CASHEW,95.45,248170.00,Kigoma Lake Hub,2024-04-22
COCONUT,78.30,203580.00,Dar Es Salaam Wholesale,2024-04-22
COCONUT,74.43,193518.00,Mwanza Central Hub,2024-04-22
COCONUT,80.44,209144.00,Arusha North Hub,2024-04-22
COCONUT,76.59,199134.00,Dodoma Wholesale Hub,2024-04-22
COCONUT,72.74,189124.00,Mbeya Border Market,2024-04-22
COCONUT,77.23,200798.00,Tanga Coastal Exchange,2024-04-22
COCONUT,71.12,184912.00,Tabora Grain Yard,2024-04-22
COCONUT,79.39,206414.00,Kigoma Lake Hub,2024-04-22
MAIZE,50.26,130676.00,Dar Es Salaam Wholesale,2024-04-29
MAIZE,47.86,124436.00,Mwanza Central Hub,2024-04-29
MAIZE,51.80,134680.00,Arusha North Hub,2024-04-29
MAIZE,49.39,128414.00,Dodoma Wholesale Hub,2024-04-29
MAIZE,46.97,122122.00,Mbeya Border Market,2024-04-29
MAIZE,49.94,129844.00,Tanga Coastal Exchange,2024-04-29
MAIZE,46.05,119730.00,Tabora Grain Yard,2024-04-29
MAIZE,51.47,133822.00,Kigoma Lake Hub,2024-04-29
RICE,64.92,168792.00,Dar Es Salaam Wholesale,2024-04-29
RICE,61.70,160420.00,Mwanza Central Hub,2024-04-29
RICE,66.66,173316.00,Arusha North Hub,2024-04-29
RICE,63.44,164944.00,Dodoma Wholesale Hub,2024-04-29
RICE,60.24,156624.00,Mbeya Border Market,2024-04-29
RICE,63.93,166218.00,Tanga Coastal Exchange,2024-04-29
RICE,58.86,153036.00,Tabora Grain Yard,2024-04-29
RICE,65.68,170768.00,Kigoma Lake Hub,2024-04-29
BEANS,70.13,182338.00,Dar Es Salaam Wholesale,2024-04-29
BEANS,66.82,173732.00,Mwanza Central Hub,2024-04-29
BEANS,72.38,188188.00,Arusha North Hub,2024-04-29
BEANS,69.06,179556.00,Dodoma Wholesale Hub,2024-04-29
BEANS,65.73,170898.00,Mbeya Border Market,2024-04-29
BEANS,69.94,181844.00,Tanga Coastal Exchange,2024-04-29
BEANS,64.54,167804.00,Tabora Grain Yard,2024-04-29
BEANS,72.18,187668.00,Kigoma Lake Hub,2024-04-29
WHEAT,45.16,117416.00,Dar Es Salaam Wholesale,2024-04-29
WHEAT,42.90,111540.00,Mwanza Central Hub,2024-04-29
WHEAT,46.33,120458.00,Arusha North Hub,2024-04-29
WHEAT,44.08,114608.00,Dodoma Wholesale Hub,2024-04-29
WHEAT,41.83,108758.00,Mbeya Border Market,2024-04-29
WHEAT,44.38,115388.00,Tanga Coastal Exchange,2024-04-29
WHEAT,40.84,106184.00,Tabora Grain Yard,2024-04-29
WHEAT,45.55,118430.00,Kigoma Lake Hub,2024-04-29
SORGHUM,35.50,92300.00,Dar Es Salaam Wholesale,2024-04-29
SORGHUM,33.83,87958.00,Mwanza Central Hub,2024-04-29
SORGHUM,36.64,95264.00,Arusha North Hub,2024-04-29
SORGHUM,34.97,90922.00,Dodoma Wholesale Hub,2024-04-29
SORGHUM,33.29,86554.00,Mbeya Border Market,2024-04-29
SORGHUM,35.42,92092.00,Tanga Coastal Exchange,2024-04-29
SORGHUM,32.69,84994.00,Tabora Grain Yard,2024-04-29
SORGHUM,36.58,95108.00,Kigoma Lake Hub,2024-04-29
CASSAVA,24.07,62582.00,Dar Es Salaam Wholesale,2024-04-29
CASSAVA,22.87,59462.00,Mwanza Central Hub,2024-04-29
CASSAVA,24.70,64220.00,Arusha North Hub,2024-04-29
CASSAVA,23.50,61100.00,Dodoma Wholesale Hub,2024-04-29
CASSAVA,22.31,58006.00,Mbeya Border Market,2024-04-29
CASSAVA,23.66,61516.00,Tanga Coastal Exchange,2024-04-29
CASSAVA,21.78,56628.00,Tabora Grain Yard,2024-04-29
CASSAVA,24.29,63154.00,Kigoma Lake Hub,2024-04-29
POTATO,27.91,72566.00,Dar Es Salaam Wholesale,2024-04-29
POTATO,26.58,69108.00,Mwanza Central Hub,2024-04-29
POTATO,28.79,74854.00,Arusha North Hub,2024-04-29
POTATO,27.46,71396.00,Dodoma Wholesale Hub,2024-04-29
POTATO,26.13,67938.00,Mbeya Border Market,2024-04-29
POTATO,27.80,72280.00,Tanga Coastal Exchange,2024-04-29
POTATO,25.65,66690.00,Tabora Grain Yard,2024-04-29
POTATO,28.69,74594.00,Kigoma Lake Hub,2024-04-29
GROUNDNUT,70.37,182962.00,Dar Es Salaam Wholesale,2024-04-29
GROUNDNUT,66.90,173940.00,Mwanza Central Hub,2024-04-29
GROUNDNUT,72.31,188006.00,Arusha North Hub,2024-04-29
GROUNDNUT,68.84,178984.00,Dodoma Wholesale Hub,2024-04-29
GROUNDNUT,65.38,169988.00,Mbeya Border Market,2024-04-29
GROUNDNUT,69.41,180466.00,Tanga Coastal Exchange,2024-04-29
GROUNDNUT,63.91,166166.00,Tabora Grain Yard,2024-04-29
GROUNDNUT,71.32,185432.00,Kigoma Lake Hub,2024-04-29
SUNFLOWER,51.34,133484.00,Dar Es Salaam Wholesale,2024-04-29
SUNFLOWER,48.86,127036.00,Mwanza Central Hub,2024-04-29
SUNFLOWER,52.87,137462.00,Arusha North Hub,2024-04-29
SUNFLOWER,50.40,131040.00,Dodoma Wholesale Hub,2024-04-29
SUNFLOWER,47.92,124592.00,Mbeya Border Market,2024-04-29
SUNFLOWER,50.94,132444.00,Tanga Coastal Exchange,2024-04-29
SUNFLOWER,46.97,122122.00,Tabora Grain Yard,2024-04-29
SUNFLOWER,52.49,136474.00,Kigoma Lake Hub,2024-04-29
COFFEE,81.52,211952.00,Dar Es Salaam Wholesale,2024-04-29
COFFEE,77.58,201708.00,Mwanza Central Hub,2024-04-29
COFFEE,83.92,218192.00,Arusha North Hub,2024-04-29
COFFEE,79.97,207922.00,Dodoma Wholesale Hub,2024-04-29
COFFEE,76.02,197652.00,Mbeya Border Market,2024-04-29
COFFEE,80.77,210002.00,Tanga Coastal Exchange,2024-04-29
COFFEE,74.44,193544.00,Tabora Grain Yard,2024-04-29
COFFEE,83.15,216190.00,Kigoma Lake Hub,2024-04-29
CASHEW,87.18,226668.00,Dar Es Salaam Wholesale,2024-04-29
CASHEW,82.89,215514.00,Mwanza Central Hub,2024-04-29
CASHEW,89.60,232960.00,Arusha North Hub,2024-04-29
CASHEW,85.32,221832.00,Dodoma Wholesale Hub,2024-04-29
CASHEW,81.05,210730.00,Mbeya Border Market,2024-04-29
CASHEW,86.07,223782.00,Tanga Coastal Exchange,2024-04-29
CASHEW,79.28,206128.00,Tabora Grain Yard,2024-04-29
CASHEW,88.51,230126.00,Kigoma Lake Hub,2024-04-29
COCONUT,82.14,213564.00,Dar Es Salaam Wholesale,2024-04-29
COCONUT,78.23,203398.00,Mwanza Central Hub,2024-04-29
COCONUT,84.71,220246.00,Arusha North Hub,2024-04-29
COCONUT,80.79,210054.00,Dodoma Wholesale Hub,2024-04-29
COCONUT,76.86,199836.00,Mbeya Border Market,2024-04-29
COCONUT,81.75,212550.00,Tanga Coastal Exchange,2024-04-29
COCONUT,75.40,196040.00,Tabora Grain Yard,2024-04-29
COCONUT,84.30,219180.00,Kigoma Lake Hub,2024-04-29
MAIZE,47.27,122902.00,Dar Es Salaam Wholesale,2024-05-06
MAIZE,44.93,116818.00,Mwanza Central Hub,2024-05-06
MAIZE,48.55,126230.00,Arusha North Hub,2024-05-06
MAIZE,46.22,120172.00,Dodoma Wholesale Hub,2024-05-06
MAIZE,43.89,114114.00,Mbeya Border Market,2024-05-06
MAIZE,46.59,121134.00,Tanga Coastal Exchange,2024-05-06
MAIZE,42.89,111514.00,Tabora Grain Yard,2024-05-06
MAIZE,47.87,124462.00,Kigoma Lake Hub,2024-05-06
RICE,64.41,167466.00,Dar Es Salaam Wholesale,2024-05-06
RICE,61.37,159562.00,Mwanza Central Hub,2024-05-06
RICE,66.46,172796.00,Arusha North Hub,2024-05-06
RICE,63.41,164866.00,Dodoma Wholesale Hub,2024-05-06
RICE,60.34,156884.00,Mbeya Border Market,2024-05-06
RICE,64.19,166894.00,Tanga Coastal Exchange,2024-05-06
RICE,59.23,153998.00,Tabora Grain Yard,2024-05-06
RICE,66.24,172224.00,Kigoma Lake Hub,2024-05-06
BEANS,69.05,179530.00,Dar Es Salaam Wholesale,2024-05-06
BEANS,65.60,170560.00,Mwanza Central Hub,2024-05-06
BEANS,70.85,184210.00,Arusha North Hub,2024-05-06
BEANS,67.40,175240.00,Dodoma Wholesale Hub,2024-05-06
BEANS,63.97,166322.00,Mbeya Border Market,2024-05-06
BEANS,67.87,176462.00,Tanga Coastal Exchange,2024-05-06
BEANS,62.46,162396.00,Tabora Grain Yard,2024-05-06
BEANS,69.66,181116.00,Kigoma Lake Hub,2024-05-06
WHEAT,43.77,113802.00,Dar Es Salaam Wholesale,2024-05-06
WHEAT,41.71,108446.00,Mwanza Central Hub,2024-05-06
WHEAT,41.71,108446.00,Arusha North Hub,2024-05-06
WHEAT,39.80,103480.00,Dodoma Wholesale Hub,2024-05-06
WHEAT,37.90,98540.00,Mbeya Border Market,2024-05-06
WHEAT,40.33,104858.00,Tanga Coastal Exchange,2024-05-06
WHEAT,37.23,96798.00,Tabora Grain Yard,2024-05-06
WHEAT,41.65,108290.00,Kigoma Lake Hub,2024-05-06
SORGHUM,33.07,85982.00,Dar Es Salaam Wholesale,2024-05-06
SORGHUM,31.42,81692.00,Mwanza Central Hub,2024-05-06
SORGHUM,33.93,88218.00,Arusha North Hub,2024-05-06
SORGHUM,32.28,83928.00,Dodoma Wholesale Hub,2024-05-06
SORGHUM,30.63,79638.00,Mbeya Border Market,2024-05-06
SORGHUM,32.50,84500.00,Tanga Coastal Exchange,2024-05-06
SORGHUM,29.90,77740.00,Tabora Grain Yard,2024-05-06
SORGHUM,33.35,86710.00,Kigoma Lake Hub,2024-05-06
CASSAVA,23.71,61646.00,Dar Es Salaam Wholesale,2024-05-06
CASSAVA,22.59,58734.00,Mwanza Central Hub,2024-05-06
CASSAVA,24.47,63622.00,Arusha North Hub,2024-05-06
CASSAVA,23.34,60684.00,Dodoma Wholesale Hub,2024-05-06
CASSAVA,22.22,57772.00,Mbeya Border Market,2024-05-06
CASSAVA,23.64,61464.00,Tanga Coastal Exchange,2024-05-06
CASSAVA,21.81,56706.00,Tabora Grain Yard,2024-05-06
CASSAVA,24.40,63440.00,Kigoma Lake Hub,2024-05-06
POTATO,29.43,76518.00,Dar Es Salaam Wholesale,2024-05-06
POTATO,27.97,72722.00,Mwanza Central Hub,2024-05-06
POTATO,30.23,78598.00,Arusha North Hub,2024-05-06
POTATO,28.78,74828.00,Dodoma Wholesale Hub,2024-05-06
POTATO,27.32,71032.00,Mbeya Border Market,2024-05-06
POTATO,29.00,75400.00,Tanga Coastal Exchange,2024-05-06
POTATO,26.70,69420.00,Tabora Grain Yard,2024-05-06
POTATO,29.79,77454.00,Kigoma Lake Hub,2024-05-06
GROUNDNUT,67.93,176618.00,Dar Es Salaam Wholesale,2024-05-06
GROUNDNUT,64.67,168142.00,Mwanza Central Hub,2024-05-06
GROUNDNUT,69.98,181948.00,Arusha North Hub,2024-05-06
GROUNDNUT,66.72,173472.00,Dodoma Wholesale Hub,2024-05-06
GROUNDNUT,63.46,164996.00,Mbeya Border Market,2024-05-06
GROUNDNUT,67.47,175422.00,Tanga Coastal Exchange,2024-05-06
GROUNDNUT,62.22,161772.00,Tabora Grain Yard,2024-05-06
GROUNDNUT,69.55,180830.00,Kigoma Lake Hub,2024-05-06
SUNFLOWER,57.89,150514.00,Dar Es Salaam Wholesale,2024-05-06
SUNFLOWER,55.08,143208.00,Mwanza Central Hub,2024-05-06
SUNFLOWER,59.57,154882.00,Arusha North Hub,2024-05-06
SUNFLOWER,56.76,147576.00,Dodoma Wholesale Hub,2024-05-06
SUNFLOWER,53.94,140244.00,Mbeya Border Market,2024-05-06
SUNFLOWER,57.31,149006.00,Tanga Coastal Exchange,2024-05-06
SUNFLOWER,52.80,137280.00,Tabora Grain Yard,2024-05-06
SUNFLOWER,58.97,153322.00,Kigoma Lake Hub,2024-05-06
COFFEE,78.65,204490.00,Dar Es Salaam Wholesale,2024-05-06
COFFEE,74.80,194480.00,Mwanza Central Hub,2024-05-06
COFFEE,80.87,210262.00,Arusha North Hub,2024-05-06
COFFEE,77.02,200252.00,Dodoma Wholesale Hub,2024-05-06
COFFEE,73.18,190268.00,Mbeya Border Market,2024-05-06
COFFEE,77.73,202098.00,Tanga Coastal Exchange,2024-05-06
COFFEE,71.61,186186.00,Tabora Grain Yard,2024-05-06
COFFEE,79.96,207896.00,Kigoma Lake Hub,2024-05-06
CASHEW,95.11,247286.00,Dar Es Salaam Wholesale,2024-05-06
CASHEW,90.57,235482.00,Mwanza Central Hub,2024-05-06
CASHEW,98.05,254930.00,Arusha North Hub,2024-05-06
CASHEW,93.50,243100.00,Dodoma Wholesale Hub,2024-05-06
CASHEW,88.94,231244.00,Mbeya Border Market,2024-05-06
CASHEW,94.57,245882.00,Tanga Coastal Exchange,2024-05-06
CASHEW,87.22,226772.00,Tabora Grain Yard,2024-05-06
CASHEW,97.49,253474.00,Kigoma Lake Hub,2024-05-06
COCONUT,80.73,209898.00,Dar Es Salaam Wholesale,2024-05-06
COCONUT,76.72,199472.00,Mwanza Central Hub,2024-05-06
COCONUT,82.88,215488.00,Arusha North Hub,2024-05-06
COCONUT,78.87,205062.00,Dodoma Wholesale Hub,2024-05-06
COCONUT,74.88,194688.00,Mbeya Border Market,2024-05-06
COCONUT,79.46,206596.00,Tanga Coastal Exchange,2024-05-06
COCONUT,73.14,190164.00,Tabora Grain Yard,2024-05-06
COCONUT,81.61,212186.00,Kigoma Lake Hub,2024-05-06
MAIZE,48.97,127322.00,Dar Es Salaam Wholesale,2024-05-13
MAIZE,46.64,121264.00,Mwanza Central Hub,2024-05-13
MAIZE,50.51,131326.00,Arusha North Hub,2024-05-13
MAIZE,48.18,125268.00,Dodoma Wholesale Hub,2024-05-13
MAIZE,45.85,119210.00,Mbeya Border Market,2024-05-13
MAIZE,48.77,126802.00,Tanga Coastal Exchange,2024-05-13
MAIZE,44.99,116974.00,Tabora Grain Yard,2024-05-13
MAIZE,50.31,130806.00,Kigoma Lake Hub,2024-05-13
RICE,64.74,168324.00,Dar Es Salaam Wholesale,2024-05-13
RICE,61.51,159926.00,Mwanza Central Hub,2024-05-13
RICE,66.43,172718.00,Arusha North Hub,2024-05-13
RICE,63.21,164346.00,Dodoma Wholesale Hub,2024-05-13
RICE,60.00,156000.00,Mbeya Border Market,2024-05-13
RICE,63.66,165516.00,Tanga Coastal Exchange,2024-05-13
RICE,58.58,152308.00,Tabora Grain Yard,2024-05-13
RICE,65.35,169910.00,Kigoma Lake Hub,2024-05-13
BEANS,65.68,170768.00,Dar Es Salaam Wholesale,2024-05-13
BEANS,62.59,162734.00,Mwanza Central Hub,2024-05-13
BEANS,67.81,176306.00,Arusha North Hub,2024-05-13
BEANS,64.72,168272.00,Dodoma Wholesale Hub,2024-05-13
BEANS,61.61,160186.00,Mbeya Border Market,2024-05-13
BEANS,65.57,170482.00,Tanga Coastal Exchange,2024-05-13
BEANS,60.52,157352.00,Tabora Grain Yard,2024-05-13
BEANS,67.71,176046.00,Kigoma Lake Hub,2024-05-13
WHEAT,41.22,107172.00,Dar Es Salaam Wholesale,2024-05-13
WHEAT,39.16,101816.00,Mwanza Central Hub,2024-05-13
WHEAT,42.29,109954.00,Arusha North Hub,2024-05-13
WHEAT,40.23,104598.00,Dodoma Wholesale Hub,2024-05-13
WHEAT,38.17,99242.00,Mbeya Border Market,2024-05-13
WHEAT,40.49,105274.00,Tanga Coastal Exchange,2024-05-13
WHEAT,37.26,96876.00,Tabora Grain Yard,2024-05-13
WHEAT,41.55,108030.00,Kigoma Lake Hub,2024-05-13
SORGHUM,33.56,87256.00,Dar Es Salaam Wholesale,2024-05-13
SORGHUM,31.98,83148.00,Mwanza Central Hub,2024-05-13
SORGHUM,34.64,90064.00,Arusha North Hub,2024-05-13
SORGHUM,33.05,85930.00,Dodoma Wholesale Hub,2024-05-13
SORGHUM,31.46,81796.00,Mbeya Border Market,2024-05-13
SORGHUM,33.47,87022.00,Tanga Coastal Exchange,2024-05-13
SORGHUM,30.89,80314.00,Tabora Grain Yard,2024-05-13
SORGHUM,34.56,89856.00,Kigoma Lake Hub,2024-05-13
CASSAVA,24.37,63362.00,Dar Es Salaam Wholesale,2024-05-13
CASSAVA,23.16,60216.00,Mwanza Central Hub,2024-05-13
CASSAVA,25.02,65052.00,Arusha North Hub,2024-05-13
CASSAVA,23.81,61906.00,Dodoma Wholesale Hub,2024-05-13
CASSAVA,22.61,58786.00,Mbeya Border Market,2024-05-13
CASSAVA,23.99,62374.00,Tanga Coastal Exchange,2024-05-13
CASSAVA,22.09,57434.00,Tabora Grain Yard,2024-05-13
CASSAVA,24.64,64064.00,Kigoma Lake Hub,2024-05-13
POTATO,27.80,72280.00,Dar Es Salaam Wholesale,2024-05-13
POTATO,26.47,68822.00,Mwanza Central Hub,2024-05-13
POTATO,28.65,74490.00,Arusha North Hub,2024-05-13
POTATO,27.32,71032.00,Dodoma Wholesale Hub,2024-05-13
POTATO,25.99,67574.00,Mbeya Border Market,2024-05-13
POTATO,27.63,71838.00,Tanga Coastal Exchange,2024-05-13
POTATO,25.49,66274.00,Tabora Grain Yard,2024-05-13
POTATO,28.50,74100.00,Kigoma Lake Hub,2024-05-13
GROUNDNUT,73.29,190554.00,Dar Es Salaam Wholesale,2024-05-13
GROUNDNUT,69.72,181272.00,Mwanza Central Hub,2024-05-13
GROUNDNUT,75.39,196014.00,Arusha North Hub,2024-05-13
GROUNDNUT,71.81,186706.00,Dodoma Wholesale Hub,2024-05-13
GROUNDNUT,68.24,177424.00,Mbeya Border Market,2024-05-13
GROUNDNUT,72.48,188448.00,Tanga Coastal Exchange,2024-05-13
GROUNDNUT,66.77,173602.00,Tabora Grain Yard,2024-05-13
GROUNDNUT,74.55,193830.00,Kigoma Lake Hub,2024-05-13
SUNFLOWER,53.54,139204.00,Dar Es Salaam Wholesale,2024-05-13
SUNFLOWER,50.93,132418.00,Mwanza Central Hub,2024-05-13
SUNFLOWER,55.07,143182.00,Arusha North Hub,2024-05-13
SUNFLOWER,52.46,136396.00,Dodoma Wholesale Hub,2024-05-13
SUNFLOWER,49.86,129636.00,Mbeya Border Market,2024-05-13
SUNFLOWER,52.97,137722.00,Tanga Coastal Exchange,2024-05-13
SUNFLOWER,48.81,126906.00,Tabora Grain Yard,2024-05-13
SUNFLOWER,54.51,141726.00,Kigoma Lake Hub,2024-05-13
COFFEE,84.21,218946.00,Dar Es Salaam Wholesale,2024-05-13
COFFEE,80.17,208442.00,Mwanza Central Hub,2024-05-13
COFFEE,86.78,225628.00,Arusha North Hub,2024-05-13
COFFEE,82.74,215124.00,Dodoma Wholesale Hub,2024-05-13
COFFEE,78.69,204594.00,Mbeya Border Market,2024-05-13
COFFEE,83.66,217516.00,Tanga Coastal Exchange,2024-05-13
COFFEE,77.14,200564.00,Tabora Grain Yard,2024-05-13
COFFEE,86.21,224146.00,Kigoma Lake Hub,2024-05-13
CASHEW,91.25,237250.00,Dar Es Salaam Wholesale,2024-05-13
CASHEW,86.72,225472.00,Mwanza Central Hub,2024-05-13
CASHEW,93.70,243620.00,Arusha North Hub,2024-05-13
CASHEW,89.18,231868.00,Dodoma Wholesale Hub,2024-05-13
CASHEW,84.68,220168.00,Mbeya Border Market,2024-05-13
CASHEW,89.88,233688.00,Tanga Coastal Exchange,2024-05-13
CASHEW,82.74,215124.00,Tabora Grain Yard,2024-05-13
CASHEW,92.33,240058.00,Kigoma Lake Hub,2024-05-13
COCONUT,81.25,211250.00,Dar Es Salaam Wholesale,2024-05-13
COCONUT,77.41,201266.00,Mwanza Central Hub,2024-05-13
COCONUT,83.85,218010.00,Arusha North Hub,2024-05-13
COCONUT,80.00,208000.00,Dodoma Wholesale Hub,2024-05-13
COCONUT,76.15,197990.00,Mbeya Border Market,2024-05-13
COCONUT,81.01,210626.00,Tanga Coastal Exchange,2024-05-13
COCONUT,74.76,194376.00,Tabora Grain Yard,2024-05-13
COCONUT,83.61,217386.00,Kigoma Lake Hub,2024-05-13
MAIZE,48.37,125762.00,Dar Es Salaam Wholesale,2024-05-20
MAIZE,45.96,119496.00,Mwanza Central Hub,2024-05-20
MAIZE,49.64,129064.00,Arusha North Hub,2024-05-20
MAIZE,47.24,122824.00,Dodoma Wholesale Hub,2024-05-20
MAIZE,44.84,116584.00,Mbeya Border Market,2024-05-20
MAIZE,47.58,123708.00,Tanga Coastal Exchange,2024-05-20
MAIZE,43.79,113854.00,Tabora Grain Yard,2024-05-20
MAIZE,48.86,127036.00,Kigoma Lake Hub,2024-05-20
RICE,62.83,163358.00,Dar Es Salaam Wholesale,2024-05-20
RICE,59.87,155662.00,Mwanza Central Hub,2024-05-20
RICE,64.86,168636.00,Arusha North Hub,2024-05-20
RICE,61.90,160940.00,Dodoma Wholesale Hub,2024-05-20
RICE,58.93,153218.00,Mbeya Border Market,2024-05-20
RICE,62.70,163020.00,Tanga Coastal Exchange,2024-05-20
RICE,57.87,150462.00,Tabora Grain Yard,2024-05-20
RICE,64.74,168324.00,Kigoma Lake Hub,2024-05-20
BEANS,65.62,170612.00,Dar Es Salaam Wholesale,2024-05-20
BEANS,62.33,162058.00,Mwanza Central Hub,2024-05-20
BEANS,67.30,174980.00,Arusha North Hub,2024-05-20
BEANS,64.02,166452.00,Dodoma Wholesale Hub,2024-05-20
BEANS,65.82,171132.00,Mbeya Border Market,2024-05-20
BEANS,69.82,181532.00,Tanga Coastal Exchange,2024-05-20
BEANS,64.25,167050.00,Tabora Grain Yard,2024-05-20
BEANS,71.66,186316.00,Kigoma Lake Hub,2024-05-20
WHEAT,42.66,110916.00,Dar Es Salaam Wholesale,2024-05-20
WHEAT,40.64,105664.00,Mwanza Central Hub,2024-05-20
WHEAT,44.03,114478.00,Arusha North Hub,2024-05-20
WHEAT,42.01,109226.00,Dodoma Wholesale Hub,2024-05-20
WHEAT,39.99,103974.00,Mbeya Border Market,2024-05-20
WHEAT,42.56,110656.00,Tanga Coastal Exchange,2024-05-20
WHEAT,39.28,102128.00,Tabora Grain Yard,2024-05-20
WHEAT,43.94,114244.00,Kigoma Lake Hub,2024-05-20
SORGHUM,33.94,88244.00,Dar Es Salaam Wholesale,2024-05-20
SORGHUM,32.25,83850.00,Mwanza Central Hub,2024-05-20
SORGHUM,34.84,90584.00,Arusha North Hub,2024-05-20
SORGHUM,33.16,86216.00,Dodoma Wholesale Hub,2024-05-20
SORGHUM,31.48,81848.00,Mbeya Border Market,2024-05-20
SORGHUM,33.40,86840.00,Tanga Coastal Exchange,2024-05-20
SORGHUM,30.74,79924.00,Tabora Grain Yard,2024-05-20
SORGHUM,34.29,89154.00,Kigoma Lake Hub,2024-05-20
CASSAVA,23.28,60528.00,Dar Es Salaam Wholesale,2024-05-20
CASSAVA,22.17,57642.00,Mwanza Central Hub,2024-05-20
CASSAVA,24.01,62426.00,Arusha North Hub,2024-05-20
CASSAVA,22.89,59514.00,Dodoma Wholesale Hub,2024-05-20
CASSAVA,21.78,56628.00,Mbeya Border Market,2024-05-20
CASSAVA,23.17,60242.00,Tanga Coastal Exchange,2024-05-20
CASSAVA,21.37,55562.00,Tabora Grain Yard,2024-05-20
CASSAVA,23.90,62140.00,Kigoma Lake Hub,2024-05-20
POTATO,29.81,77506.00,Dar Es Salaam Wholesale,2024-05-20
POTATO,28.35,73710.00,Mwanza Central Hub,2024-05-20
POTATO,30.66,79716.00,Arusha North Hub,2024-05-20
POTATO,29.20,75920.00,Dodoma Wholesale Hub,2024-05-20
POTATO,27.74,72124.00,Mbeya Border Market,2024-05-20
POTATO,29.45,76570.00,Tanga Coastal Exchange,2024-05-20
POTATO,27.13,70538.00,Tabora Grain Yard,2024-05-20
POTATO,30.29,78754.00,Kigoma Lake Hub,2024-05-20
GROUNDNUT,67.75,176150.00,Dar Es Salaam Wholesale,2024-05-20
GROUNDNUT,64.46,167596.00,Mwanza Central Hub,2024-05-20
GROUNDNUT,69.72,181272.00,Arusha North Hub,2024-05-20
GROUNDNUT,66.43,172718.00,Dodoma Wholesale Hub,2024-05-20
GROUNDNUT,63.14,164164.00,Mbeya Border Market,2024-05-20
GROUNDNUT,67.10,174460.00,Tanga Coastal Exchange,2024-05-20
GROUNDNUT,61.84,160784.00,Tabora Grain Yard,2024-05-20
GROUNDNUT,69.09,179634.00,Kigoma Lake Hub,2024-05-20
SUNFLOWER,57.70,150020.00,Dar Es Salaam Wholesale,2024-05-20
SUNFLOWER,54.93,142818.00,Mwanza Central Hub,2024-05-20
SUNFLOWER,59.44,154544.00,Arusha North Hub,2024-05-20
SUNFLOWER,56.66,147316.00,Dodoma Wholesale Hub,2024-05-20
SUNFLOWER,53.88,140088.00,Mbeya Border Market,2024-05-20
SUNFLOWER,57.27,148902.00,Tanga Coastal Exchange,2024-05-20
SUNFLOWER,52.80,137280.00,Tabora Grain Yard,2024-05-20
SUNFLOWER,58.99,153374.00,Kigoma Lake Hub,2024-05-20
COFFEE,79.82,207532.00,Dar Es Salaam Wholesale,2024-05-20
COFFEE,75.87,197262.00,Mwanza Central Hub,2024-05-20
COFFEE,81.98,213148.00,Arusha North Hub,2024-05-20
COFFEE,78.04,202904.00,Dodoma Wholesale Hub,2024-05-20
COFFEE,74.11,192686.00,Mbeya Border Market,2024-05-20
COFFEE,78.67,204542.00,Tanga Coastal Exchange,2024-05-20
COFFEE,72.44,188344.00,Tabora Grain Yard,2024-05-20
COFFEE,80.85,210210.00,Kigoma Lake Hub,2024-05-20
CASHEW,93.38,242788.00,Dar Es Salaam Wholesale,2024-05-20
CASHEW,88.96,231296.00,Mwanza Central Hub,2024-05-20
CASHEW,96.34,250484.00,Arusha North Hub,2024-05-20
CASHEW,91.91,238966.00,Dodoma Wholesale Hub,2024-05-20
CASHEW,87.47,227422.00,Mbeya Border Market,2024-05-20
CASHEW,93.05,241930.00,Tanga Coastal Exchange,2024-05-20
CASHEW,85.85,223210.00,Tabora Grain Yard,2024-05-20
CASHEW,96.01,249626.00,Kigoma Lake Hub,2024-05-20
COCONUT,82.89,215514.00,Dar Es Salaam Wholesale,2024-05-20
COCONUT,78.74,204724.00,Mwanza Central Hub,2024-05-20
COCONUT,85.05,221130.00,Arusha North Hub,2024-05-20
COCONUT,80.92,210392.00,Dodoma Wholesale Hub,2024-05-20
COCONUT,76.80,199680.00,Mbeya Border Market,2024-05-20
COCONUT,81.48,211848.00,Tanga Coastal Exchange,2024-05-20
COCONUT,74.98,194948.00,Tabora Grain Yard,2024-05-20
COCONUT,83.63,217438.00,Kigoma Lake Hub,2024-05-20
MAIZE,47.85,124410.00,Dar Es Salaam Wholesale,2024-05-27
MAIZE,45.60,118560.00,Mwanza Central Hub,2024-05-27
MAIZE,49.39,128414.00,Arusha North Hub,2024-05-27
MAIZE,47.13,122538.00,Dodoma Wholesale Hub,2024-05-27
MAIZE,44.86,116636.00,Mbeya Border Market,2024-05-27
MAIZE,47.74,124124.00,Tanga Coastal Exchange,2024-05-27
MAIZE,44.06,114556.00,Tabora Grain Yard,2024-05-27
MAIZE,49.28,128128.00,Kigoma Lake Hub,2024-05-27
RICE,66.59,173134.00,Dar Es Salaam Wholesale,2024-05-27
RICE,63.26,164476.00,Mwanza Central Hub,2024-05-27
RICE,68.32,177632.00,Arusha North Hub,2024-05-27
RICE,65.00,169000.00,Dodoma Wholesale Hub,2024-05-27
RICE,61.69,160394.00,Mbeya Border Market,2024-05-27
RICE,65.44,170144.00,Tanga Coastal Exchange,2024-05-27
RICE,60.22,156572.00,Tabora Grain Yard,2024-05-27
RICE,67.16,174616.00,Kigoma Lake Hub,2024-05-27
BEANS,69.28,180128.00,Dar Es Salaam Wholesale,2024-05-27
BEANS,66.02,171652.00,Mwanza Central Hub,2024-05-27
BEANS,71.52,185952.00,Arusha North Hub,2024-05-27
BEANS,68.25,177450.00,Dodoma Wholesale Hub,2024-05-27
BEANS,64.97,168922.00,Mbeya Border Market,2024-05-27
BEANS,69.13,179738.00,Tanga Coastal Exchange,2024-05-27
BEANS,63.81,165906.00,Tabora Grain Yard,2024-05-27
BEANS,71.39,185614.00,Kigoma Lake Hub,2024-05-27
WHEAT,42.38,110188.00,Dar Es Salaam Wholesale,2024-05-27
WHEAT,40.27,104702.00,Mwanza Central Hub,2024-05-27
WHEAT,43.50,113100.00,Arusha North Hub,2024-05-27
WHEAT,41.39,107614.00,Dodoma Wholesale Hub,2024-05-27
WHEAT,39.28,102128.00,Mbeya Border Market,2024-05-27
WHEAT,41.68,108368.00,Tanga Coastal Exchange,2024-05-27
WHEAT,38.36,99736.00,Tabora Grain Yard,2024-05-27
WHEAT,42.78,111228.00,Kigoma Lake Hub,2024-05-27
SORGHUM,32.88,85488.00,Dar Es Salaam Wholesale,2024-05-27
SORGHUM,31.32,81432.00,Mwanza Central Hub,2024-05-27
SORGHUM,33.91,88166.00,Arusha North Hub,2024-05-27
SORGHUM,32.34,84084.00,Dodoma Wholesale Hub,2024-05-27
SORGHUM,30.78,80028.00,Mbeya Border Market,2024-05-27
SORGHUM,32.74,85124.00,Tanga Coastal Exchange,2024-05-27
SORGHUM,30.21,78546.00,Tabora Grain Yard,2024-05-27
SORGHUM,33.78,87828.00,Kigoma Lake Hub,2024-05-27
CASSAVA,24.76,64376.00,Dar Es Salaam Wholesale,2024-05-27
CASSAVA,23.55,61230.00,Mwanza Central Hub,2024-05-27
CASSAVA,25.45,66170.00,Arusha North Hub,2024-05-27
CASSAVA,24.24,63024.00,Dodoma Wholesale Hub,2024-05-27
CASSAVA,23.02,59852.00,Mbeya Border Market,2024-05-27
CASSAVA,24.44,63544.00,Tanga Coastal Exchange,2024-05-27
CASSAVA,22.51,58526.00,Tabora Grain Yard,2024-05-27
CASSAVA,25.12,65312.00,Kigoma Lake Hub,2024-05-27
POTATO,27.62,71812.00,Dar Es Salaam Wholesale,2024-05-27
POTATO,26.28,68328.00,Mwanza Central Hub,2024-05-27
POTATO,28.44,73944.00,Arusha North Hub,2024-05-27
POTATO,27.10,70460.00,Dodoma Wholesale Hub,2024-05-27
POTATO,25.77,67002.00,Mbeya Border Market,2024-05-27
POTATO,27.38,71188.00,Tanga Coastal Exchange,2024-05-27
POTATO,25.24,65624.00,Tabora Grain Yard,2024-05-27
POTATO,28.21,73346.00,Kigoma Lake Hub,2024-05-27
GROUNDNUT,73.30,190580.00,Dar Es Salaam Wholesale,2024-05-27
GROUNDNUT,69.77,181402.00,Mwanza Central Hub,2024-05-27
GROUNDNUT,75.48,196248.00,Arusha North Hub,2024-05-27
GROUNDNUT,71.94,187044.00,Dodoma Wholesale Hub,2024-05-27
GROUNDNUT,68.39,177814.00,Mbeya Border Market,2024-05-27
GROUNDNUT,72.68,188968.00,Tanga Coastal Exchange,2024-05-27
GROUNDNUT,66.99,174174.00,Tabora Grain Yard,2024-05-27
GROUNDNUT,74.84,194584.00,Kigoma Lake Hub,2024-05-27
SUNFLOWER,54.15,140790.00,Dar Es Salaam Wholesale,2024-05-27
SUNFLOWER,51.48,133848.00,Mwanza Central Hub,2024-05-27
SUNFLOWER,55.64,144664.00,Arusha North Hub,2024-05-27
SUNFLOWER,52.97,137722.00,Dodoma Wholesale Hub,2024-05-27
SUNFLOWER,50.31,130806.00,Mbeya Border Market,2024-05-27
SUNFLOWER,53.42,138892.00,Tanga Coastal Exchange,2024-05-27
SUNFLOWER,49.20,127920.00,Tabora Grain Yard,2024-05-27
SUNFLOWER,54.92,142792.00,Kigoma Lake Hub,2024-05-27
COFFEE,82.91,215566.00,Dar Es Salaam Wholesale,2024-05-27
COFFEE,78.97,205322.00,Mwanza Central Hub,2024-05-27
COFFEE,85.52,222352.00,Arusha North Hub,2024-05-27
COFFEE,81.57,212082.00,Dodoma Wholesale Hub,2024-05-27
COFFEE,77.62,201812.00,Mbeya Border Market,2024-05-27
COFFEE,82.56,214656.00,Tanga Coastal Exchange,2024-05-27
COFFEE,76.16,198016.00,Tabora Grain Yard,2024-05-27
COFFEE,85.16,221416.00,Kigoma Lake Hub,2024-05-27
CASHEW,93.53,243178.00,Dar Es Salaam Wholesale,2024-05-27
CASHEW,88.86,231036.00,Mwanza Central Hub,2024-05-27
CASHEW,95.98,249548.00,Arusha North Hub,2024-05-27
CASHEW,91.32,237432.00,Dodoma Wholesale Hub,2024-05-27
CASHEW,86.68,225368.00,Mbeya Border Market,2024-05-27
CASHEW,91.97,239122.00,Tanga Coastal Exchange,2024-05-27
CASHEW,84.64,220064.00,Tabora Grain Yard,2024-05-27
CASHEW,94.42,245492.00,Kigoma Lake Hub,2024-05-27
COCONUT,79.15,205790.00,Dar Es Salaam Wholesale,2024-05-27
COCONUT,75.43,196118.00,Mwanza Central Hub,2024-05-27
COCONUT,81.72,212472.00,Arusha North Hub,2024-05-27
COCONUT,77.99,202774.00,Dodoma Wholesale Hub,2024-05-27
COCONUT,74.25,193050.00,Mbeya Border Market,2024-05-27
COCONUT,79.01,205426.00,Tanga Coastal Exchange,2024-05-27
COCONUT,72.93,189618.00,Tabora Grain Yard,2024-05-27
COCONUT,81.60,212160.00,Kigoma Lake Hub,2024-05-27
MAIZE,48.35,125710.00,Dar Es Salaam Wholesale,2024-06-03
MAIZE,45.94,119444.00,Mwanza Central Hub,2024-06-03
MAIZE,49.61,128986.00,Arusha North Hub,2024-06-03
MAIZE,47.20,122720.00,Dodoma Wholesale Hub,2024-06-03
MAIZE,44.79,116454.00,Mbeya Border Market,2024-06-03
MAIZE,47.52,123552.00,Tanga Coastal Exchange,2024-06-03
MAIZE,43.73,113698.00,Tabora Grain Yard,2024-06-03
MAIZE,48.77,126802.00,Kigoma Lake Hub,2024-06-03
RICE,63.69,165594.00,Dar Es Salaam Wholesale,2024-06-03
RICE,60.69,157794.00,Mwanza Central Hub,2024-06-03
RICE,65.75,170950.00,Arusha North Hub,2024-06-03
RICE,62.74,163124.00,Dodoma Wholesale Hub,2024-06-03
RICE,59.73,155298.00,Mbeya Border Market,2024-06-03
RICE,63.56,165256.00,Tanga Coastal Exchange,2024-06-03
RICE,58.66,152516.00,Tabora Grain Yard,2024-06-03
RICE,60.59,157534.00,Kigoma Lake Hub,2024-06-03
BEANS,64.86,168636.00,Dar Es Salaam Wholesale,2024-06-03
BEANS,61.62,160212.00,Mwanza Central Hub,2024-06-03
BEANS,66.55,173030.00,Arusha North Hub,2024-06-03
BEANS,63.32,164632.00,Dodoma Wholesale Hub,2024-06-03
BEANS,60.09,156234.00,Mbeya Border Market,2024-06-03
BEANS,63.75,165750.00,Tanga Coastal Exchange,2024-06-03
BEANS,58.66,152516.00,Tabora Grain Yard,2024-06-03
BEANS,65.43,170118.00,Kigoma Lake Hub,2024-06-03
WHEAT,40.43,105118.00,Dar Es Salaam Wholesale,2024-06-03
WHEAT,38.51,100126.00,Mwanza Central Hub,2024-06-03
WHEAT,41.71,108446.00,Arusha North Hub,2024-06-03
WHEAT,39.79,103454.00,Dodoma Wholesale Hub,2024-06-03
WHEAT,37.87,98462.00,Mbeya Border Market,2024-06-03
WHEAT,40.29,104754.00,Tanga Coastal Exchange,2024-06-03
WHEAT,37.17,96642.00,Tabora Grain Yard,2024-06-03
WHEAT,41.58,108108.00,Kigoma Lake Hub,2024-06-03
SORGHUM,34.20,88920.00,Dar Es Salaam Wholesale,2024-06-03
SORGHUM,32.51,84526.00,Mwanza Central Hub,2024-06-03
SORGHUM,35.14,91364.00,Arusha North Hub,2024-06-03
SORGHUM,33.45,86970.00,Dodoma Wholesale Hub,2024-06-03
SORGHUM,31.77,82602.00,Mbeya Border Market,2024-06-03
SORGHUM,33.72,87672.00,Tanga Coastal Exchange,2024-06-03
SORGHUM,31.05,80730.00,Tabora Grain Yard,2024-06-03
SORGHUM,34.65,90090.00,Kigoma Lake Hub,2024-06-03
CASSAVA,23.32,60632.00,Dar Es Salaam Wholesale,2024-06-03
CASSAVA,22.20,57720.00,Mwanza Central Hub,2024-06-03
CASSAVA,24.02,62452.00,Arusha North Hub,2024-06-03
CASSAVA,22.90,59540.00,Dodoma Wholesale Hub,2024-06-03
CASSAVA,21.77,56602.00,Mbeya Border Market,2024-06-03
CASSAVA,23.15,60190.00,Tanga Coastal Exchange,2024-06-03
CASSAVA,21.34,55484.00,Tabora Grain Yard,2024-06-03
CASSAVA,23.85,62010.00,Kigoma Lake Hub,2024-06-03
POTATO,30.86,80236.00,Dar Es Salaam Wholesale,2024-06-03
POTATO,29.37,76362.00,Mwanza Central Hub,2024-06-03
POTATO,31.77,82602.00,Arusha North Hub,2024-06-03
POTATO,30.27,78702.00,Dodoma Wholesale Hub,2024-06-03
POTATO,28.78,74828.00,Mbeya Border Market,2024-06-03
POTATO,30.57,79482.00,Tanga Coastal Exchange,2024-06-03
POTATO,28.18,73268.00,Tabora Grain Yard,2024-06-03
POTATO,31.47,81822.00,Kigoma Lake Hub,2024-06-03
GROUNDNUT,71.12,184912.00,Dar Es Salaam Wholesale,2024-06-03
GROUNDNUT,67.62,175812.00,Mwanza Central Hub,2024-06-03
GROUNDNUT,73.10,190060.00,Arusha North Hub,2024-06-03
GROUNDNUT,69.61,180986.00,Dodoma Wholesale Hub,2024-06-03
GROUNDNUT,66.13,171938.00,Mbeya Border Market,2024-06-03
GROUNDNUT,70.23,182598.00,Tanga Coastal Exchange,2024-06-03
GROUNDNUT,64.69,168194.00,Tabora Grain Yard,2024-06-03
GROUNDNUT,72.23,187798.00,Kigoma Lake Hub,2024-06-03
SUNFLOWER,59.26,154076.00,Dar Es Salaam Wholesale,2024-06-03
SUNFLOWER,56.44,146744.00,Mwanza Central Hub,2024-06-03
SUNFLOWER,61.11,158886.00,Arusha North Hub,2024-06-03
SUNFLOWER,58.28,151528.00,Dodoma Wholesale Hub,2024-06-03
SUNFLOWER,55.44,144144.00,Mbeya Border Market,2024-06-03
SUNFLOWER,58.96,153296.00,Tanga Coastal Exchange,2024-06-03
SUNFLOWER,54.39,141414.00,Tabora Grain Yard,2024-06-03
SUNFLOWER,60.80,158080.00,Kigoma Lake Hub,2024-06-03
COFFEE,83.93,218218.00,Dar Es Salaam Wholesale,2024-06-03
COFFEE,79.75,207350.00,Mwanza Central Hub,2024-06-03
COFFEE,86.15,223990.00,Arusha North Hub,2024-06-03
COFFEE,81.97,213122.00,Dodoma Wholesale Hub,2024-06-03
COFFEE,77.82,202332.00,Mbeya Border Market,2024-06-03
COFFEE,82.57,214682.00,Tanga Coastal Exchange,2024-06-03
COFFEE,76.00,197600.00,Tabora Grain Yard,2024-06-03
COFFEE,84.79,220454.00,Kigoma Lake Hub,2024-06-03
CASHEW,92.02,239252.00,Dar Es Salaam Wholesale,2024-06-03
CASHEW,87.69,227994.00,Mwanza Central Hub,2024-06-03
CASHEW,95.00,247000.00,Arusha North Hub,2024-06-03
CASHEW,90.66,235716.00,Dodoma Wholesale Hub,2024-06-03
CASHEW,86.30,224380.00,Mbeya Border Market,2024-06-03
CASHEW,91.84,238784.00,Tanga Coastal Exchange,2024-06-03
CASHEW,84.76,220376.00,Tabora Grain Yard,2024-06-03
CASHEW,94.82,246532.00,Kigoma Lake Hub,2024-06-03
COCONUT,77.97,202722.00,Dar Es Salaam Wholesale,2024-06-03
COCONUT,74.06,192556.00,Mwanza Central Hub,2024-06-03
COCONUT,79.98,207948.00,Arusha North Hub,2024-06-03
COCONUT,82.42,214292.00,Dodoma Wholesale Hub,2024-06-03
COCONUT,78.22,203372.00,Mbeya Border Market,2024-06-03
COCONUT,82.98,215748.00,Tanga Coastal Exchange,2024-06-03
COCONUT,76.36,198536.00,Tabora Grain Yard,2024-06-03
COCONUT,85.16,221416.00,Kigoma Lake Hub,2024-06-03
MAIZE,45.29,117754.00,Dar Es Salaam Wholesale,2024-06-10
MAIZE,43.16,112216.00,Mwanza Central Hub,2024-06-10
MAIZE,46.76,121576.00,Arusha North Hub,2024-06-10
MAIZE,44.63,116038.00,Dodoma Wholesale Hub,2024-06-10
MAIZE,42.49,110474.00,Mbeya Border Market,2024-06-10
MAIZE,45.22,117572.00,Tanga Coastal Exchange,2024-06-10
MAIZE,41.74,108524.00,Tabora Grain Yard,2024-06-10
MAIZE,46.70,121420.00,Kigoma Lake Hub,2024-06-10
RICE,60.90,158340.00,Dar Es Salaam Wholesale,2024-06-10
RICE,57.85,150410.00,Mwanza Central Hub,2024-06-10
RICE,62.48,162448.00,Arusha North Hub,2024-06-10
RICE,59.44,154544.00,Dodoma Wholesale Hub,2024-06-10
RICE,56.41,146666.00,Mbeya Border Market,2024-06-10
RICE,59.84,155584.00,Tanga Coastal Exchange,2024-06-10
RICE,55.06,143156.00,Tabora Grain Yard,2024-06-10
RICE,61.40,159640.00,Kigoma Lake Hub,2024-06-10
BEANS,64.92,168792.00,Dar Es Salaam Wholesale,2024-06-10
BEANS,61.85,160810.00,Mwanza Central Hub,2024-06-10
BEANS,66.99,174174.00,Arusha North Hub,2024-06-10
BEANS,63.92,166192.00,Dodoma Wholesale Hub,2024-06-10
BEANS,60.84,158184.00,Mbeya Border Market,2024-06-10
BEANS,64.73,168298.00,Tanga Coastal Exchange,2024-06-10
BEANS,59.73,155298.00,Tabora Grain Yard,2024-06-10
BEANS,66.82,173732.00,Kigoma Lake Hub,2024-06-10
WHEAT,42.00,109200.00,Dar Es Salaam Wholesale,2024-06-10
WHEAT,39.92,103792.00,Mwanza Central Hub,2024-06-10
WHEAT,43.14,112164.00,Arusha North Hub,2024-06-10
WHEAT,41.06,106756.00,Dodoma Wholesale Hub,2024-06-10
WHEAT,38.99,101374.00,Mbeya Border Market,2024-06-10
WHEAT,41.38,107588.00,Tanga Coastal Exchange,2024-06-10
WHEAT,38.10,99060.00,Tabora Grain Yard,2024-06-10
WHEAT,42.51,110526.00,Kigoma Lake Hub,2024-06-10
SORGHUM,32.07,83382.00,Dar Es Salaam Wholesale,2024-06-10
SORGHUM,30.53,79378.00,Mwanza Central Hub,2024-06-10
SORGHUM,33.05,85930.00,Arusha North Hub,2024-06-10
SORGHUM,31.51,81926.00,Dodoma Wholesale Hub,2024-06-10
SORGHUM,29.97,77922.00,Mbeya Border Market,2024-06-10
SORGHUM,31.86,82836.00,Tanga Coastal Exchange,2024-06-10
SORGHUM,29.38,76388.00,Tabora Grain Yard,2024-06-10
SORGHUM,32.85,85410.00,Kigoma Lake Hub,2024-06-10
CASSAVA,25.23,65598.00,Dar Es Salaam Wholesale,2024-06-10
CASSAVA,24.01,62426.00,Mwanza Central Hub,2024-06-10
CASSAVA,25.96,67496.00,Arusha North Hub,2024-06-10
CASSAVA,24.73,64298.00,Dodoma Wholesale Hub,2024-06-10
CASSAVA,23.51,61126.00,Mbeya Border Market,2024-06-10
CASSAVA,24.97,64922.00,Tanga Coastal Exchange,2024-06-10
CASSAVA,23.01,59826.00,Tabora Grain Yard,2024-06-10
CASSAVA,25.69,66794.00,Kigoma Lake Hub,2024-06-10
POTATO,28.60,74360.00,Dar Es Salaam Wholesale,2024-06-10
POTATO,27.20,70720.00,Mwanza Central Hub,2024-06-10
POTATO,29.41,76466.00,Arusha North Hub,2024-06-10
POTATO,28.01,72826.00,Dodoma Wholesale Hub,2024-06-10
POTATO,26.62,69212.00,Mbeya Border Market,2024-06-10
POTATO,28.27,73502.00,Tanga Coastal Exchange,2024-06-10
POTATO,26.05,67730.00,Tabora Grain Yard,2024-06-10
POTATO,29.09,75634.00,Kigoma Lake Hub,2024-06-10
GROUNDNUT,75.65,196690.00,Dar Es Salaam Wholesale,2024-06-10
GROUNDNUT,72.04,187304.00,Mwanza Central Hub,2024-06-10
GROUNDNUT,77.98,202748.00,Arusha North Hub,2024-06-10
GROUNDNUT,74.36,193336.00,Dodoma Wholesale Hub,2024-06-10
GROUNDNUT,70.73,183898.00,Mbeya Border Market,2024-06-10
GROUNDNUT,75.21,195546.00,Tanga Coastal Exchange,2024-06-10
GROUNDNUT,69.35,180310.00,Tabora Grain Yard,2024-06-10
GROUNDNUT,77.52,201552.00,Kigoma Lake Hub,2024-06-10
SUNFLOWER,57.45,149370.00,Dar Es Salaam Wholesale,2024-06-10
SUNFLOWER,54.60,141960.00,Mwanza Central Hub,2024-06-10
SUNFLOWER,58.98,153348.00,Arusha North Hub,2024-06-10
SUNFLOWER,56.13,145938.00,Dodoma Wholesale Hub,2024-06-10
SUNFLOWER,53.29,138554.00,Mbeya Border Market,2024-06-10
SUNFLOWER,56.56,147056.00,Tanga Coastal Exchange,2024-06-10
SUNFLOWER,52.06,135356.00,Tabora Grain Yard,2024-06-10
SUNFLOWER,58.09,151034.00,Kigoma Lake Hub,2024-06-10
COFFEE,83.34,216684.00,Dar Es Salaam Wholesale,2024-06-10
COFFEE,79.41,206466.00,Mwanza Central Hub,2024-06-10
COFFEE,86.02,223652.00,Arusha North Hub,2024-06-10
COFFEE,82.08,213408.00,Dodoma Wholesale Hub,2024-06-10
COFFEE,78.13,203138.00,Mbeya Border Market,2024-06-10
COFFEE,83.13,216138.00,Tanga Coastal Exchange,2024-06-10
COFFEE,76.72,199472.00,Tabora Grain Yard,2024-06-10
COFFEE,85.81,223106.00,Kigoma Lake Hub,2024-06-10
CASHEW,97.16,252616.00,Dar Es Salaam Wholesale,2024-06-10
CASHEW,92.30,239980.00,Mwanza Central Hub,2024-06-10
CASHEW,99.68,259168.00,Arusha North Hub,2024-06-10
CASHEW,94.84,246584.00,Dodoma Wholesale Hub,2024-06-10
CASHEW,90.00,234000.00,Mbeya Border Market,2024-06-10
CASHEW,95.48,248248.00,Tanga Coastal Exchange,2024-06-10
CASHEW,87.86,228436.00,Tabora Grain Yard,2024-06-10
CASHEW,97.99,254774.00,Kigoma Lake Hub,2024-06-10
COCONUT,82.66,214916.00,Dar Es Salaam Wholesale,2024-06-10
COCONUT,78.76,204776.00,Mwanza Central Hub,2024-06-10
COCONUT,85.32,221832.00,Arusha North Hub,2024-06-10
COCONUT,81.42,211692.00,Dodoma Wholesale Hub,2024-06-10
COCONUT,77.51,201526.00,Mbeya Border Market,2024-06-10
COCONUT,82.48,214448.00,Tanga Coastal Exchange,2024-06-10
COCONUT,76.13,197938.00,Tabora Grain Yard,2024-06-10
COCONUT,85.17,221442.00,Kigoma Lake Hub,2024-06-10
MAIZE,45.97,119522.00,Dar Es Salaam Wholesale,2024-06-17
MAIZE,43.67,113542.00,Mwanza Central Hub,2024-06-17
MAIZE,47.16,122616.00,Arusha North Hub,2024-06-17
MAIZE,44.86,116636.00,Dodoma Wholesale Hub,2024-06-17
MAIZE,42.57,110682.00,Mbeya Border Market,2024-06-17
MAIZE,45.16,117416.00,Tanga Coastal Exchange,2024-06-17
MAIZE,41.55,108030.00,Tabora Grain Yard,2024-06-17
MAIZE,46.33,120458.00,Kigoma Lake Hub,2024-06-17
RICE,62.11,161486.00,Dar Es Salaam Wholesale,2024-06-17
RICE,59.17,153842.00,Mwanza Central Hub,2024-06-17
RICE,64.10,166660.00,Arusha North Hub,2024-06-17
RICE,61.16,159016.00,Dodoma Wholesale Hub,2024-06-17
RICE,58.22,151372.00,Mbeya Border Market,2024-06-17
RICE,61.95,161070.00,Tanga Coastal Exchange,2024-06-17
RICE,57.17,148642.00,Tabora Grain Yard,2024-06-17
RICE,63.95,166270.00,Kigoma Lake Hub,2024-06-17
BEANS,66.45,172770.00,Dar Es Salaam Wholesale,2024-06-17
BEANS,63.16,164216.00,Mwanza Central Hub,2024-06-17
BEANS,68.24,177424.00,Arusha North Hub,2024-06-17
BEANS,64.94,168844.00,Dodoma Wholesale Hub,2024-06-17
BEANS,61.65,160290.00,Mbeya Border Market,2024-06-17
BEANS,65.43,170118.00,Tanga Coastal Exchange,2024-06-17
BEANS,60.22,156572.00,Tabora Grain Yard,2024-06-17
BEANS,67.19,174694.00,Kigoma Lake Hub,2024-06-17
WHEAT,39.78,103428.00,Dar Es Salaam Wholesale,2024-06-17
WHEAT,37.88,98488.00,Mwanza Central Hub,2024-06-17
WHEAT,41.00,106600.00,Arusha North Hub,2024-06-17
WHEAT,39.10,101660.00,Dodoma Wholesale Hub,2024-06-17
WHEAT,37.19,96694.00,Mbeya Border Market,2024-06-17
WHEAT,39.55,102830.00,Tanga Coastal Exchange,2024-06-17
WHEAT,36.48,94848.00,Tabora Grain Yard,2024-06-17
WHEAT,40.79,106054.00,Kigoma Lake Hub,2024-06-17
SORGHUM,34.56,89856.00,Dar Es Salaam Wholesale,2024-06-17
SORGHUM,32.87,85462.00,Mwanza Central Hub,2024-06-17
SORGHUM,35.55,92430.00,Arusha North Hub,2024-06-17
SORGHUM,33.86,88036.00,Dodoma Wholesale Hub,2024-06-17
SORGHUM,32.17,83642.00,Mbeya Border Market,2024-06-17
SORGHUM,34.17,88842.00,Tanga Coastal Exchange,2024-06-17
SORGHUM,31.48,81848.00,Tabora Grain Yard,2024-06-17
SORGHUM,35.14,91364.00,Kigoma Lake Hub,2024-06-17
CASSAVA,23.33,60658.00,Dar Es Salaam Wholesale,2024-06-17
CASSAVA,22.19,57694.00,Mwanza Central Hub,2024-06-17
CASSAVA,24.00,62400.00,Arusha North Hub,2024-06-17
CASSAVA,22.86,59436.00,Dodoma Wholesale Hub,2024-06-17
CASSAVA,21.73,56498.00,Mbeya Border Market,2024-06-17
CASSAVA,23.08,60008.00,Tanga Coastal Exchange,2024-06-17
CASSAVA,21.27,55302.00,Tabora Grain Yard,2024-06-17
CASSAVA,23.76,61776.00,Kigoma Lake Hub,2024-06-17
POTATO,30.68,79768.00,Dar Es Salaam Wholesale,2024-06-17
POTATO,29.21,75946.00,Mwanza Central Hub,2024-06-17
POTATO,31.62,82212.00,Arusha North Hub,2024-06-17
POTATO,30.14,78364.00,Dodoma Wholesale Hub,2024-06-17
POTATO,28.67,74542.00,Mbeya Border Market,2024-06-17
POTATO,30.47,79222.00,Tanga Coastal Exchange,2024-06-17
POTATO,28.10,73060.00,Tabora Grain Yard,2024-06-17
POTATO,31.40,81640.00,Kigoma Lake Hub,2024-06-17
GROUNDNUT,72.34,188084.00,Dar Es Salaam Wholesale,2024-06-17
GROUNDNUT,68.76,178776.00,Mwanza Central Hub,2024-06-17
GROUNDNUT,74.29,193154.00,Arusha North Hub,2024-06-17
GROUNDNUT,70.71,183846.00,Dodoma Wholesale Hub,2024-06-17
GROUNDNUT,67.14,174564.00,Mbeya Border Market,2024-06-17
GROUNDNUT,71.27,185302.00,Tanga Coastal Exchange,2024-06-17
GROUNDNUT,65.61,170586.00,Tabora Grain Yard,2024-06-17
GROUNDNUT,73.22,190372.00,Kigoma Lake Hub,2024-06-17
SUNFLOWER,58.07,150982.00,Dar Es Salaam Wholesale,2024-06-17
SUNFLOWER,55.33,143858.00,Mwanza Central Hub,2024-06-17
SUNFLOWER,59.92,155792.00,Arusha North Hub,2024-06-17
SUNFLOWER,57.17,148642.00,Dodoma Wholesale Hub,2024-06-17
SUNFLOWER,54.42,141492.00,Mbeya Border Market,2024-06-17
SUNFLOWER,57.89,150514.00,Tanga Coastal Exchange,2024-06-17
SUNFLOWER,53.42,138892.00,Tabora Grain Yard,2024-06-17
SUNFLOWER,59.75,155350.00,Kigoma Lake Hub,2024-06-17
COFFEE,86.25,224250.00,Dar Es Salaam Wholesale,2024-06-17
COFFEE,81.94,213044.00,Mwanza Central Hub,2024-06-17
COFFEE,88.49,230074.00,Arusha North Hub,2024-06-17
COFFEE,84.19,218894.00,Dodoma Wholesale Hub,2024-06-17
COFFEE,79.90,207740.00,Mbeya Border Market,2024-06-17
COFFEE,84.77,220402.00,Tanga Coastal Exchange,2024-06-17
COFFEE,78.01,202826.00,Tabora Grain Yard,2024-06-17
COFFEE,87.01,226226.00,Kigoma Lake Hub,2024-06-17
CASHEW,97.02,252252.00,Dar Es Salaam Wholesale,2024-06-17
CASHEW,92.45,240370.00,Mwanza Central Hub,2024-06-17
CASHEW,100.15,260390.00,Arusha North Hub,2024-06-17
CASHEW,95.57,248482.00,Dodoma Wholesale Hub,2024-06-17
CASHEW,90.98,236548.00,Mbeya Border Market,2024-06-17
CASHEW,96.81,251706.00,Tanga Coastal Exchange,2024-06-17
CASHEW,82.49,214474.00,Tabora Grain Yard,2024-06-17
CASHEW,92.30,239980.00,Kigoma Lake Hub,2024-06-17
COCONUT,80.30,208780.00,Dar Es Salaam Wholesale,2024-06-17
COCONUT,76.29,198354.00,Mwanza Central Hub,2024-06-17
COCONUT,82.39,214214.00,Arusha North Hub,2024-06-17
COCONUT,78.39,203814.00,Dodoma Wholesale Hub,2024-06-17
COCONUT,74.39,193414.00,Mbeya Border Market,2024-06-17
COCONUT,78.92,205192.00,Tanga Coastal Exchange,2024-06-17
COCONUT,72.62,188812.00,Tabora Grain Yard,2024-06-17
COCONUT,80.99,210574.00,Kigoma Lake Hub,2024-06-17
MAIZE,47.81,124306.00,Dar Es Salaam Wholesale,2024-06-24
MAIZE,45.56,118456.00,Mwanza Central Hub,2024-06-24
MAIZE,49.35,128310.00,Arusha North Hub,2024-06-24
MAIZE,47.09,122434.00,Dodoma Wholesale Hub,2024-06-24
MAIZE,44.83,116558.00,Mbeya Border Market,2024-06-24
MAIZE,47.70,124020.00,Tanga Coastal Exchange,2024-06-24
MAIZE,44.03,114478.00,Tabora Grain Yard,2024-06-24
MAIZE,49.26,128076.00,Kigoma Lake Hub,2024-06-24
RICE,62.53,162578.00,Dar Es Salaam Wholesale,2024-06-24
RICE,59.42,154492.00,Mwanza Central Hub,2024-06-24
RICE,64.19,166894.00,Arusha North Hub,2024-06-24
RICE,61.08,158808.00,Dodoma Wholesale Hub,2024-06-24
RICE,57.98,150748.00,Mbeya Border Market,2024-06-24
RICE,61.52,159952.00,Tanga Coastal Exchange,2024-06-24
RICE,56.62,147212.00,Tabora Grain Yard,2024-06-24
RICE,63.16,164216.00,Kigoma Lake Hub,2024-06-24
BEANS,63.71,165646.00,Dar Es Salaam Wholesale,2024-06-24
BEANS,60.67,157742.00,Mwanza Central Hub,2024-06-24
BEANS,65.69,170794.00,Arusha North Hub,2024-06-24
BEANS,62.65,162890.00,Dodoma Wholesale Hub,2024-06-24
BEANS,59.61,154986.00,Mbeya Border Market,2024-06-24
BEANS,63.40,164840.00,Tanga Coastal Exchange,2024-06-24
BEANS,58.49,152074.00,Tabora Grain Yard,2024-06-24
BEANS,65.41,170066.00,Kigoma Lake Hub,2024-06-24
WHEAT,42.58,110708.00,Dar Es Salaam Wholesale,2024-06-24
WHEAT,40.50,105300.00,Mwanza Central Hub,2024-06-24
WHEAT,43.78,113828.00,Arusha North Hub,2024-06-24
WHEAT,41.70,108420.00,Dodoma Wholesale Hub,2024-06-24
WHEAT,39.61,102986.00,Mbeya Border Market,2024-06-24
WHEAT,42.06,109356.00,Tanga Coastal Exchange,2024-06-24
WHEAT,38.74,100724.00,Tabora Grain Yard,2024-06-24
WHEAT,43.24,112424.00,Kigoma Lake Hub,2024-06-24
SORGHUM,31.96,83096.00,Dar Es Salaam Wholesale,2024-06-24
SORGHUM,30.41,79066.00,Mwanza Central Hub,2024-06-24
SORGHUM,32.89,85514.00,Arusha North Hub,2024-06-24
SORGHUM,31.34,81484.00,Dodoma Wholesale Hub,2024-06-24
SORGHUM,29.79,77454.00,Mbeya Border Market,2024-06-24
SORGHUM,31.66,82316.00,Tanga Coastal Exchange,2024-06-24
SORGHUM,29.18,75868.00,Tabora Grain Yard,2024-06-24
SORGHUM,32.60,84760.00,Kigoma Lake Hub,2024-06-24
CASSAVA,25.17,65442.00,Dar Es Salaam Wholesale,2024-06-24
CASSAVA,23.96,62296.00,Mwanza Central Hub,2024-06-24
CASSAVA,25.93,67418.00,Arusha North Hub,2024-06-24
CASSAVA,24.71,64246.00,Dodoma Wholesale Hub,2024-06-24
CASSAVA,23.50,61100.00,Mbeya Border Market,2024-06-24
CASSAVA,24.98,64948.00,Tanga Coastal Exchange,2024-06-24
CASSAVA,23.02,59852.00,Tabora Grain Yard,2024-06-24
CASSAVA,25.73,66898.00,Kigoma Lake Hub,2024-06-24
POTATO,29.00,75400.00,Dar Es Salaam Wholesale,2024-06-24
POTATO,27.57,71682.00,Mwanza Central Hub,2024-06-24
POTATO,29.79,77454.00,Arusha North Hub,2024-06-24
POTATO,28.36,73736.00,Dodoma Wholesale Hub,2024-06-24
POTATO,26.93,70018.00,Mbeya Border Market,2024-06-24
POTATO,28.59,74334.00,Tanga Coastal Exchange,2024-06-24
POTATO,26.33,68458.00,Tabora Grain Yard,2024-06-24
POTATO,29.39,76414.00,Kigoma Lake Hub,2024-06-24
GROUNDNUT,74.32,193232.00,Dar Es Salaam Wholesale,2024-06-24
GROUNDNUT,70.80,184080.00,Mwanza Central Hub,2024-06-24
GROUNDNUT,76.68,199368.00,Arusha North Hub,2024-06-24
GROUNDNUT,73.15,190190.00,Dodoma Wholesale Hub,2024-06-24
GROUNDNUT,69.61,180986.00,Mbeya Border Market,2024-06-24
GROUNDNUT,74.05,192530.00,Tanga Coastal Exchange,2024-06-24
GROUNDNUT,68.32,177632.00,Tabora Grain Yard,2024-06-24
GROUNDNUT,76.40,198640.00,Kigoma Lake Hub,2024-06-24
SUNFLOWER,58.96,153296.00,Dar Es Salaam Wholesale,2024-06-24
SUNFLOWER,56.02,145652.00,Mwanza Central Hub,2024-06-24
SUNFLOWER,60.50,157300.00,Arusha North Hub,2024-06-24
SUNFLOWER,57.56,149656.00,Dodoma Wholesale Hub,2024-06-24
SUNFLOWER,54.63,142038.00,Mbeya Border Market,2024-06-24
SUNFLOWER,57.96,150696.00,Tanga Coastal Exchange,2024-06-24
SUNFLOWER,53.34,138684.00,Tabora Grain Yard,2024-06-24
SUNFLOWER,59.50,154700.00,Kigoma Lake Hub,2024-06-24
COFFEE,81.11,210886.00,Dar Es Salaam Wholesale,2024-06-24
COFFEE,77.30,200980.00,Mwanza Central Hub,2024-06-24
COFFEE,83.75,217750.00,Arusha North Hub,2024-06-24
COFFEE,79.93,207818.00,Dodoma Wholesale Hub,2024-06-24
COFFEE,76.10,197860.00,Mbeya Border Market,2024-06-24
COFFEE,80.98,210548.00,Tanga Coastal Exchange,2024-06-24
COFFEE,74.75,194350.00,Tabora Grain Yard,2024-06-24
COFFEE,83.64,217464.00,Kigoma Lake Hub,2024-06-24
CASHEW,92.40,240240.00,Dar Es Salaam Wholesale,2024-06-24
CASHEW,87.78,228228.00,Mwanza Central Hub,2024-06-24
CASHEW,94.80,246480.00,Arusha North Hub,2024-06-24
CASHEW,90.18,234468.00,Dodoma Wholesale Hub,2024-06-24
CASHEW,85.58,222508.00,Mbeya Border Market,2024-06-24
CASHEW,90.79,236054.00,Tanga Coastal Exchange,2024-06-24
CASHEW,83.53,217178.00,Tabora Grain Yard,2024-06-24
CASHEW,93.15,242190.00,Kigoma Lake Hub,2024-06-24
COCONUT,80.66,209716.00,Dar Es Salaam Wholesale,2024-06-24
COCONUT,76.85,199810.00,Mwanza Central Hub,2024-06-24
COCONUT,83.24,216424.00,Arusha North Hub,2024-06-24
COCONUT,79.42,206492.00,Dodoma Wholesale Hub,2024-06-24
COCONUT,75.59,196534.00,Mbeya Border Market,2024-06-24
COCONUT,80.43,209118.00,Tanga Coastal Exchange,2024-06-24
COCONUT,74.22,192972.00,Tabora Grain Yard,2024-06-24
COCONUT,83.03,215878.00,Kigoma Lake Hub,2024-06-24
MAIZE,45.47,118222.00,Dar Es Salaam Wholesale,2024-07-01
MAIZE,43.20,112320.00,Mwanza Central Hub,2024-07-01
MAIZE,46.66,121316.00,Arusha North Hub,2024-07-01
MAIZE,44.40,115440.00,Dodoma Wholesale Hub,2024-07-01
MAIZE,42.14,109564.00,Mbeya Border Market,2024-07-01
MAIZE,44.71,116246.00,Tanga Coastal Exchange,2024-07-01
MAIZE,41.14,106964.00,Tabora Grain Yard,2024-07-01
MAIZE,45.89,119314.00,Kigoma Lake Hub,2024-07-01
RICE,58.37,151762.00,Dar Es Salaam Wholesale,2024-07-01
RICE,55.60,144560.00,Mwanza Central Hub,2024-07-01
RICE,60.20,156520.00,Arusha North Hub,2024-07-01
RICE,57.43,149318.00,Dodoma Wholesale Hub,2024-07-01
RICE,54.65,142090.00,Mbeya Border Market,2024-07-01
RICE,58.13,151138.00,Tanga Coastal Exchange,2024-07-01
RICE,53.64,139464.00,Tabora Grain Yard,2024-07-01
RICE,59.99,155974.00,Kigoma Lake Hub,2024-07-01
BEANS,65.53,170378.00,Dar Es Salaam Wholesale,2024-07-01
BEANS,62.31,162006.00,Mwanza Central Hub,2024-07-01
BEANS,67.35,175110.00,Arusha North Hub,2024-07-01
BEANS,64.13,166738.00,Dodoma Wholesale Hub,2024-07-01
BEANS,60.91,158366.00,Mbeya Border Market,2024-07-01
BEANS,64.66,168116.00,Tanga Coastal Exchange,2024-07-01
BEANS,59.55,154830.00,Tabora Grain Yard,2024-07-01
BEANS,66.46,172796.00,Kigoma Lake Hub,2024-07-01
WHEAT,39.03,101478.00,Dar Es Salaam Wholesale,2024-07-01
WHEAT,37.15,96590.00,Mwanza Central Hub,2024-07-01
WHEAT,40.19,104494.00,Arusha North Hub,2024-07-01
WHEAT,38.31,99606.00,Dodoma Wholesale Hub,2024-07-01
WHEAT,36.42,94692.00,Mbeya Border Market,2024-07-01
WHEAT,38.71,100646.00,Tanga Coastal Exchange,2024-07-01
WHEAT,35.69,92794.00,Tabora Grain Yard,2024-07-01
WHEAT,39.88,103688.00,Kigoma Lake Hub,2024-07-01
SORGHUM,35.00,91000.00,Dar Es Salaam Wholesale,2024-07-01
SORGHUM,33.31,86606.00,Mwanza Central Hub,2024-07-01
SORGHUM,36.04,93704.00,Arusha North Hub,2024-07-01
SORGHUM,34.34,89284.00,Dodoma Wholesale Hub,2024-07-01
SORGHUM,32.65,84890.00,Mbeya Border Market,2024-07-01
SORGHUM,34.70,90220.00,Tanga Coastal Exchange,2024-07-01
SORGHUM,31.98,83148.00,Tabora Grain Yard,2024-07-01
SORGHUM,35.72,92872.00,Kigoma Lake Hub,2024-07-01
CASSAVA,24.31,63206.00,Dar Es Salaam Wholesale,2024-07-01
CASSAVA,23.11,60086.00,Mwanza Central Hub,2024-07-01
CASSAVA,24.98,64948.00,Arusha North Hub,2024-07-01
CASSAVA,23.79,61854.00,Dodoma Wholesale Hub,2024-07-01
CASSAVA,22.60,58760.00,Mbeya Border Market,2024-07-01
CASSAVA,23.99,62374.00,Tanga Coastal Exchange,2024-07-01
CASSAVA,22.10,57460.00,Tabora Grain Yard,2024-07-01
CASSAVA,24.67,64142.00,Kigoma Lake Hub,2024-07-01
POTATO,31.49,81874.00,Dar Es Salaam Wholesale,2024-07-01
POTATO,30.00,78000.00,Mwanza Central Hub,2024-07-01
POTATO,32.48,84448.00,Arusha North Hub,2024-07-01
POTATO,30.98,80548.00,Dodoma Wholesale Hub,2024-07-01
POTATO,29.48,76648.00,Mbeya Border Market,2024-07-01
POTATO,31.35,81510.00,Tanga Coastal Exchange,2024-07-01
POTATO,28.92,75192.00,Tabora Grain Yard,2024-07-01
POTATO,32.34,84084.00,Kigoma Lake Hub,2024-07-01
GROUNDNUT,77.08,200408.00,Dar Es Salaam Wholesale,2024-07-01
GROUNDNUT,73.23,190398.00,Mwanza Central Hub,2024-07-01
GROUNDNUT,79.10,205660.00,Arusha North Hub,2024-07-01
GROUNDNUT,75.26,195676.00,Dodoma Wholesale Hub,2024-07-01
GROUNDNUT,71.44,185744.00,Mbeya Border Market,2024-07-01
GROUNDNUT,75.80,197080.00,Tanga Coastal Exchange,2024-07-01
GROUNDNUT,69.76,181376.00,Tabora Grain Yard,2024-07-01
GROUNDNUT,77.82,202332.00,Kigoma Lake Hub,2024-07-01
SUNFLOWER,58.18,151268.00,Dar Es Salaam Wholesale,2024-07-01
SUNFLOWER,55.45,144170.00,Mwanza Central Hub,2024-07-01
SUNFLOWER,60.07,156182.00,Arusha North Hub,2024-07-01
SUNFLOWER,57.33,149058.00,Dodoma Wholesale Hub,2024-07-01
SUNFLOWER,54.58,141908.00,Mbeya Border Market,2024-07-01
SUNFLOWER,58.08,151008.00,Tanga Coastal Exchange,2024-07-01
SUNFLOWER,53.61,139386.00,Tabora Grain Yard,2024-07-01
SUNFLOWER,59.98,155948.00,Kigoma Lake Hub,2024-07-01
COFFEE,82.82,215332.00,Dar Es Salaam Wholesale,2024-07-01
COFFEE,78.67,204542.00,Mwanza Central Hub,2024-07-01
COFFEE,84.96,220896.00,Arusha North Hub,2024-07-01
COFFEE,80.82,210132.00,Dodoma Wholesale Hub,2024-07-01
COFFEE,76.69,199394.00,Mbeya Border Market,2024-07-01
COFFEE,81.35,211510.00,Tanga Coastal Exchange,2024-07-01
COFFEE,74.84,194584.00,Tabora Grain Yard,2024-07-01
COFFEE,83.46,216996.00,Kigoma Lake Hub,2024-07-01
CASHEW,93.65,243490.00,Dar Es Salaam Wholesale,2024-07-01
CASHEW,89.23,231998.00,Mwanza Central Hub,2024-07-01
CASHEW,96.65,251290.00,Arusha North Hub,2024-07-01
CASHEW,92.23,239798.00,Dodoma Wholesale Hub,2024-07-01
CASHEW,87.79,228254.00,Mbeya Border Market,2024-07-01
CASHEW,93.41,242866.00,Tanga Coastal Exchange,2024-07-01
CASHEW,86.21,224146.00,Tabora Grain Yard,2024-07-01
CASHEW,96.44,250744.00,Kigoma Lake Hub,2024-07-01
COCONUT,80.06,208156.00,Dar Es Salaam Wholesale,2024-07-01
COCONUT,76.08,197808.00,Mwanza Central Hub,2024-07-01
COCONUT,82.20,213720.00,Arusha North Hub,2024-07-01
COCONUT,78.23,203398.00,Dodoma Wholesale Hub,2024-07-01
COCONUT,74.27,193102.00,Mbeya Border Market,2024-07-01
COCONUT,78.81,204906.00,Tanga Coastal Exchange,2024-07-01
COCONUT,72.54,188604.00,Tabora Grain Yard,2024-07-01
COCONUT,80.93,210418.00,Kigoma Lake Hub,2024-07-01
MAIZE,44.93,116818.00,Dar Es Salaam Wholesale,2024-07-08
MAIZE,42.80,111280.00,Mwanza Central Hub,2024-07-08
MAIZE,46.35,120510.00,Arusha North Hub,2024-07-08
MAIZE,44.22,114972.00,Dodoma Wholesale Hub,2024-07-08
MAIZE,42.08,109408.00,Mbeya Border Market,2024-07-08
MAIZE,44.77,116402.00,Tanga Coastal Exchange,2024-07-08
MAIZE,41.32,107432.00,Tabora Grain Yard,2024-07-08
MAIZE,46.21,120146.00,Kigoma Lake Hub,2024-07-08
RICE,61.23,159198.00,Dar Es Salaam Wholesale,2024-07-08
RICE,58.21,151346.00,Mwanza Central Hub,2024-07-08
RICE,62.91,163566.00,Arusha North Hub,2024-07-08
RICE,59.89,155714.00,Dodoma Wholesale Hub,2024-07-08
RICE,56.87,147862.00,Mbeya Border Market,2024-07-08
RICE,60.37,156962.00,Tanga Coastal Exchange,2024-07-08
RICE,55.58,144508.00,Tabora Grain Yard,2024-07-08
RICE,62.03,161278.00,Kigoma Lake Hub,2024-07-08
BEANS,61.10,158860.00,Dar Es Salaam Wholesale,2024-07-08
BEANS,58.16,151216.00,Mwanza Central Hub,2024-07-08
BEANS,62.94,163644.00,Arusha North Hub,2024-07-08
BEANS,60.00,156000.00,Dodoma Wholesale Hub,2024-07-08
BEANS,57.06,148356.00,Mbeya Border Market,2024-07-08
BEANS,60.66,157716.00,Tanga Coastal Exchange,2024-07-08
BEANS,55.93,145418.00,Tabora Grain Yard,2024-07-08
BEANS,62.51,162526.00,Kigoma Lake Hub,2024-07-08
WHEAT,42.28,109928.00,Dar Es Salaam Wholesale,2024-07-08
WHEAT,40.24,104624.00,Mwanza Central Hub,2024-07-08
WHEAT,43.52,113152.00,Arusha North Hub,2024-07-08
WHEAT,41.47,107822.00,Dodoma Wholesale Hub,2024-07-08
WHEAT,39.42,102492.00,Mbeya Border Market,2024-07-08
WHEAT,41.88,108888.00,Tanga Coastal Exchange,2024-07-08
WHEAT,38.59,100334.00,Tabora Grain Yard,2024-07-08
WHEAT,43.10,112060.00,Kigoma Lake Hub,2024-07-08
SORGHUM,32.55,84630.00,Dar Es Salaam Wholesale,2024-07-08
SORGHUM,30.95,80470.00,Mwanza Central Hub,2024-07-08
SORGHUM,33.46,86996.00,Arusha North Hub,2024-07-08
SORGHUM,31.87,82862.00,Dodoma Wholesale Hub,2024-07-08
SORGHUM,30.27,78702.00,Mbeya Border Market,2024-07-08
SORGHUM,32.15,83590.00,Tanga Coastal Exchange,2024-07-08
SORGHUM,29.62,77012.00,Tabora Grain Yard,2024-07-08
SORGHUM,33.07,85982.00,Kigoma Lake Hub,2024-07-08
CASSAVA,25.66,66716.00,Dar Es Salaam Wholesale,2024-07-08
CASSAVA,24.44,63544.00,Mwanza Central Hub,2024-07-08
CASSAVA,26.46,68796.00,Arusha North Hub,2024-07-08
CASSAVA,25.23,65598.00,Dodoma Wholesale Hub,2024-07-08
CASSAVA,24.00,62400.00,Mbeya Border Market,2024-07-08
CASSAVA,25.53,66378.00,Tanga Coastal Exchange,2024-07-08
CASSAVA,23.54,61204.00,Tabora Grain Yard,2024-07-08
CASSAVA,26.32,68432.00,Kigoma Lake Hub,2024-07-08
POTATO,30.88,80288.00,Dar Es Salaam Wholesale,2024-07-08
POTATO,29.34,76284.00,Mwanza Central Hub,2024-07-08
POTATO,31.70,82420.00,Arusha North Hub,2024-07-08
POTATO,30.16,78416.00,Dodoma Wholesale Hub,2024-07-08
POTATO,28.63,74438.00,Mbeya Border Market,2024-07-08
POTATO,30.39,79014.00,Tanga Coastal Exchange,2024-07-08
POTATO,27.97,72722.00,Tabora Grain Yard,2024-07-08
POTATO,31.20,81120.00,Kigoma Lake Hub,2024-07-08
GROUNDNUT,75.45,196170.00,Dar Es Salaam Wholesale,2024-07-08
GROUNDNUT,71.90,186940.00,Mwanza Central Hub,2024-07-08
GROUNDNUT,77.89,202514.00,Arusha North Hub,2024-07-08
GROUNDNUT,74.33,193258.00,Dodoma Wholesale Hub,2024-07-08
GROUNDNUT,70.76,183976.00,Mbeya Border Market,2024-07-08
GROUNDNUT,75.29,195754.00,Tanga Coastal Exchange,2024-07-08
GROUNDNUT,69.49,180674.00,Tabora Grain Yard,2024-07-08
GROUNDNUT,77.74,202124.00,Kigoma Lake Hub,2024-07-08
SUNFLOWER,57.58,149708.00,Dar Es Salaam Wholesale,2024-07-08
SUNFLOWER,54.70,142220.00,Mwanza Central Hub,2024-07-08
SUNFLOWER,63.99,166374.00,Arusha North Hub,2024-07-08
SUNFLOWER,60.88,158288.00,Dodoma Wholesale Hub,2024-07-08
SUNFLOWER,57.78,150228.00,Mbeya Border Market,2024-07-08
SUNFLOWER,61.29,159354.00,Tanga Coastal Exchange,2024-07-08
SUNFLOWER,56.40,146640.00,Tabora Grain Yard,2024-07-08
SUNFLOWER,62.90,163540.00,Kigoma Lake Hub,2024-07-08
COFFEE,86.47,224822.00,Dar Es Salaam Wholesale,2024-07-08
COFFEE,82.39,214214.00,Mwanza Central Hub,2024-07-08
COFFEE,89.25,232050.00,Arusha North Hub,2024-07-08
COFFEE,85.17,221442.00,Dodoma Wholesale Hub,2024-07-08
COFFEE,81.08,210808.00,Mbeya Border Market,2024-07-08
COFFEE,86.27,224302.00,Tanga Coastal Exchange,2024-07-08
COFFEE,79.63,207038.00,Tabora Grain Yard,2024-07-08
COFFEE,89.08,231608.00,Kigoma Lake Hub,2024-07-08
CASHEW,93.97,244322.00,Dar Es Salaam Wholesale,2024-07-08
CASHEW,89.30,232180.00,Mwanza Central Hub,2024-07-08
CASHEW,96.46,250796.00,Arusha North Hub,2024-07-08
CASHEW,91.79,238654.00,Dodoma Wholesale Hub,2024-07-08
CASHEW,87.13,226538.00,Mbeya Border Market,2024-07-08
CASHEW,92.45,240370.00,Tanga Coastal Exchange,2024-07-08
CASHEW,85.08,221208.00,Tabora Grain Yard,2024-07-08
CASHEW,94.90,246740.00,Kigoma Lake Hub,2024-07-08
COCONUT,76.95,200070.00,Dar Es Salaam Wholesale,2024-07-08
COCONUT,73.28,190528.00,Mwanza Central Hub,2024-07-08
COCONUT,79.34,206284.00,Arusha North Hub,2024-07-08
COCONUT,75.68,196768.00,Dodoma Wholesale Hub,2024-07-08
COCONUT,72.01,187226.00,Mbeya Border Market,2024-07-08
COCONUT,76.59,199134.00,Tanga Coastal Exchange,2024-07-08
COCONUT,70.66,183716.00,Tabora Grain Yard,2024-07-08
COCONUT,79.02,205452.00,Kigoma Lake Hub,2024-07-08
MAIZE,46.50,120900.00,Dar Es Salaam Wholesale,2024-07-15
MAIZE,44.20,114920.00,Mwanza Central Hub,2024-07-15
MAIZE,47.76,124176.00,Arusha North Hub,2024-07-15
MAIZE,45.46,118196.00,Dodoma Wholesale Hub,2024-07-15
MAIZE,43.17,112242.00,Mbeya Border Market,2024-07-15
MAIZE,45.81,119106.00,Tanga Coastal Exchange,2024-07-15
MAIZE,42.17,109642.00,Tabora Grain Yard,2024-07-15
MAIZE,47.05,122330.00,Kigoma Lake Hub,2024-07-15
RICE,57.56,149656.00,Dar Es Salaam Wholesale,2024-07-15
RICE,54.80,142480.00,Mwanza Central Hub,2024-07-15
RICE,59.31,154206.00,Arusha North Hub,2024-07-15
RICE,56.55,147030.00,Dodoma Wholesale Hub,2024-07-15
RICE,53.79,139854.00,Mbeya Border Market,2024-07-15
RICE,57.19,148694.00,Tanga Coastal Exchange,2024-07-15
RICE,52.75,137150.00,Tabora Grain Yard,2024-07-15
RICE,58.97,153322.00,Kigoma Lake Hub,2024-07-15
BEANS,66.06,171756.00,Dar Es Salaam Wholesale,2024-07-15
BEANS,62.84,163384.00,Mwanza Central Hub,2024-07-15
BEANS,67.96,176696.00,Arusha North Hub,2024-07-15
BEANS,64.74,168324.00,Dodoma Wholesale Hub,2024-07-15
BEANS,61.53,159978.00,Mbeya Border Market,2024-07-15
BEANS,65.35,169910.00,Tanga Coastal Exchange,2024-07-15
BEANS,60.21,156546.00,Tabora Grain Yard,2024-07-15
BEANS,67.24,174824.00,Kigoma Lake Hub,2024-07-15
WHEAT,39.15,101790.00,Dar Es Salaam Wholesale,2024-07-15
WHEAT,37.24,96824.00,Mwanza Central Hub,2024-07-15
WHEAT,40.26,104676.00,Arusha North Hub,2024-07-15
WHEAT,38.35,99710.00,Dodoma Wholesale Hub,2024-07-15
WHEAT,36.44,94744.00,Mbeya Border Market,2024-07-15
WHEAT,38.71,100646.00,Tanga Coastal Exchange,2024-07-15
WHEAT,35.67,92742.00,Tabora Grain Yard,2024-07-15
WHEAT,39.84,103584.00,Kigoma Lake Hub,2024-07-15
SORGHUM,34.70,90220.00,Dar Es Salaam Wholesale,2024-07-15
SORGHUM,33.05,85930.00,Mwanza Central Hub,2024-07-15
SORGHUM,35.77,93002.00,Arusha North Hub,2024-07-15
SORGHUM,34.11,88686.00,Dodoma Wholesale Hub,2024-07-15
SORGHUM,32.44,84344.00,Mbeya Border Market,2024-07-15
SORGHUM,34.49,89674.00,Tanga Coastal Exchange,2024-07-15
SORGHUM,31.81,82706.00,Tabora Grain Yard,2024-07-15
SORGHUM,35.55,92430.00,Kigoma Lake Hub,2024-07-15
CASSAVA,24.79,64454.00,Dar Es Salaam Wholesale,2024-07-15
CASSAVA,23.55,61230.00,Mwanza Central Hub,2024-07-15
CASSAVA,25.45,66170.00,Arusha North Hub,2024-07-15
CASSAVA,24.22,62972.00,Dodoma Wholesale Hub,2024-07-15
CASSAVA,22.99,59774.00,Mbeya Border Market,2024-07-15
CASSAVA,24.40,63440.00,Tanga Coastal Exchange,2024-07-15
CASSAVA,22.47,58422.00,Tabora Grain Yard,2024-07-15
CASSAVA,25.07,65182.00,Kigoma Lake Hub,2024-07-15
POTATO,30.80,80080.00,Dar Es Salaam Wholesale,2024-07-15
POTATO,29.35,76310.00,Mwanza Central Hub,2024-07-15
POTATO,31.79,82654.00,Arusha North Hub,2024-07-15
POTATO,30.34,78884.00,Dodoma Wholesale Hub,2024-07-15
POTATO,28.88,75088.00,Mbeya Border Market,2024-07-15
POTATO,30.72,79872.00,Tanga Coastal Exchange,2024-07-15
POTATO,28.35,73710.00,Tabora Grain Yard,2024-07-15
POTATO,31.71,82446.00,Kigoma Lake Hub,2024-07-15
GROUNDNUT,79.26,206076.00,Dar Es Salaam Wholesale,2024-07-15
GROUNDNUT,75.30,195780.00,Mwanza Central Hub,2024-07-15
GROUNDNUT,81.32,211432.00,Arusha North Hub,2024-07-15
GROUNDNUT,77.37,201162.00,Dodoma Wholesale Hub,2024-07-15
GROUNDNUT,73.42,190892.00,Mbeya Border Market,2024-07-15
GROUNDNUT,77.89,202514.00,Tanga Coastal Exchange,2024-07-15
GROUNDNUT,71.68,186368.00,Tabora Grain Yard,2024-07-15
GROUNDNUT,79.94,207844.00,Kigoma Lake Hub,2024-07-15
SUNFLOWER,61.36,159536.00,Dar Es Salaam Wholesale,2024-07-15
SUNFLOWER,58.47,152022.00,Mwanza Central Hub,2024-07-15
SUNFLOWER,63.34,164684.00,Arusha North Hub,2024-07-15
SUNFLOWER,60.44,157144.00,Dodoma Wholesale Hub,2024-07-15
SUNFLOWER,57.54,149604.00,Mbeya Border Market,2024-07-15
SUNFLOWER,61.23,159198.00,Tanga Coastal Exchange,2024-07-15
SUNFLOWER,56.51,146926.00,Tabora Grain Yard,2024-07-15
SUNFLOWER,63.22,164372.00,Kigoma Lake Hub,2024-07-15
COFFEE,85.21,221546.00,Dar Es Salaam Wholesale,2024-07-15
COFFEE,80.96,210496.00,Mwanza Central Hub,2024-07-15
COFFEE,87.45,227370.00,Arusha North Hub,2024-07-15
COFFEE,83.20,216320.00,Dodoma Wholesale Hub,2024-07-15
COFFEE,78.97,205322.00,Mbeya Border Market,2024-07-15
COFFEE,83.78,217828.00,Tanga Coastal Exchange,2024-07-15
COFFEE,77.09,200434.00,Tabora Grain Yard,2024-07-15
COFFEE,85.99,223574.00,Kigoma Lake Hub,2024-07-15
CASHEW,91.65,238290.00,Dar Es Salaam Wholesale,2024-07-15
CASHEW,87.29,226954.00,Mwanza Central Hub,2024-07-15
CASHEW,94.53,245778.00,Arusha North Hub,2024-07-15
CASHEW,90.18,234468.00,Dodoma Wholesale Hub,2024-07-15
CASHEW,85.81,223106.00,Mbeya Border Market,2024-07-15
CASHEW,91.29,237354.00,Tanga Coastal Exchange,2024-07-15
CASHEW,84.23,218998.00,Tabora Grain Yard,2024-07-15
CASHEW,94.20,244920.00,Kigoma Lake Hub,2024-07-15
COCONUT,81.47,211822.00,Dar Es Salaam Wholesale,2024-07-15
COCONUT,77.47,201422.00,Mwanza Central Hub,2024-07-15
COCONUT,83.73,217698.00,Arusha North Hub,2024-07-15
COCONUT,79.72,207272.00,Dodoma Wholesale Hub,2024-07-15
COCONUT,75.72,196872.00,Mbeya Border Market,2024-07-15
COCONUT,80.38,208988.00,Tanga Coastal Exchange,2024-07-15
COCONUT,74.02,192452.00,Tabora Grain Yard,2024-07-15
COCONUT,82.61,214786.00,Kigoma Lake Hub,2024-07-15
MAIZE,44.17,114842.00,Dar Es Salaam Wholesale,2024-07-22
MAIZE,42.06,109356.00,Mwanza Central Hub,2024-07-22
MAIZE,45.53,118378.00,Arusha North Hub,2024-07-22
MAIZE,43.42,112892.00,Dodoma Wholesale Hub,2024-07-22
MAIZE,41.31,107406.00,Mbeya Border Market,2024-07-22
MAIZE,43.93,114218.00,Tanga Coastal Exchange,2024-07-22
MAIZE,40.52,105352.00,Tabora Grain Yard,2024-07-22
MAIZE,45.31,117806.00,Kigoma Lake Hub,2024-07-22
RICE,61.94,161044.00,Dar Es Salaam Wholesale,2024-07-22
RICE,58.91,153166.00,Mwanza Central Hub,2024-07-22
RICE,63.70,165620.00,Arusha North Hub,2024-07-22
RICE,60.67,157742.00,Dodoma Wholesale Hub,2024-07-22
RICE,57.64,149864.00,Mbeya Border Market,2024-07-22
RICE,61.22,159172.00,Tanga Coastal Exchange,2024-07-22
RICE,56.39,146614.00,Tabora Grain Yard,2024-07-22
RICE,62.96,163696.00,Kigoma Lake Hub,2024-07-22
BEANS,61.06,158756.00,Dar Es Salaam Wholesale,2024-07-22
BEANS,58.08,151008.00,Mwanza Central Hub,2024-07-22
BEANS,62.82,163332.00,Arusha North Hub,2024-07-22
BEANS,59.85,155610.00,Dodoma Wholesale Hub,2024-07-22
BEANS,56.88,147888.00,Mbeya Border Market,2024-07-22
BEANS,60.43,157118.00,Tanga Coastal Exchange,2024-07-22
BEANS,55.69,144794.00,Tabora Grain Yard,2024-07-22
BEANS,62.21,161746.00,Kigoma Lake Hub,2024-07-22
WHEAT,42.07,109382.00,Dar Es Salaam Wholesale,2024-07-22
WHEAT,40.05,104130.00,Mwanza Central Hub,2024-07-22
WHEAT,43.35,112710.00,Arusha North Hub,2024-07-22
WHEAT,41.33,107458.00,Dodoma Wholesale Hub,2024-07-22
WHEAT,39.30,102180.00,Mbeya Border Market,2024-07-22
WHEAT,41.78,108628.00,Tanga Coastal Exchange,2024-07-22
WHEAT,38.52,100152.00,Tabora Grain Yard,2024-07-22
WHEAT,43.04,111904.00,Kigoma Lake Hub,2024-07-22
SORGHUM,33.09,86034.00,Dar Es Salaam Wholesale,2024-07-22
SORGHUM,31.45,81770.00,Mwanza Central Hub,2024-07-22
SORGHUM,33.98,88348.00,Arusha North Hub,2024-07-22
SORGHUM,32.34,84084.00,Dodoma Wholesale Hub,2024-07-22
SORGHUM,30.71,79846.00,Mbeya Border Market,2024-07-22
SORGHUM,32.60,84760.00,Tanga Coastal Exchange,2024-07-22
SORGHUM,30.01,78026.00,Tabora Grain Yard,2024-07-22
SORGHUM,33.50,87100.00,Kigoma Lake Hub,2024-07-22
CASSAVA,25.16,65416.00,Dar Es Salaam Wholesale,2024-07-22
CASSAVA,23.97,62322.00,Mwanza Central Hub,2024-07-22
CASSAVA,25.96,67496.00,Arusha North Hub,2024-07-22
CASSAVA,24.77,64402.00,Dodoma Wholesale Hub,2024-07-22
CASSAVA,23.57,61282.00,Mbeya Border Market,2024-07-22
CASSAVA,25.08,65208.00,Tanga Coastal Exchange,2024-07-22
CASSAVA,23.14,60164.00,Tabora Grain Yard,2024-07-22
CASSAVA,25.88,67288.00,Kigoma Lake Hub,2024-07-22
POTATO,31.72,82472.00,Dar Es Salaam Wholesale,2024-07-22
POTATO,30.14,78364.00,Mwanza Central Hub,2024-07-22
POTATO,32.55,84630.00,Arusha North Hub,2024-07-22
POTATO,30.97,80522.00,Dodoma Wholesale Hub,2024-07-22
POTATO,29.39,76414.00,Mbeya Border Market,2024-07-22
POTATO,31.18,81068.00,Tanga Coastal Exchange,2024-07-22
POTATO,28.69,74594.00,Tabora Grain Yard,2024-07-22
POTATO,32.00,83200.00,Kigoma Lake Hub,2024-07-22
GROUNDNUT,79.54,206804.00,Dar Es Salaam Wholesale,2024-07-22
GROUNDNUT,75.80,197080.00,Mwanza Central Hub,2024-07-22
GROUNDNUT,82.11,213486.00,Arusha North Hub,2024-07-22
GROUNDNUT,78.36,203736.00,Dodoma Wholesale Hub,2024-07-22
GROUNDNUT,68.86,179036.00,Mbeya Border Market,2024-07-22
GROUNDNUT,73.28,190528.00,Tanga Coastal Exchange,2024-07-22
GROUNDNUT,67.65,175890.00,Tabora Grain Yard,2024-07-22
GROUNDNUT,75.69,196794.00,Kigoma Lake Hub,2024-07-22
SUNFLOWER,59.32,154232.00,Dar Es Salaam Wholesale,2024-07-22
SUNFLOWER,56.35,146510.00,Mwanza Central Hub,2024-07-22
SUNFLOWER,60.86,158236.00,Arusha North Hub,2024-07-22
SUNFLOWER,57.90,150540.00,Dodoma Wholesale Hub,2024-07-22
SUNFLOWER,54.95,142870.00,Mbeya Border Market,2024-07-22
SUNFLOWER,58.29,151554.00,Tanga Coastal Exchange,2024-07-22
SUNFLOWER,53.64,139464.00,Tabora Grain Yard,2024-07-22
SUNFLOWER,59.82,155532.00,Kigoma Lake Hub,2024-07-22
COFFEE,84.47,219622.00,Dar Es Salaam Wholesale,2024-07-22
COFFEE,80.47,209222.00,Mwanza Central Hub,2024-07-22
COFFEE,87.15,226590.00,Arusha North Hub,2024-07-22
COFFEE,83.15,216190.00,Dodoma Wholesale Hub,2024-07-22
COFFEE,79.13,205738.00,Mbeya Border Market,2024-07-22
COFFEE,84.19,218894.00,Tanga Coastal Exchange,2024-07-22
COFFEE,77.69,201994.00,Tabora Grain Yard,2024-07-22
COFFEE,86.90,225940.00,Kigoma Lake Hub,2024-07-22
CASHEW,95.91,249366.00,Dar Es Salaam Wholesale,2024-07-22
CASHEW,91.17,237042.00,Mwanza Central Hub,2024-07-22
CASHEW,98.53,256178.00,Arusha North Hub,2024-07-22
CASHEW,93.80,243880.00,Dodoma Wholesale Hub,2024-07-22
CASHEW,89.07,231582.00,Mbeya Border Market,2024-07-22
CASHEW,94.54,245804.00,Tanga Coastal Exchange,2024-07-22
CASHEW,87.04,226304.00,Tabora Grain Yard,2024-07-22
CASHEW,97.13,252538.00,Kigoma Lake Hub,2024-07-22
COCONUT,76.07,197782.00,Dar Es Salaam Wholesale,2024-07-22
COCONUT,72.41,188266.00,Mwanza Central Hub,2024-07-22
COCONUT,78.36,203736.00,Arusha North Hub,2024-07-22
COCONUT,74.71,194246.00,Dodoma Wholesale Hub,2024-07-22
COCONUT,71.05,184730.00,Mbeya Border Market,2024-07-22
COCONUT,75.53,196378.00,Tanga Coastal Exchange,2024-07-22
COCONUT,69.65,181090.00,Tabora Grain Yard,2024-07-22
COCONUT,77.85,202410.00,Kigoma Lake Hub,2024-07-22
MAIZE,47.19,122694.00,Dar Es Salaam Wholesale,2024-07-29
MAIZE,44.88,116688.00,Mwanza Central Hub,2024-07-29
MAIZE,48.51,126126.00,Arusha North Hub,2024-07-29
MAIZE,46.20,120120.00,Dodoma Wholesale Hub,2024-07-29
MAIZE,43.89,114114.00,Mbeya Border Market,2024-07-29
MAIZE,46.60,121160.00,Tanga Coastal Exchange,2024-07-29
MAIZE,42.92,111592.00,Tabora Grain Yard,2024-07-29
MAIZE,47.91,124566.00,Kigoma Lake Hub,2024-07-29
RICE,57.30,148980.00,Dar Es Salaam Wholesale,2024-07-29
RICE,54.52,141752.00,Mwanza Central Hub,2024-07-29
RICE,58.97,153322.00,Arusha North Hub,2024-07-29
RICE,56.20,146120.00,Dodoma Wholesale Hub,2024-07-29
RICE,53.43,138918.00,Mbeya Border Market,2024-07-29
RICE,56.78,147628.00,Tanga Coastal Exchange,2024-07-29
RICE,52.33,136058.00,Tabora Grain Yard,2024-07-29
RICE,58.47,152022.00,Kigoma Lake Hub,2024-07-29
BEANS,65.95,171470.00,Dar Es Salaam Wholesale,2024-07-29
BEANS,62.77,163202.00,Mwanza Central Hub,2024-07-29
BEANS,67.93,176618.00,Arusha North Hub,2024-07-29
BEANS,64.74,168324.00,Dodoma Wholesale Hub,2024-07-29
BEANS,61.56,160056.00,Mbeya Border Market,2024-07-29
BEANS,65.43,170118.00,Tanga Coastal Exchange,2024-07-29
BEANS,60.31,156806.00,Tabora Grain Yard,2024-07-29
BEANS,67.38,175188.00,Kigoma Lake Hub,2024-07-29
WHEAT,39.67,103142.00,Dar Es Salaam Wholesale,2024-07-29
WHEAT,37.71,98046.00,Mwanza Central Hub,2024-07-29
WHEAT,40.75,105950.00,Arusha North Hub,2024-07-29
WHEAT,38.79,100854.00,Dodoma Wholesale Hub,2024-07-29
WHEAT,36.84,95784.00,Mbeya Border Market,2024-07-29
WHEAT,39.12,101712.00,Tanga Coastal Exchange,2024-07-29
WHEAT,36.02,93652.00,Tabora Grain Yard,2024-07-29
WHEAT,40.21,104546.00,Kigoma Lake Hub,2024-07-29
SORGHUM,34.12,88712.00,Dar Es Salaam Wholesale,2024-07-29
SORGHUM,32.50,84500.00,Mwanza Central Hub,2024-07-29
SORGHUM,35.20,91520.00,Arusha North Hub,2024-07-29
SORGHUM,33.58,87308.00,Dodoma Wholesale Hub,2024-07-29
SORGHUM,31.95,83070.00,Mbeya Border Market,2024-07-29
SORGHUM,33.99,88374.00,Tanga Coastal Exchange,2024-07-29
SORGHUM,31.36,81536.00,Tabora Grain Yard,2024-07-29
SORGHUM,35.06,91156.00,Kigoma Lake Hub,2024-07-29
CASSAVA,25.43,66118.00,Dar Es Salaam Wholesale,2024-07-29
CASSAVA,24.16,62816.00,Mwanza Central Hub,2024-07-29
CASSAVA,26.09,67834.00,Arusha North Hub,2024-07-29
CASSAVA,24.82,64532.00,Dodoma Wholesale Hub,2024-07-29
CASSAVA,23.56,61256.00,Mbeya Border Market,2024-07-29
CASSAVA,25.00,65000.00,Tanga Coastal Exchange,2024-07-29
CASSAVA,23.01,59826.00,Tabora Grain Yard,2024-07-29
CASSAVA,25.66,66716.00,Kigoma Lake Hub,2024-07-29
POTATO,29.99,77974.00,Dar Es Salaam Wholesale,2024-07-29
POTATO,28.58,74308.00,Mwanza Central Hub,2024-07-29
POTATO,30.96,80496.00,Arusha North Hub,2024-07-29
POTATO,29.55,76830.00,Dodoma Wholesale Hub,2024-07-29
POTATO,28.13,73138.00,Mbeya Border Market,2024-07-29
POTATO,29.94,77844.00,Tanga Coastal Exchange,2024-07-29
POTATO,27.64,71864.00,Tabora Grain Yard,2024-07-29
POTATO,30.92,80392.00,Kigoma Lake Hub,2024-07-29
GROUNDNUT,75.38,195988.00,Dar Es Salaam Wholesale,2024-07-29
GROUNDNUT,71.61,186186.00,Mwanza Central Hub,2024-07-29
GROUNDNUT,77.33,201058.00,Arusha North Hub,2024-07-29
GROUNDNUT,73.56,191256.00,Dodoma Wholesale Hub,2024-07-29
GROUNDNUT,69.81,181506.00,Mbeya Border Market,2024-07-29
GROUNDNUT,74.05,192530.00,Tanga Coastal Exchange,2024-07-29
GROUNDNUT,68.13,177138.00,Tabora Grain Yard,2024-07-29
GROUNDNUT,75.98,197548.00,Kigoma Lake Hub,2024-07-29
SUNFLOWER,59.86,155636.00,Dar Es Salaam Wholesale,2024-07-29
SUNFLOWER,57.03,148278.00,Mwanza Central Hub,2024-07-29
SUNFLOWER,61.78,160628.00,Arusha North Hub,2024-07-29
SUNFLOWER,58.94,153244.00,Dodoma Wholesale Hub,2024-07-29
SUNFLOWER,56.10,145860.00,Mbeya Border Market,2024-07-29
SUNFLOWER,59.69,155194.00,Tanga Coastal Exchange,2024-07-29
SUNFLOWER,55.09,143234.00,Tabora Grain Yard,2024-07-29
SUNFLOWER,61.63,160238.00,Kigoma Lake Hub,2024-07-29
COFFEE,87.19,226694.00,Dar Es Salaam Wholesale,2024-07-29
COFFEE,82.88,215488.00,Mwanza Central Hub,2024-07-29
COFFEE,89.55,232830.00,Arusha North Hub,2024-07-29
COFFEE,85.23,221598.00,Dodoma Wholesale Hub,2024-07-29
COFFEE,80.92,210392.00,Mbeya Border Market,2024-07-29
COFFEE,85.88,223288.00,Tanga Coastal Exchange,2024-07-29
COFFEE,79.06,205556.00,Tabora Grain Yard,2024-07-29
COFFEE,88.21,229346.00,Kigoma Lake Hub,2024-07-29
CASHEW,90.32,234832.00,Dar Es Salaam Wholesale,2024-07-29
CASHEW,85.99,223574.00,Mwanza Central Hub,2024-07-29
CASHEW,93.07,241982.00,Arusha North Hub,2024-07-29
CASHEW,88.75,230750.00,Dodoma Wholesale Hub,2024-07-29
CASHEW,84.42,219492.00,Mbeya Border Market,2024-07-29
CASHEW,89.76,233376.00,Tanga Coastal Exchange,2024-07-29
CASHEW,82.79,215254.00,Tabora Grain Yard,2024-07-29
CASHEW,92.55,240630.00,Kigoma Lake Hub,2024-07-29
COCONUT,82.18,213668.00,Dar Es Salaam Wholesale,2024-07-29
COCONUT,78.18,203268.00,Mwanza Central Hub,2024-07-29
COCONUT,84.55,219830.00,Arusha North Hub,2024-07-29
COCONUT,80.54,209404.00,Dodoma Wholesale Hub,2024-07-29
COCONUT,76.53,198978.00,Mbeya Border Market,2024-07-29
COCONUT,81.30,211380.00,Tanga Coastal Exchange,2024-07-29
COCONUT,74.90,194740.00,Tabora Grain Yard,2024-07-29
COCONUT,83.63,217438.00,Kigoma Lake Hub,2024-07-29
MAIZE,42.06,109356.00,Dar Es Salaam Wholesale,2024-08-05
MAIZE,40.03,104078.00,Mwanza Central Hub,2024-08-05
MAIZE,43.31,112606.00,Arusha North Hub,2024-08-05
MAIZE,41.28,107328.00,Dodoma Wholesale Hub,2024-08-05
MAIZE,39.25,102050.00,Mbeya Border Market,2024-08-05
MAIZE,41.72,108472.00,Tanga Coastal Exchange,2024-08-05
MAIZE,38.46,99996.00,Tabora Grain Yard,2024-08-05
MAIZE,42.98,111748.00,Kigoma Lake Hub,2024-08-05
RICE,60.16,156416.00,Dar Es Salaam Wholesale,2024-08-05
RICE,57.25,148850.00,Mwanza Central Hub,2024-08-05
RICE,61.94,161044.00,Arusha North Hub,2024-08-05
RICE,59.03,153478.00,Dodoma Wholesale Hub,2024-08-05
RICE,56.11,145886.00,Mbeya Border Market,2024-08-05
RICE,59.63,155038.00,Tanga Coastal Exchange,2024-08-05
RICE,54.95,142870.00,Tabora Grain Yard,2024-08-05
RICE,61.39,159614.00,Kigoma Lake Hub,2024-08-05
BEANS,60.93,158418.00,Dar Es Salaam Wholesale,2024-08-05
BEANS,57.93,150618.00,Mwanza Central Hub,2024-08-05
BEANS,62.62,162812.00,Arusha North Hub,2024-08-05
BEANS,59.62,155012.00,Dodoma Wholesale Hub,2024-08-05
BEANS,56.64,147264.00,Mbeya Border Market,2024-08-05
BEANS,60.14,156364.00,Tanga Coastal Exchange,2024-08-05
BEANS,55.39,144014.00,Tabora Grain Yard,2024-08-05
BEANS,61.84,160784.00,Kigoma Lake Hub,2024-08-05
WHEAT,41.97,109122.00,Dar Es Salaam Wholesale,2024-08-05
WHEAT,39.97,103922.00,Mwanza Central Hub,2024-08-05
WHEAT,43.28,112528.00,Arusha North Hub,2024-08-05
WHEAT,41.28,107328.00,Dodoma Wholesale Hub,2024-08-05
WHEAT,39.28,102128.00,Mbeya Border Market,2024-08-05
WHEAT,41.77,108602.00,Tanga Coastal Exchange,2024-08-05
WHEAT,38.53,100178.00,Tabora Grain Yard,2024-08-05
WHEAT,43.08,112008.00,Kigoma Lake Hub,2024-08-05
SORGHUM,34.94,90844.00,Dar Es Salaam Wholesale,2024-08-05
SORGHUM,33.20,86320.00,Mwanza Central Hub,2024-08-05
SORGHUM,35.86,93236.00,Arusha North Hub,2024-08-05
SORGHUM,34.12,88712.00,Dodoma Wholesale Hub,2024-08-05
SORGHUM,32.39,84214.00,Mbeya Border Market,2024-08-05
SORGHUM,34.37,89362.00,Tanga Coastal Exchange,2024-08-05
SORGHUM,31.63,82238.00,Tabora Grain Yard,2024-08-05
SORGHUM,35.29,91754.00,Kigoma Lake Hub,2024-08-05
CASSAVA,25.55,66430.00,Dar Es Salaam Wholesale,2024-08-05
CASSAVA,24.35,63310.00,Mwanza Central Hub,2024-08-05
CASSAVA,26.38,68588.00,Arusha North Hub,2024-08-05
CASSAVA,25.17,65442.00,Dodoma Wholesale Hub,2024-08-05
CASSAVA,23.96,62296.00,Mbeya Border Market,2024-08-05
CASSAVA,25.50,66300.00,Tanga Coastal Exchange,2024-08-05
CASSAVA,23.54,61204.00,Tabora Grain Yard,2024-08-05
CASSAVA,26.33,68458.00,Kigoma Lake Hub,2024-08-05
POTATO,31.36,81536.00,Dar Es Salaam Wholesale,2024-08-05
POTATO,29.79,77454.00,Mwanza Central Hub,2024-08-05
POTATO,32.17,83642.00,Arusha North Hub,2024-08-05
POTATO,30.60,79560.00,Dodoma Wholesale Hub,2024-08-05
POTATO,29.04,75504.00,Mbeya Border Market,2024-08-05
POTATO,30.80,80080.00,Tanga Coastal Exchange,2024-08-05
POTATO,30.70,79820.00,Tabora Grain Yard,2024-08-05
POTATO,34.24,89024.00,Kigoma Lake Hub,2024-08-05
GROUNDNUT,79.72,207272.00,Dar Es Salaam Wholesale,2024-08-05
GROUNDNUT,75.96,197496.00,Mwanza Central Hub,2024-08-05
GROUNDNUT,82.28,213928.00,Arusha North Hub,2024-08-05
GROUNDNUT,78.51,204126.00,Dodoma Wholesale Hub,2024-08-05
GROUNDNUT,74.74,194324.00,Mbeya Border Market,2024-08-05
GROUNDNUT,79.52,206752.00,Tanga Coastal Exchange,2024-08-05
GROUNDNUT,73.40,190840.00,Tabora Grain Yard,2024-08-05
GROUNDNUT,82.11,213486.00,Kigoma Lake Hub,2024-08-05
SUNFLOWER,61.45,159770.00,Dar Es Salaam Wholesale,2024-08-05
SUNFLOWER,58.40,151840.00,Mwanza Central Hub,2024-08-05
SUNFLOWER,63.09,164034.00,Arusha North Hub,2024-08-05
SUNFLOWER,60.04,156104.00,Dodoma Wholesale Hub,2024-08-05
SUNFLOWER,56.99,148174.00,Mbeya Border Market,2024-08-05
SUNFLOWER,60.48,157248.00,Tanga Coastal Exchange,2024-08-05
SUNFLOWER,55.66,144716.00,Tabora Grain Yard,2024-08-05
SUNFLOWER,62.10,161460.00,Kigoma Lake Hub,2024-08-05
COFFEE,82.18,213668.00,Dar Es Salaam Wholesale,2024-08-05
COFFEE,78.26,203476.00,Mwanza Central Hub,2024-08-05
COFFEE,84.72,220272.00,Arusha North Hub,2024-08-05
COFFEE,80.80,210080.00,Dodoma Wholesale Hub,2024-08-05
COFFEE,76.87,199862.00,Mbeya Border Market,2024-08-05
COFFEE,81.75,212550.00,Tanga Coastal Exchange,2024-08-05
COFFEE,75.41,196066.00,Tabora Grain Yard,2024-08-05
COFFEE,84.32,219232.00,Kigoma Lake Hub,2024-08-05
CASHEW,94.41,245466.00,Dar Es Salaam Wholesale,2024-08-05
CASHEW,89.80,233480.00,Mwanza Central Hub,2024-08-05
CASHEW,97.09,252434.00,Arusha North Hub,2024-08-05
CASHEW,92.47,240422.00,Dodoma Wholesale Hub,2024-08-05
CASHEW,87.85,228410.00,Mbeya Border Market,2024-08-05
CASHEW,93.30,242580.00,Tanga Coastal Exchange,2024-08-05
CASHEW,85.94,223444.00,Tabora Grain Yard,2024-08-05
CASHEW,95.94,249444.00,Kigoma Lake Hub,2024-08-05
COCONUT,73.04,189904.00,Dar Es Salaam Wholesale,2024-08-05
COCONUT,69.48,180648.00,Mwanza Central Hub,2024-08-05
COCONUT,75.15,195390.00,Arusha North Hub,2024-08-05
COCONUT,71.60,186160.00,Dodoma Wholesale Hub,2024-08-05
COCONUT,68.05,176930.00,Mbeya Border Market,2024-08-05
COCONUT,72.31,188006.00,Tanga Coastal Exchange,2024-08-05
COCONUT,66.64,173264.00,Tabora Grain Yard,2024-08-05
COCONUT,74.45,193570.00,Kigoma Lake Hub,2024-08-05
MAIZE,45.55,118430.00,Dar Es Salaam Wholesale,2024-08-12
MAIZE,43.34,112684.00,Mwanza Central Hub,2024-08-12
MAIZE,46.88,121888.00,Arusha North Hub,2024-08-12
MAIZE,44.66,116116.00,Dodoma Wholesale Hub,2024-08-12
MAIZE,42.45,110370.00,Mbeya Border Market,2024-08-12
MAIZE,45.10,117260.00,Tanga Coastal Exchange,2024-08-12
MAIZE,41.56,108056.00,Tabora Grain Yard,2024-08-12
MAIZE,46.41,120666.00,Kigoma Lake Hub,2024-08-12
RICE,55.88,145288.00,Dar Es Salaam Wholesale,2024-08-12
RICE,53.14,138164.00,Mwanza Central Hub,2024-08-12
RICE,57.44,149344.00,Arusha North Hub,2024-08-12
RICE,54.71,142246.00,Dodoma Wholesale Hub,2024-08-12
RICE,51.98,135148.00,Mbeya Border Market,2024-08-12
RICE,55.21,143546.00,Tanga Coastal Exchange,2024-08-12
RICE,50.86,132236.00,Tabora Grain Yard,2024-08-12
RICE,56.79,147654.00,Kigoma Lake Hub,2024-08-12
BEANS,64.48,167648.00,Dar Es Salaam Wholesale,2024-08-12
BEANS,61.41,159666.00,Mwanza Central Hub,2024-08-12
BEANS,66.48,172848.00,Arusha North Hub,2024-08-12
BEANS,63.40,164840.00,Dodoma Wholesale Hub,2024-08-12
BEANS,60.31,156806.00,Mbeya Border Market,2024-08-12
BEANS,64.13,166738.00,Tanga Coastal Exchange,2024-08-12
BEANS,59.15,153790.00,Tabora Grain Yard,2024-08-12
BEANS,66.12,171912.00,Kigoma Lake Hub,2024-08-12
WHEAT,40.99,106574.00,Dar Es Salaam Wholesale,2024-08-12
WHEAT,38.95,101270.00,Mwanza Central Hub,2024-08-12
WHEAT,42.08,109408.00,Arusha North Hub,2024-08-12
WHEAT,40.04,104104.00,Dodoma Wholesale Hub,2024-08-12
WHEAT,38.01,98826.00,Mbeya Border Market,2024-08-12
WHEAT,40.34,104884.00,Tanga Coastal Exchange,2024-08-12
WHEAT,37.13,96538.00,Tabora Grain Yard,2024-08-12
WHEAT,41.43,107718.00,Kigoma Lake Hub,2024-08-12
SORGHUM,34.37,89362.00,Dar Es Salaam Wholesale,2024-08-12
SORGHUM,32.75,85150.00,Mwanza Central Hub,2024-08-12
SORGHUM,35.48,92248.00,Arusha North Hub,2024-08-12
SORGHUM,33.86,88036.00,Dodoma Wholesale Hub,2024-08-12
SORGHUM,32.23,83798.00,Mbeya Border Market,2024-08-12
SORGHUM,34.29,89154.00,Tanga Coastal Exchange,2024-08-12
SORGHUM,31.65,82290.00,Tabora Grain Yard,2024-08-12
SORGHUM,35.41,92066.00,Kigoma Lake Hub,2024-08-12
CASSAVA,27.25,70850.00,Dar Es Salaam Wholesale,2024-08-12
CASSAVA,25.89,67314.00,Mwanza Central Hub,2024-08-12
CASSAVA,27.96,72696.00,Arusha North Hub,2024-08-12
CASSAVA,26.60,69160.00,Dodoma Wholesale Hub,2024-08-12
CASSAVA,25.24,65624.00,Mbeya Border Market,2024-08-12
CASSAVA,26.78,69628.00,Tanga Coastal Exchange,2024-08-12
CASSAVA,24.64,64064.00,Tabora Grain Yard,2024-08-12
CASSAVA,27.48,71448.00,Kigoma Lake Hub,2024-08-12
POTATO,32.91,85566.00,Dar Es Salaam Wholesale,2024-08-12
POTATO,31.36,81536.00,Mwanza Central Hub,2024-08-12
POTATO,33.97,88322.00,Arusha North Hub,2024-08-12
POTATO,32.42,84292.00,Dodoma Wholesale Hub,2024-08-12
POTATO,30.86,80236.00,Mbeya Border Market,2024-08-12
POTATO,32.84,85384.00,Tanga Coastal Exchange,2024-08-12
POTATO,30.31,78806.00,Tabora Grain Yard,2024-08-12
POTATO,33.91,88166.00,Kigoma Lake Hub,2024-08-12
GROUNDNUT,79.64,207064.00,Dar Es Salaam Wholesale,2024-08-12
GROUNDNUT,75.68,196768.00,Mwanza Central Hub,2024-08-12
GROUNDNUT,81.74,212524.00,Arusha North Hub,2024-08-12
GROUNDNUT,77.78,202228.00,Dodoma Wholesale Hub,2024-08-12
GROUNDNUT,73.83,191958.00,Mbeya Border Market,2024-08-12
GROUNDNUT,78.34,203684.00,Tanga Coastal Exchange,2024-08-12
GROUNDNUT,72.09,187434.00,Tabora Grain Yard,2024-08-12
GROUNDNUT,80.41,209066.00,Kigoma Lake Hub,2024-08-12
SUNFLOWER,59.27,154102.00,Dar Es Salaam Wholesale,2024-08-12
SUNFLOWER,56.45,146770.00,Mwanza Central Hub,2024-08-12
SUNFLOWER,61.12,158912.00,Arusha North Hub,2024-08-12
SUNFLOWER,58.30,151580.00,Dodoma Wholesale Hub,2024-08-12
SUNFLOWER,55.47,144222.00,Mbeya Border Market,2024-08-12
SUNFLOWER,59.00,153400.00,Tanga Coastal Exchange,2024-08-12
SUNFLOWER,54.44,141544.00,Tabora Grain Yard,2024-08-12
SUNFLOWER,60.88,158288.00,Kigoma Lake Hub,2024-08-12
COFFEE,87.65,227890.00,Dar Es Salaam Wholesale,2024-08-12
COFFEE,83.35,216710.00,Mwanza Central Hub,2024-08-12
COFFEE,90.11,234286.00,Arusha North Hub,2024-08-12
COFFEE,85.80,223080.00,Dodoma Wholesale Hub,2024-08-12
COFFEE,81.50,211900.00,Mbeya Border Market,2024-08-12
COFFEE,86.54,225004.00,Tanga Coastal Exchange,2024-08-12
COFFEE,79.70,207220.00,Tabora Grain Yard,2024-08-12
COFFEE,88.96,231296.00,Kigoma Lake Hub,2024-08-12
CASHEW,87.38,227188.00,Dar Es Salaam Wholesale,2024-08-12
CASHEW,83.15,216190.00,Mwanza Central Hub,2024-08-12
CASHEW,89.95,233870.00,Arusha North Hub,2024-08-12
CASHEW,85.72,222872.00,Dodoma Wholesale Hub,2024-08-12
CASHEW,81.49,211874.00,Mbeya Border Market,2024-08-12
CASHEW,86.60,225160.00,Tanga Coastal Exchange,2024-08-12
CASHEW,79.83,207558.00,Tabora Grain Yard,2024-08-12
CASHEW,89.20,231920.00,Kigoma Lake Hub,2024-08-12
COCONUT,78.95,205270.00,Dar Es Salaam Wholesale,2024-08-12
COCONUT,75.15,195390.00,Mwanza Central Hub,2024-08-12
COCONUT,81.31,211406.00,Arusha North Hub,2024-08-12
COCONUT,77.50,201500.00,Dodoma Wholesale Hub,2024-08-12
COCONUT,73.68,191568.00,Mbeya Border Market,2024-08-12
COCONUT,78.31,203606.00,Tanga Coastal Exchange,2024-08-12
COCONUT,72.18,187668.00,Tabora Grain Yard,2024-08-12
COCONUT,80.65,209690.00,Kigoma Lake Hub,2024-08-12
MAIZE,42.15,109590.00,Dar Es Salaam Wholesale,2024-08-19
MAIZE,40.09,104234.00,Mwanza Central Hub,2024-08-19
MAIZE,43.35,112710.00,Arusha North Hub,2024-08-19
MAIZE,41.29,107354.00,Dodoma Wholesale Hub,2024-08-19
MAIZE,39.24,102024.00,Mbeya Border Market,2024-08-19
MAIZE,41.68,108368.00,Tanga Coastal Exchange,2024-08-19
MAIZE,38.41,99866.00,Tabora Grain Yard,2024-08-19
MAIZE,42.90,111540.00,Kigoma Lake Hub,2024-08-19
RICE,59.70,155220.00,Dar Es Salaam Wholesale,2024-08-19
RICE,56.85,147810.00,Mwanza Central Hub,2024-08-19
RICE,61.53,159978.00,Arusha North Hub,2024-08-19
RICE,58.67,152542.00,Dodoma Wholesale Hub,2024-08-19
RICE,55.80,145080.00,Mbeya Border Market,2024-08-19
RICE,59.33,154258.00,Tanga Coastal Exchange,2024-08-19
RICE,54.71,142246.00,Tabora Grain Yard,2024-08-19
RICE,61.14,158964.00,Kigoma Lake Hub,2024-08-19
BEANS,62.07,161382.00,Dar Es Salaam Wholesale,2024-08-19
BEANS,58.99,153374.00,Mwanza Central Hub,2024-08-19
BEANS,63.73,165698.00,Arusha North Hub,2024-08-19
BEANS,60.66,157716.00,Dodoma Wholesale Hub,2024-08-19
BEANS,57.59,149734.00,Mbeya Border Market,2024-08-19
BEANS,61.12,158912.00,Tanga Coastal Exchange,2024-08-19
BEANS,56.27,146302.00,Tabora Grain Yard,2024-08-19
BEANS,62.79,163254.00,Kigoma Lake Hub,2024-08-19
WHEAT,41.07,106782.00,Dar Es Salaam Wholesale,2024-08-19
WHEAT,39.14,101764.00,Mwanza Central Hub,2024-08-19
WHEAT,42.39,110214.00,Arusha North Hub,2024-08-19
WHEAT,40.45,105170.00,Dodoma Wholesale Hub,2024-08-19
WHEAT,38.50,100100.00,Mbeya Border Market,2024-08-19
WHEAT,40.96,106496.00,Tanga Coastal Exchange,2024-08-19
WHEAT,37.80,98280.00,Tabora Grain Yard,2024-08-19
WHEAT,42.28,109928.00,Kigoma Lake Hub,2024-08-19
SORGHUM,35.92,93392.00,Dar Es Salaam Wholesale,2024-08-19
SORGHUM,34.13,88738.00,Mwanza Central Hub,2024-08-19
SORGHUM,36.86,95836.00,Arusha North Hub,2024-08-19
SORGHUM,35.07,91182.00,Dodoma Wholesale Hub,2024-08-19
SORGHUM,33.28,86528.00,Mbeya Border Market,2024-08-19
SORGHUM,35.31,91806.00,Tanga Coastal Exchange,2024-08-19
SORGHUM,32.49,84474.00,Tabora Grain Yard,2024-08-19
SORGHUM,36.23,94198.00,Kigoma Lake Hub,2024-08-19
CASSAVA,26.94,70044.00,Dar Es Salaam Wholesale,2024-08-19
CASSAVA,25.67,66742.00,Mwanza Central Hub,2024-08-19
CASSAVA,27.81,72306.00,Arusha North Hub,2024-08-19
CASSAVA,26.54,69004.00,Dodoma Wholesale Hub,2024-08-19
CASSAVA,25.26,65676.00,Mbeya Border Market,2024-08-19
CASSAVA,26.88,69888.00,Tanga Coastal Exchange,2024-08-19
CASSAVA,24.81,64506.00,Tabora Grain Yard,2024-08-19
CASSAVA,27.76,72176.00,Kigoma Lake Hub,2024-08-19
POTATO,32.28,83928.00,Dar Es Salaam Wholesale,2024-08-19
POTATO,30.67,79742.00,Mwanza Central Hub,2024-08-19
POTATO,33.12,86112.00,Arusha North Hub,2024-08-19
POTATO,31.51,81926.00,Dodoma Wholesale Hub,2024-08-19
POTATO,29.91,77766.00,Mbeya Border Market,2024-08-19
POTATO,31.73,82498.00,Tanga Coastal Exchange,2024-08-19
POTATO,29.20,75920.00,Tabora Grain Yard,2024-08-19
POTATO,32.57,84682.00,Kigoma Lake Hub,2024-08-19
GROUNDNUT,77.98,202748.00,Dar Es Salaam Wholesale,2024-08-19
GROUNDNUT,74.28,193128.00,Mwanza Central Hub,2024-08-19
GROUNDNUT,80.44,209144.00,Arusha North Hub,2024-08-19
GROUNDNUT,76.73,199498.00,Dodoma Wholesale Hub,2024-08-19
GROUNDNUT,73.02,189852.00,Mbeya Border Market,2024-08-19
GROUNDNUT,77.68,201968.00,Tanga Coastal Exchange,2024-08-19
GROUNDNUT,71.68,186368.00,Tabora Grain Yard,2024-08-19
GROUNDNUT,80.17,208442.00,Kigoma Lake Hub,2024-08-19
SUNFLOWER,62.58,162708.00,Dar Es Salaam Wholesale,2024-08-19
SUNFLOWER,59.50,154700.00,Mwanza Central Hub,2024-08-19
SUNFLOWER,64.31,167206.00,Arusha North Hub,2024-08-19
SUNFLOWER,61.23,159198.00,Dodoma Wholesale Hub,2024-08-19
SUNFLOWER,58.15,151190.00,Mbeya Border Market,2024-08-19
SUNFLOWER,61.73,160498.00,Tanga Coastal Exchange,2024-08-19
SUNFLOWER,56.84,147784.00,Tabora Grain Yard,2024-08-19
SUNFLOWER,63.43,164918.00,Kigoma Lake Hub,2024-08-19
COFFEE,81.46,211796.00,Dar Es Salaam Wholesale,2024-08-19
COFFEE,77.53,201578.00,Mwanza Central Hub,2024-08-19
COFFEE,83.88,218088.00,Arusha North Hub,2024-08-19
COFFEE,79.96,207896.00,Dodoma Wholesale Hub,2024-08-19
COFFEE,76.03,197678.00,Mbeya Border Market,2024-08-19
COFFEE,80.82,210132.00,Tanga Coastal Exchange,2024-08-19
COFFEE,74.51,193726.00,Tabora Grain Yard,2024-08-19
COFFEE,83.27,216502.00,Kigoma Lake Hub,2024-08-19
CASHEW,94.66,246116.00,Dar Es Salaam Wholesale,2024-08-19
CASHEW,90.08,234208.00,Mwanza Central Hub,2024-08-19
CASHEW,97.45,253370.00,Arusha North Hub,2024-08-19
CASHEW,92.86,241436.00,Dodoma Wholesale Hub,2024-08-19
CASHEW,88.27,229502.00,Mbeya Border Market,2024-08-19
CASHEW,93.79,243854.00,Tanga Coastal Exchange,2024-08-19
CASHEW,86.44,224744.00,Tabora Grain Yard,2024-08-19
CASHEW,96.56,251056.00,Kigoma Lake Hub,2024-08-19
COCONUT,73.68,191568.00,Dar Es Salaam Wholesale,2024-08-19
COCONUT,70.06,182156.00,Mwanza Central Hub,2024-08-19
COCONUT,75.73,196898.00,Arusha North Hub,2024-08-19
COCONUT,72.11,187486.00,Dodoma Wholesale Hub,2024-08-19
COCONUT,68.50,178100.00,Mbeya Border Market,2024-08-19
COCONUT,72.74,189124.00,Tanga Coastal Exchange,2024-08-19
COCONUT,67.00,174200.00,Tabora Grain Yard,2024-08-19
COCONUT,74.80,194480.00,Kigoma Lake Hub,2024-08-19
MAIZE,45.36,117936.00,Dar Es Salaam Wholesale,2024-08-26
MAIZE,43.18,112268.00,Mwanza Central Hub,2024-08-26
MAIZE,46.73,121498.00,Arusha North Hub,2024-08-26
MAIZE,44.55,115830.00,Dodoma Wholesale Hub,2024-08-26
MAIZE,42.36,110136.00,Mbeya Border Market,2024-08-26
MAIZE,45.03,117078.00,Tanga Coastal Exchange,2024-08-26
MAIZE,41.51,107926.00,Tabora Grain Yard,2024-08-26
MAIZE,46.39,120614.00,Kigoma Lake Hub,2024-08-26
RICE,56.75,147550.00,Dar Es Salaam Wholesale,2024-08-26
RICE,53.94,140244.00,Mwanza Central Hub,2024-08-26
RICE,58.28,151528.00,Arusha North Hub,2024-08-26
RICE,55.48,144248.00,Dodoma Wholesale Hub,2024-08-26
RICE,52.68,136968.00,Mbeya Border Market,2024-08-26
RICE,55.93,145418.00,Tanga Coastal Exchange,2024-08-26
RICE,51.49,133874.00,Tabora Grain Yard,2024-08-26
RICE,57.47,149422.00,Kigoma Lake Hub,2024-08-26
BEANS,63.27,164502.00,Dar Es Salaam Wholesale,2024-08-26
BEANS,60.28,156728.00,Mwanza Central Hub,2024-08-26
BEANS,65.28,169728.00,Arusha North Hub,2024-08-26
BEANS,62.28,161928.00,Dodoma Wholesale Hub,2024-08-26
BEANS,59.27,154102.00,Mbeya Border Market,2024-08-26
BEANS,63.05,163930.00,Tanga Coastal Exchange,2024-08-26
BEANS,58.18,151268.00,Tabora Grain Yard,2024-08-26
BEANS,65.07,169182.00,Kigoma Lake Hub,2024-08-26
WHEAT,42.10,109460.00,Dar Es Salaam Wholesale,2024-08-26
WHEAT,39.99,103974.00,Mwanza Central Hub,2024-08-26
WHEAT,43.19,112294.00,Arusha North Hub,2024-08-26
WHEAT,41.10,106860.00,Dodoma Wholesale Hub,2024-08-26
WHEAT,39.00,101400.00,Mbeya Border Market,2024-08-26
WHEAT,41.38,107588.00,Tanga Coastal Exchange,2024-08-26
WHEAT,38.08,99008.00,Tabora Grain Yard,2024-08-26
WHEAT,42.47,110422.00,Kigoma Lake Hub,2024-08-26
SORGHUM,36.23,94198.00,Dar Es Salaam Wholesale,2024-08-26
SORGHUM,34.53,89778.00,Mwanza Central Hub,2024-08-26
SORGHUM,34.53,89778.00,Arusha North Hub,2024-08-26
SORGHUM,32.95,85670.00,Dodoma Wholesale Hub,2024-08-26
SORGHUM,31.37,81562.00,Mbeya Border Market,2024-08-26
SORGHUM,33.39,86814.00,Tanga Coastal Exchange,2024-08-26
SORGHUM,30.82,80132.00,Tabora Grain Yard,2024-08-26
SORGHUM,34.48,89648.00,Kigoma Lake Hub,2024-08-26
CASSAVA,25.92,67392.00,Dar Es Salaam Wholesale,2024-08-26
CASSAVA,24.62,64012.00,Mwanza Central Hub,2024-08-26
CASSAVA,26.59,69134.00,Arusha North Hub,2024-08-26
CASSAVA,25.30,65780.00,Dodoma Wholesale Hub,2024-08-26
CASSAVA,24.01,62426.00,Mbeya Border Market,2024-08-26
CASSAVA,25.47,66222.00,Tanga Coastal Exchange,2024-08-26
CASSAVA,23.43,60918.00,Tabora Grain Yard,2024-08-26
CASSAVA,26.13,67938.00,Kigoma Lake Hub,2024-08-26
POTATO,32.14,83564.00,Dar Es Salaam Wholesale,2024-08-26
POTATO,30.62,79612.00,Mwanza Central Hub,2024-08-26
POTATO,33.16,86216.00,Arusha North Hub,2024-08-26
POTATO,31.64,82264.00,Dodoma Wholesale Hub,2024-08-26
POTATO,30.11,78286.00,Mbeya Border Market,2024-08-26
POTATO,32.04,83304.00,Tanga Coastal Exchange,2024-08-26
POTATO,29.56,76856.00,Tabora Grain Yard,2024-08-26
POTATO,33.07,85982.00,Kigoma Lake Hub,2024-08-26
GROUNDNUT,81.34,211484.00,Dar Es Salaam Wholesale,2024-08-26
GROUNDNUT,77.32,201032.00,Mwanza Central Hub,2024-08-26
GROUNDNUT,83.55,217230.00,Arusha North Hub,2024-08-26
GROUNDNUT,79.54,206804.00,Dodoma Wholesale Hub,2024-08-26
GROUNDNUT,75.52,196352.00,Mbeya Border Market,2024-08-26
GROUNDNUT,80.16,208416.00,Tanga Coastal Exchange,2024-08-26
GROUNDNUT,73.80,191880.00,Tabora Grain Yard,2024-08-26
GROUNDNUT,82.35,214110.00,Kigoma Lake Hub,2024-08-26
SUNFLOWER,58.54,152204.00,Dar Es Salaam Wholesale,2024-08-26
SUNFLOWER,55.73,144898.00,Mwanza Central Hub,2024-08-26
SUNFLOWER,60.31,156806.00,Arusha North Hub,2024-08-26
SUNFLOWER,57.50,149500.00,Dodoma Wholesale Hub,2024-08-26
SUNFLOWER,54.69,142194.00,Mbeya Border Market,2024-08-26
SUNFLOWER,58.14,151164.00,Tanga Coastal Exchange,2024-08-26
SUNFLOWER,53.62,139412.00,Tabora Grain Yard,2024-08-26
SUNFLOWER,59.93,155818.00,Kigoma Lake Hub,2024-08-26
COFFEE,88.19,229294.00,Dar Es Salaam Wholesale,2024-08-26
COFFEE,83.91,218166.00,Mwanza Central Hub,2024-08-26
COFFEE,90.75,235950.00,Arusha North Hub,2024-08-26
COFFEE,86.47,224822.00,Dodoma Wholesale Hub,2024-08-26
COFFEE,82.18,213668.00,Mbeya Border Market,2024-08-26
COFFEE,87.30,226980.00,Tanga Coastal Exchange,2024-08-26
COFFEE,80.44,209144.00,Tabora Grain Yard,2024-08-26
COFFEE,89.84,233584.00,Kigoma Lake Hub,2024-08-26
CASHEW,87.83,228358.00,Dar Es Salaam Wholesale,2024-08-26
CASHEW,83.53,217178.00,Mwanza Central Hub,2024-08-26
CASHEW,90.30,234780.00,Arusha North Hub,2024-08-26
CASHEW,86.01,223626.00,Dodoma Wholesale Hub,2024-08-26
CASHEW,81.72,212472.00,Mbeya Border Market,2024-08-26
CASHEW,86.79,225654.00,Tanga Coastal Exchange,2024-08-26
CASHEW,79.96,207896.00,Tabora Grain Yard,2024-08-26
CASHEW,89.29,232154.00,Kigoma Lake Hub,2024-08-26
COCONUT,78.14,203164.00,Dar Es Salaam Wholesale,2024-08-26
COCONUT,74.41,193466.00,Mwanza Central Hub,2024-08-26
COCONUT,80.56,209456.00,Arusha North Hub,2024-08-26
COCONUT,76.82,199732.00,Dodoma Wholesale Hub,2024-08-26
COCONUT,73.08,190008.00,Mbeya Border Market,2024-08-26
COCONUT,77.70,202020.00,Tanga Coastal Exchange,2024-08-26
COCONUT,71.66,186316.00,Tabora Grain Yard,2024-08-26
COCONUT,80.11,208286.00,Kigoma Lake Hub,2024-08-26
MAIZE,41.36,107536.00,Dar Es Salaam Wholesale,2024-09-02
MAIZE,39.32,102232.00,Mwanza Central Hub,2024-09-02
MAIZE,42.49,110474.00,Arusha North Hub,2024-09-02
MAIZE,40.46,105196.00,Dodoma Wholesale Hub,2024-09-02
MAIZE,38.42,99892.00,Mbeya Border Market,2024-09-02
MAIZE,40.80,106080.00,Tanga Coastal Exchange,2024-09-02
MAIZE,37.57,97682.00,Tabora Grain Yard,2024-09-02
MAIZE,41.94,109044.00,Kigoma Lake Hub,2024-09-02
RICE,58.06,150956.00,Dar Es Salaam Wholesale,2024-09-02
RICE,55.31,143806.00,Mwanza Central Hub,2024-09-02
RICE,59.90,155740.00,Arusha North Hub,2024-09-02
RICE,57.14,148564.00,Dodoma Wholesale Hub,2024-09-02
RICE,54.37,141362.00,Mbeya Border Market,2024-09-02
RICE,57.83,150358.00,Tanga Coastal Exchange,2024-09-02
RICE,53.35,138710.00,Tabora Grain Yard,2024-09-02
RICE,59.66,155116.00,Kigoma Lake Hub,2024-09-02
BEANS,64.39,167414.00,Dar Es Salaam Wholesale,2024-09-02
BEANS,61.17,159042.00,Mwanza Central Hub,2024-09-02
BEANS,66.07,171782.00,Arusha North Hub,2024-09-02
BEANS,62.87,163462.00,Dodoma Wholesale Hub,2024-09-02
BEANS,59.67,155142.00,Mbeya Border Market,2024-09-02
BEANS,63.31,164606.00,Tanga Coastal Exchange,2024-09-02
BEANS,58.26,151476.00,Tabora Grain Yard,2024-09-02
BEANS,64.99,168974.00,Kigoma Lake Hub,2024-09-02
WHEAT,41.26,107276.00,Dar Es Salaam Wholesale,2024-09-02
WHEAT,39.32,102232.00,Mwanza Central Hub,2024-09-02
WHEAT,42.60,110760.00,Arusha North Hub,2024-09-02
WHEAT,40.66,105716.00,Dodoma Wholesale Hub,2024-09-02
WHEAT,38.71,100646.00,Mbeya Border Market,2024-09-02
WHEAT,41.19,107094.00,Tanga Coastal Exchange,2024-09-02
WHEAT,38.02,98852.00,Tabora Grain Yard,2024-09-02
WHEAT,42.54,110604.00,Kigoma Lake Hub,2024-09-02
SORGHUM,35.58,92508.00,Dar Es Salaam Wholesale,2024-09-02
SORGHUM,33.80,87880.00,Mwanza Central Hub,2024-09-02
SORGHUM,36.50,94900.00,Arusha North Hub,2024-09-02
SORGHUM,34.73,90298.00,Dodoma Wholesale Hub,2024-09-02
SORGHUM,32.95,85670.00,Mbeya Border Market,2024-09-02
SORGHUM,34.96,90896.00,Tanga Coastal Exchange,2024-09-02
SORGHUM,32.16,83616.00,Tabora Grain Yard,2024-09-02
SORGHUM,35.87,93262.00,Kigoma Lake Hub,2024-09-02
CASSAVA,27.33,71058.00,Dar Es Salaam Wholesale,2024-09-02
CASSAVA,26.04,67704.00,Mwanza Central Hub,2024-09-02
CASSAVA,28.20,73320.00,Arusha North Hub,2024-09-02
CASSAVA,26.91,69966.00,Dodoma Wholesale Hub,2024-09-02
CASSAVA,25.61,66586.00,Mbeya Border Market,2024-09-02
CASSAVA,27.25,70850.00,Tanga Coastal Exchange,2024-09-02
CASSAVA,25.15,65390.00,Tabora Grain Yard,2024-09-02
CASSAVA,28.14,73164.00,Kigoma Lake Hub,2024-09-02
POTATO,33.98,88348.00,Dar Es Salaam Wholesale,2024-09-02
POTATO,32.30,83980.00,Mwanza Central Hub,2024-09-02
POTATO,34.89,90714.00,Arusha North Hub,2024-09-02
POTATO,33.21,86346.00,Dodoma Wholesale Hub,2024-09-02
POTATO,31.53,81978.00,Mbeya Border Market,2024-09-02
POTATO,33.46,86996.00,Tanga Coastal Exchange,2024-09-02
POTATO,30.80,80080.00,Tabora Grain Yard,2024-09-02
POTATO,34.36,89336.00,Kigoma Lake Hub,2024-09-02
GROUNDNUT,77.56,201656.00,Dar Es Salaam Wholesale,2024-09-02
GROUNDNUT,73.84,191984.00,Mwanza Central Hub,2024-09-02
GROUNDNUT,79.93,207818.00,Arusha North Hub,2024-09-02
GROUNDNUT,76.22,198172.00,Dodoma Wholesale Hub,2024-09-02
GROUNDNUT,72.50,188500.00,Mbeya Border Market,2024-09-02
GROUNDNUT,77.10,200460.00,Tanga Coastal Exchange,2024-09-02
GROUNDNUT,71.11,184886.00,Tabora Grain Yard,2024-09-02
GROUNDNUT,79.50,206700.00,Kigoma Lake Hub,2024-09-02
SUNFLOWER,62.55,162630.00,Dar Es Salaam Wholesale,2024-09-02
SUNFLOWER,59.50,154700.00,Mwanza Central Hub,2024-09-02
SUNFLOWER,64.34,167284.00,Arusha North Hub,2024-09-02
SUNFLOWER,61.29,159354.00,Dodoma Wholesale Hub,2024-09-02
SUNFLOWER,58.24,151424.00,Mbeya Border Market,2024-09-02
SUNFLOWER,61.86,160836.00,Tanga Coastal Exchange,2024-09-02
SUNFLOWER,56.99,148174.00,Tabora Grain Yard,2024-09-02
SUNFLOWER,63.63,165438.00,Kigoma Lake Hub,2024-09-02
COFFEE,79.33,206258.00,Dar Es Salaam Wholesale,2024-09-02
COFFEE,75.46,196196.00,Mwanza Central Hub,2024-09-02
COFFEE,81.60,212160.00,Arusha North Hub,2024-09-02
COFFEE,77.73,202098.00,Dodoma Wholesale Hub,2024-09-02
COFFEE,73.87,192062.00,Mbeya Border Market,2024-09-02
COFFEE,78.48,204048.00,Tanga Coastal Exchange,2024-09-02
COFFEE,72.32,188032.00,Tabora Grain Yard,2024-09-02
COFFEE,80.77,210002.00,Kigoma Lake Hub,2024-09-02
CASHEW,90.38,234988.00,Dar Es Salaam Wholesale,2024-09-02
CASHEW,86.06,223756.00,Mwanza Central Hub,2024-09-02
CASHEW,93.14,242164.00,Arusha North Hub,2024-09-02
CASHEW,88.81,230906.00,Dodoma Wholesale Hub,2024-09-02
CASHEW,84.46,219596.00,Mbeya Border Market,2024-09-02
CASHEW,89.80,233480.00,Tanga Coastal Exchange,2024-09-02
CASHEW,82.80,215280.00,Tabora Grain Yard,2024-09-02
CASHEW,92.54,240604.00,Kigoma Lake Hub,2024-09-02
COCONUT,72.02,187252.00,Dar Es Salaam Wholesale,2024-09-02
COCONUT,68.45,177970.00,Mwanza Central Hub,2024-09-02
COCONUT,73.95,192270.00,Arusha North Hub,2024-09-02
COCONUT,70.39,183014.00,Dodoma Wholesale Hub,2024-09-02
COCONUT,66.83,173758.00,Mbeya Border Market,2024-09-02
COCONUT,70.93,184418.00,Tanga Coastal Exchange,2024-09-02
COCONUT,65.30,169780.00,Tabora Grain Yard,2024-09-02
COCONUT,72.87,189462.00,Kigoma Lake Hub,2024-09-02
MAIZE,43.39,112814.00,Dar Es Salaam Wholesale,2024-09-09
MAIZE,41.33,107458.00,Mwanza Central Hub,2024-09-09
MAIZE,44.75,116350.00,Arusha North Hub,2024-09-09
MAIZE,42.68,110968.00,Dodoma Wholesale Hub,2024-09-09
MAIZE,40.61,105586.00,Mbeya Border Market,2024-09-09
MAIZE,43.18,112268.00,Tanga Coastal Exchange,2024-09-09
MAIZE,39.83,103558.00,Tabora Grain Yard,2024-09-09
MAIZE,44.53,115778.00,Kigoma Lake Hub,2024-09-09
RICE,57.40,149240.00,Dar Es Salaam Wholesale,2024-09-09
RICE,54.54,141804.00,Mwanza Central Hub,2024-09-09
RICE,58.91,153166.00,Arusha North Hub,2024-09-09
RICE,56.06,145756.00,Dodoma Wholesale Hub,2024-09-09
RICE,53.22,138372.00,Mbeya Border Market,2024-09-09
RICE,56.47,146822.00,Tanga Coastal Exchange,2024-09-09
RICE,51.97,135122.00,Tabora Grain Yard,2024-09-09
RICE,57.98,150748.00,Kigoma Lake Hub,2024-09-09
BEANS,62.42,162292.00,Dar Es Salaam Wholesale,2024-09-09
BEANS,59.49,154674.00,Mwanza Central Hub,2024-09-09
BEANS,64.44,167544.00,Arusha North Hub,2024-09-09
BEANS,61.50,159900.00,Dodoma Wholesale Hub,2024-09-09
BEANS,58.55,152230.00,Mbeya Border Market,2024-09-09
BEANS,62.30,161980.00,Tanga Coastal Exchange,2024-09-09
BEANS,57.50,149500.00,Tabora Grain Yard,2024-09-09
BEANS,64.33,167258.00,Kigoma Lake Hub,2024-09-09
WHEAT,41.27,107302.00,Dar Es Salaam Wholesale,2024-09-09
WHEAT,39.20,101920.00,Mwanza Central Hub,2024-09-09
WHEAT,42.33,110058.00,Arusha North Hub,2024-09-09
WHEAT,40.27,104702.00,Dodoma Wholesale Hub,2024-09-09
WHEAT,38.21,99346.00,Mbeya Border Market,2024-09-09
WHEAT,43.91,114166.00,Tanga Coastal Exchange,2024-09-09
WHEAT,40.40,105040.00,Tabora Grain Yard,2024-09-09
WHEAT,45.06,117156.00,Kigoma Lake Hub,2024-09-09
SORGHUM,36.79,95654.00,Dar Es Salaam Wholesale,2024-09-09
SORGHUM,35.05,91130.00,Mwanza Central Hub,2024-09-09
SORGHUM,37.97,98722.00,Arusha North Hub,2024-09-09
SORGHUM,36.23,94198.00,Dodoma Wholesale Hub,2024-09-09
SORGHUM,34.49,89674.00,Mbeya Border Market,2024-09-09
SORGHUM,36.70,95420.00,Tanga Coastal Exchange,2024-09-09
SORGHUM,33.87,88062.00,Tabora Grain Yard,2024-09-09
SORGHUM,37.89,98514.00,Kigoma Lake Hub,2024-09-09
CASSAVA,27.66,71916.00,Dar Es Salaam Wholesale,2024-09-09
CASSAVA,26.28,68328.00,Mwanza Central Hub,2024-09-09
CASSAVA,28.39,73814.00,Arusha North Hub,2024-09-09
CASSAVA,27.02,70252.00,Dodoma Wholesale Hub,2024-09-09
CASSAVA,25.65,66690.00,Mbeya Border Market,2024-09-09
CASSAVA,27.22,70772.00,Tanga Coastal Exchange,2024-09-09
CASSAVA,25.05,65130.00,Tabora Grain Yard,2024-09-09
CASSAVA,27.94,72644.00,Kigoma Lake Hub,2024-09-09
POTATO,32.45,84370.00,Dar Es Salaam Wholesale,2024-09-09
POTATO,30.90,80340.00,Mwanza Central Hub,2024-09-09
POTATO,33.45,86970.00,Arusha North Hub,2024-09-09
POTATO,31.91,82966.00,Dodoma Wholesale Hub,2024-09-09
POTATO,30.36,78936.00,Mbeya Border Market,2024-09-09
POTATO,32.28,83928.00,Tanga Coastal Exchange,2024-09-09
POTATO,29.78,77428.00,Tabora Grain Yard,2024-09-09
POTATO,33.30,86580.00,Kigoma Lake Hub,2024-09-09
GROUNDNUT,83.21,216346.00,Dar Es Salaam Wholesale,2024-09-09
GROUNDNUT,79.14,205764.00,Mwanza Central Hub,2024-09-09
GROUNDNUT,85.57,222482.00,Arusha North Hub,2024-09-09
GROUNDNUT,81.49,211874.00,Dodoma Wholesale Hub,2024-09-09
GROUNDNUT,77.42,201292.00,Mbeya Border Market,2024-09-09
GROUNDNUT,82.22,213772.00,Tanga Coastal Exchange,2024-09-09
GROUNDNUT,75.73,196898.00,Tabora Grain Yard,2024-09-09
GROUNDNUT,84.54,219804.00,Kigoma Lake Hub,2024-09-09
SUNFLOWER,57.82,150332.00,Dar Es Salaam Wholesale,2024-09-09
SUNFLOWER,55.01,143026.00,Mwanza Central Hub,2024-09-09
SUNFLOWER,59.50,154700.00,Arusha North Hub,2024-09-09
SUNFLOWER,56.69,147394.00,Dodoma Wholesale Hub,2024-09-09
SUNFLOWER,53.89,140114.00,Mbeya Border Market,2024-09-09
SUNFLOWER,57.26,148876.00,Tanga Coastal Exchange,2024-09-09
SUNFLOWER,52.77,137202.00,Tabora Grain Yard,2024-09-09
SUNFLOWER,58.96,153296.00,Kigoma Lake Hub,2024-09-09
COFFEE,85.47,222222.00,Dar Es Salaam Wholesale,2024-09-09
COFFEE,81.36,211536.00,Mwanza Central Hub,2024-09-09
COFFEE,88.05,228930.00,Arusha North Hub,2024-09-09
COFFEE,83.94,218244.00,Dodoma Wholesale Hub,2024-09-09
COFFEE,79.81,207506.00,Mbeya Border Market,2024-09-09
COFFEE,84.84,220584.00,Tanga Coastal Exchange,2024-09-09
COFFEE,78.21,203346.00,Tabora Grain Yard,2024-09-09
COFFEE,87.40,227240.00,Kigoma Lake Hub,2024-09-09
CASHEW,85.72,222872.00,Dar Es Salaam Wholesale,2024-09-09
CASHEW,81.48,211848.00,Mwanza Central Hub,2024-09-09
CASHEW,88.04,228904.00,Arusha North Hub,2024-09-09
CASHEW,83.81,217906.00,Dodoma Wholesale Hub,2024-09-09
CASHEW,79.59,206934.00,Mbeya Border Market,2024-09-09
CASHEW,84.49,219674.00,Tanga Coastal Exchange,2024-09-09
CASHEW,77.79,202254.00,Tabora Grain Yard,2024-09-09
CASHEW,86.83,225758.00,Kigoma Lake Hub,2024-09-09
COCONUT,73.64,191464.00,Dar Es Salaam Wholesale,2024-09-09
COCONUT,70.15,182390.00,Mwanza Central Hub,2024-09-09
COCONUT,75.98,197548.00,Arusha North Hub,2024-09-09
COCONUT,72.49,188474.00,Dodoma Wholesale Hub,2024-09-09
COCONUT,68.98,179348.00,Mbeya Border Market,2024-09-09
COCONUT,73.38,190788.00,Tanga Coastal Exchange,2024-09-09
COCONUT,67.71,176046.00,Tabora Grain Yard,2024-09-09
COCONUT,75.72,196872.00,Kigoma Lake Hub,2024-09-09
MAIZE,42.22,109772.00,Dar Es Salaam Wholesale,2024-09-16
MAIZE,40.12,104312.00,Mwanza Central Hub,2024-09-16
MAIZE,43.34,112684.00,Arusha North Hub,2024-09-16
MAIZE,41.25,107250.00,Dodoma Wholesale Hub,2024-09-16
MAIZE,39.16,101816.00,Mbeya Border Market,2024-09-16
MAIZE,41.56,108056.00,Tanga Coastal Exchange,2024-09-16
MAIZE,38.25,99450.00,Tabora Grain Yard,2024-09-16
MAIZE,42.68,110968.00,Kigoma Lake Hub,2024-09-16
RICE,56.74,147524.00,Dar Es Salaam Wholesale,2024-09-16
RICE,54.06,140556.00,Mwanza Central Hub,2024-09-16
RICE,58.56,152256.00,Arusha North Hub,2024-09-16
RICE,55.88,145288.00,Dodoma Wholesale Hub,2024-09-16
RICE,53.20,138320.00,Mbeya Border Market,2024-09-16
RICE,56.60,147160.00,Tanga Coastal Exchange,2024-09-16
RICE,52.24,135824.00,Tabora Grain Yard,2024-09-16
RICE,58.43,151918.00,Kigoma Lake Hub,2024-09-16
BEANS,66.23,172198.00,Dar Es Salaam Wholesale,2024-09-16
BEANS,62.92,163592.00,Mwanza Central Hub,2024-09-16
BEANS,67.95,176670.00,Arusha North Hub,2024-09-16
BEANS,64.65,168090.00,Dodoma Wholesale Hub,2024-09-16
BEANS,61.35,159510.00,Mbeya Border Market,2024-09-16
BEANS,65.09,169234.00,Tanga Coastal Exchange,2024-09-16
BEANS,59.89,155714.00,Tabora Grain Yard,2024-09-16
BEANS,66.80,173680.00,Kigoma Lake Hub,2024-09-16
WHEAT,43.53,113178.00,Dar Es Salaam Wholesale,2024-09-16
WHEAT,41.48,107848.00,Mwanza Central Hub,2024-09-16
WHEAT,44.93,116818.00,Arusha North Hub,2024-09-16
WHEAT,42.88,111488.00,Dodoma Wholesale Hub,2024-09-16
WHEAT,40.82,106132.00,Mbeya Border Market,2024-09-16
WHEAT,43.43,112918.00,Tanga Coastal Exchange,2024-09-16
WHEAT,40.09,104234.00,Tabora Grain Yard,2024-09-16
WHEAT,44.85,116610.00,Kigoma Lake Hub,2024-09-16
SORGHUM,36.58,95108.00,Dar Es Salaam Wholesale,2024-09-16
SORGHUM,34.76,90376.00,Mwanza Central Hub,2024-09-16
SORGHUM,37.55,97630.00,Arusha North Hub,2024-09-16
SORGHUM,35.73,92898.00,Dodoma Wholesale Hub,2024-09-16
SORGHUM,33.91,88166.00,Mbeya Border Market,2024-09-16
SORGHUM,35.98,93548.00,Tanga Coastal Exchange,2024-09-16
SORGHUM,33.11,86086.00,Tabora Grain Yard,2024-09-16
SORGHUM,36.93,96018.00,Kigoma Lake Hub,2024-09-16
CASSAVA,26.77,69602.00,Dar Es Salaam Wholesale,2024-09-16
CASSAVA,25.50,66300.00,Mwanza Central Hub,2024-09-16
CASSAVA,27.61,71786.00,Arusha North Hub,2024-09-16
CASSAVA,26.34,68484.00,Dodoma Wholesale Hub,2024-09-16
CASSAVA,25.06,65156.00,Mbeya Border Market,2024-09-16
CASSAVA,26.66,69316.00,Tanga Coastal Exchange,2024-09-16
CASSAVA,24.59,63934.00,Tabora Grain Yard,2024-09-16
CASSAVA,27.51,71526.00,Kigoma Lake Hub,2024-09-16
POTATO,34.53,89778.00,Dar Es Salaam Wholesale,2024-09-16
POTATO,32.83,85358.00,Mwanza Central Hub,2024-09-16
POTATO,35.49,92274.00,Arusha North Hub,2024-09-16
POTATO,33.79,87854.00,Dodoma Wholesale Hub,2024-09-16
POTATO,32.10,83460.00,Mbeya Border Market,2024-09-16
POTATO,34.08,88608.00,Tanga Coastal Exchange,2024-09-16
POTATO,31.39,81614.00,Tabora Grain Yard,2024-09-16
POTATO,35.03,91078.00,Kigoma Lake Hub,2024-09-16
GROUNDNUT,77.08,200408.00,Dar Es Salaam Wholesale,2024-09-16
GROUNDNUT,73.35,190710.00,Mwanza Central Hub,2024-09-16
GROUNDNUT,79.35,206310.00,Arusha North Hub,2024-09-16
GROUNDNUT,75.62,196612.00,Dodoma Wholesale Hub,2024-09-16
GROUNDNUT,71.90,186940.00,Mbeya Border Market,2024-09-16
GROUNDNUT,76.41,198666.00,Tanga Coastal Exchange,2024-09-16
GROUNDNUT,70.44,183144.00,Tabora Grain Yard,2024-09-16
GROUNDNUT,78.71,204646.00,Kigoma Lake Hub,2024-09-16
SUNFLOWER,62.55,162630.00,Dar Es Salaam Wholesale,2024-09-16
SUNFLOWER,59.53,154778.00,Mwanza Central Hub,2024-09-16
SUNFLOWER,64.41,167466.00,Arusha North Hub,2024-09-16
SUNFLOWER,61.39,159614.00,Dodoma Wholesale Hub,2024-09-16
SUNFLOWER,58.36,151736.00,Mbeya Border Market,2024-09-16
SUNFLOWER,62.03,161278.00,Tanga Coastal Exchange,2024-09-16
SUNFLOWER,57.17,148642.00,Tabora Grain Yard,2024-09-16
SUNFLOWER,63.87,166062.00,Kigoma Lake Hub,2024-09-16
COFFEE,80.25,208650.00,Dar Es Salaam Wholesale,2024-09-16
COFFEE,76.29,198354.00,Mwanza Central Hub,2024-09-16
COFFEE,82.45,214370.00,Arusha North Hub,2024-09-16
COFFEE,78.50,204100.00,Dodoma Wholesale Hub,2024-09-16
COFFEE,74.56,193856.00,Mbeya Border Market,2024-09-16
COFFEE,79.17,205842.00,Tanga Coastal Exchange,2024-09-16
COFFEE,72.91,189566.00,Tabora Grain Yard,2024-09-16
COFFEE,81.39,211614.00,Kigoma Lake Hub,2024-09-16
CASHEW,88.97,231322.00,Dar Es Salaam Wholesale,2024-09-16
CASHEW,84.75,220350.00,Mwanza Central Hub,2024-09-16
CASHEW,91.77,238602.00,Arusha North Hub,2024-09-16
CASHEW,87.54,227604.00,Dodoma Wholesale Hub,2024-09-16
CASHEW,83.30,216580.00,Mbeya Border Market,2024-09-16
CASHEW,88.60,230360.00,Tanga Coastal Exchange,2024-09-16
CASHEW,81.74,212524.00,Tabora Grain Yard,2024-09-16
CASHEW,91.39,237614.00,Kigoma Lake Hub,2024-09-16
COCONUT,73.82,191932.00,Dar Es Salaam Wholesale,2024-09-16
COCONUT,70.14,182364.00,Mwanza Central Hub,2024-09-16
COCONUT,75.76,196976.00,Arusha North Hub,2024-09-16
COCONUT,72.08,187408.00,Dodoma Wholesale Hub,2024-09-16
COCONUT,68.42,177892.00,Mbeya Border Market,2024-09-16
COCONUT,72.59,188734.00,Tanga Coastal Exchange,2024-09-16
COCONUT,66.81,173706.00,Tabora Grain Yard,2024-09-16
COCONUT,74.52,193752.00,Kigoma Lake Hub,2024-09-16
MAIZE,42.49,110474.00,Dar Es Salaam Wholesale,2024-09-23
MAIZE,40.49,105274.00,Mwanza Central Hub,2024-09-23
MAIZE,43.86,114036.00,Arusha North Hub,2024-09-23
MAIZE,41.84,108784.00,Dodoma Wholesale Hub,2024-09-23
MAIZE,39.83,103558.00,Mbeya Border Market,2024-09-23
MAIZE,42.37,110162.00,Tanga Coastal Exchange,2024-09-23
MAIZE,39.10,101660.00,Tabora Grain Yard,2024-09-23
MAIZE,43.73,113698.00,Kigoma Lake Hub,2024-09-23
RICE,59.00,153400.00,Dar Es Salaam Wholesale,2024-09-23
RICE,56.05,145730.00,Mwanza Central Hub,2024-09-23
RICE,60.54,157404.00,Arusha North Hub,2024-09-23
RICE,57.60,149760.00,Dodoma Wholesale Hub,2024-09-23
RICE,54.66,142116.00,Mbeya Border Market,2024-09-23
RICE,57.99,150774.00,Tanga Coastal Exchange,2024-09-23
RICE,53.36,138736.00,Tabora Grain Yard,2024-09-23
RICE,59.52,154752.00,Kigoma Lake Hub,2024-09-23
BEANS,65.81,171106.00,Dar Es Salaam Wholesale,2024-09-23
BEANS,62.71,163046.00,Mwanza Central Hub,2024-09-23
BEANS,67.94,176644.00,Arusha North Hub,2024-09-23
BEANS,64.83,168558.00,Dodoma Wholesale Hub,2024-09-23
BEANS,61.72,160472.00,Mbeya Border Market,2024-09-23
BEANS,65.68,170768.00,Tanga Coastal Exchange,2024-09-23
BEANS,60.62,157612.00,Tabora Grain Yard,2024-09-23
BEANS,62.60,162760.00,Kigoma Lake Hub,2024-09-23
WHEAT,42.49,110474.00,Dar Es Salaam Wholesale,2024-09-23
WHEAT,40.36,104936.00,Mwanza Central Hub,2024-09-23
WHEAT,43.60,113360.00,Arusha North Hub,2024-09-23
WHEAT,41.48,107848.00,Dodoma Wholesale Hub,2024-09-23
WHEAT,39.36,102336.00,Mbeya Border Market,2024-09-23
WHEAT,41.76,108576.00,Tanga Coastal Exchange,2024-09-23
WHEAT,38.43,99918.00,Tabora Grain Yard,2024-09-23
WHEAT,42.86,111436.00,Kigoma Lake Hub,2024-09-23
SORGHUM,35.96,93496.00,Dar Es Salaam Wholesale,2024-09-23
SORGHUM,34.26,89076.00,Mwanza Central Hub,2024-09-23
SORGHUM,37.10,96460.00,Arusha North Hub,2024-09-23
SORGHUM,35.39,92014.00,Dodoma Wholesale Hub,2024-09-23
SORGHUM,33.68,87568.00,Mbeya Border Market,2024-09-23
SORGHUM,35.84,93184.00,Tanga Coastal Exchange,2024-09-23
SORGHUM,33.07,85982.00,Tabora Grain Yard,2024-09-23
SORGHUM,36.99,96174.00,Kigoma Lake Hub,2024-09-23
CASSAVA,28.19,73294.00,Dar Es Salaam Wholesale,2024-09-23
CASSAVA,26.80,69680.00,Mwanza Central Hub,2024-09-23
CASSAVA,28.96,75296.00,Arusha North Hub,2024-09-23
CASSAVA,27.57,71682.00,Dodoma Wholesale Hub,2024-09-23
CASSAVA,26.19,68094.00,Mbeya Border Market,2024-09-23
CASSAVA,27.80,72280.00,Tanga Coastal Exchange,2024-09-23
CASSAVA,25.59,66534.00,Tabora Grain Yard,2024-09-23
CASSAVA,28.56,74256.00,Kigoma Lake Hub,2024-09-23
POTATO,32.13,83538.00,Dar Es Salaam Wholesale,2024-09-23
POTATO,30.58,79508.00,Mwanza Central Hub,2024-09-23
POTATO,33.09,86034.00,Arusha North Hub,2024-09-23
POTATO,31.55,82030.00,Dodoma Wholesale Hub,2024-09-23
POTATO,30.00,78000.00,Mbeya Border Market,2024-09-23
POTATO,31.89,82914.00,Tanga Coastal Exchange,2024-09-23
POTATO,29.40,76440.00,Tabora Grain Yard,2024-09-23
POTATO,32.86,85436.00,Kigoma Lake Hub,2024-09-23
GROUNDNUT,83.50,217100.00,Dar Es Salaam Wholesale,2024-09-23
GROUNDNUT,79.46,206596.00,Mwanza Central Hub,2024-09-23
GROUNDNUT,85.96,223496.00,Arusha North Hub,2024-09-23
GROUNDNUT,81.91,212966.00,Dodoma Wholesale Hub,2024-09-23
GROUNDNUT,77.86,202436.00,Mbeya Border Market,2024-09-23
GROUNDNUT,82.72,215072.00,Tanga Coastal Exchange,2024-09-23
GROUNDNUT,76.23,198198.00,Tabora Grain Yard,2024-09-23
GROUNDNUT,85.15,221390.00,Kigoma Lake Hub,2024-09-23
SUNFLOWER,58.28,151528.00,Dar Es Salaam Wholesale,2024-09-23
SUNFLOWER,55.41,144066.00,Mwanza Central Hub,2024-09-23
SUNFLOWER,59.90,155740.00,Arusha North Hub,2024-09-23
SUNFLOWER,57.04,148304.00,Dodoma Wholesale Hub,2024-09-23
SUNFLOWER,54.19,140894.00,Mbeya Border Market,2024-09-23
SUNFLOWER,57.55,149630.00,Tanga Coastal Exchange,2024-09-23
SUNFLOWER,53.01,137826.00,Tabora Grain Yard,2024-09-23
SUNFLOWER,59.19,153894.00,Kigoma Lake Hub,2024-09-23
COFFEE,84.39,219414.00,Dar Es Salaam Wholesale,2024-09-23
COFFEE,80.38,208988.00,Mwanza Central Hub,2024-09-23
COFFEE,87.02,226252.00,Arusha North Hub,2024-09-23
COFFEE,83.00,215800.00,Dodoma Wholesale Hub,2024-09-23
COFFEE,78.96,205296.00,Mbeya Border Market,2024-09-23
COFFEE,83.97,218322.00,Tanga Coastal Exchange,2024-09-23
COFFEE,77.46,201396.00,Tabora Grain Yard,2024-09-23
COFFEE,86.59,225134.00,Kigoma Lake Hub,2024-09-23
CASHEW,87.68,227968.00,Dar Es Salaam Wholesale,2024-09-23
CASHEW,83.31,216606.00,Mwanza Central Hub,2024-09-23
CASHEW,89.99,233974.00,Arusha North Hub,2024-09-23
CASHEW,85.63,222638.00,Dodoma Wholesale Hub,2024-09-23
CASHEW,81.29,211354.00,Mbeya Border Market,2024-09-23
CASHEW,86.26,224276.00,Tanga Coastal Exchange,2024-09-23
CASHEW,79.39,206414.00,Tabora Grain Yard,2024-09-23
CASHEW,88.57,230282.00,Kigoma Lake Hub,2024-09-23
COCONUT,71.84,186784.00,Dar Es Salaam Wholesale,2024-09-23
COCONUT,68.46,177996.00,Mwanza Central Hub,2024-09-23
COCONUT,74.17,192842.00,Arusha North Hub,2024-09-23
COCONUT,70.78,184028.00,Dodoma Wholesale Hub,2024-09-23
COCONUT,67.38,175188.00,Mbeya Border Market,2024-09-23
COCONUT,71.70,186420.00,Tanga Coastal Exchange,2024-09-23
COCONUT,66.18,172068.00,Tabora Grain Yard,2024-09-23
COCONUT,74.03,192478.00,Kigoma Lake Hub,2024-09-23
MAIZE,43.35,112710.00,Dar Es Salaam Wholesale,2024-09-30
MAIZE,41.18,107068.00,Mwanza Central Hub,2024-09-30
MAIZE,44.48,115648.00,Arusha North Hub,2024-09-30
MAIZE,42.32,110032.00,Dodoma Wholesale Hub,2024-09-30
MAIZE,40.16,104416.00,Mbeya Border Market,2024-09-30
MAIZE,42.61,110786.00,Tanga Coastal Exchange,2024-09-30
MAIZE,39.21,101946.00,Tabora Grain Yard,2024-09-30
MAIZE,43.74,113724.00,Kigoma Lake Hub,2024-09-30
RICE,59.81,155506.00,Dar Es Salaam Wholesale,2024-09-30
RICE,52.61,136786.00,Mwanza Central Hub,2024-09-30
RICE,57.00,148200.00,Arusha North Hub,2024-09-30
RICE,54.40,141440.00,Dodoma Wholesale Hub,2024-09-30
RICE,51.80,134680.00,Mbeya Border Market,2024-09-30
RICE,55.12,143312.00,Tanga Coastal Exchange,2024-09-30
RICE,50.88,132288.00,Tabora Grain Yard,2024-09-30
RICE,56.93,148018.00,Kigoma Lake Hub,2024-09-30
BEANS,62.99,163774.00,Dar Es Salaam Wholesale,2024-09-30
BEANS,59.84,155584.00,Mwanza Central Hub,2024-09-30
BEANS,64.63,168038.00,Arusha North Hub,2024-09-30
BEANS,61.48,159848.00,Dodoma Wholesale Hub,2024-09-30
BEANS,58.35,151710.00,Mbeya Border Market,2024-09-30
BEANS,61.89,160914.00,Tanga Coastal Exchange,2024-09-30
BEANS,56.95,148070.00,Tabora Grain Yard,2024-09-30
BEANS,63.51,165126.00,Kigoma Lake Hub,2024-09-30
WHEAT,42.49,110474.00,Dar Es Salaam Wholesale,2024-09-30
WHEAT,40.48,105248.00,Mwanza Central Hub,2024-09-30
WHEAT,43.84,113984.00,Arusha North Hub,2024-09-30
WHEAT,41.83,108758.00,Dodoma Wholesale Hub,2024-09-30
WHEAT,39.81,103506.00,Mbeya Border Market,2024-09-30
WHEAT,42.36,110136.00,Tanga Coastal Exchange,2024-09-30
WHEAT,39.09,101634.00,Tabora Grain Yard,2024-09-30
WHEAT,43.73,113698.00,Kigoma Lake Hub,2024-09-30
SORGHUM,37.39,97214.00,Dar Es Salaam Wholesale,2024-09-30
SORGHUM,35.54,92404.00,Mwanza Central Hub,2024-09-30
SORGHUM,38.40,99840.00,Arusha North Hub,2024-09-30
SORGHUM,36.55,95030.00,Dodoma Wholesale Hub,2024-09-30
SORGHUM,34.71,90246.00,Mbeya Border Market,2024-09-30
SORGHUM,36.84,95784.00,Tanga Coastal Exchange,2024-09-30
SORGHUM,33.91,88166.00,Tabora Grain Yard,2024-09-30
SORGHUM,37.84,98384.00,Kigoma Lake Hub,2024-09-30
CASSAVA,26.42,68692.00,Dar Es Salaam Wholesale,2024-09-30
CASSAVA,25.16,65416.00,Mwanza Central Hub,2024-09-30
CASSAVA,27.22,70772.00,Arusha North Hub,2024-09-30
CASSAVA,25.96,67496.00,Dodoma Wholesale Hub,2024-09-30
CASSAVA,24.69,64194.00,Mbeya Border Market,2024-09-30
CASSAVA,26.25,68250.00,Tanga Coastal Exchange,2024-09-30
CASSAVA,24.21,62946.00,Tabora Grain Yard,2024-09-30
CASSAVA,27.06,70356.00,Kigoma Lake Hub,2024-09-30
POTATO,34.77,90402.00,Dar Es Salaam Wholesale,2024-09-30
POTATO,33.08,86008.00,Mwanza Central Hub,2024-09-30
POTATO,35.78,93028.00,Arusha North Hub,2024-09-30
POTATO,34.08,88608.00,Dodoma Wholesale Hub,2024-09-30
POTATO,32.39,84214.00,Mbeya Border Market,2024-09-30
POTATO,34.41,89466.00,Tanga Coastal Exchange,2024-09-30
POTATO,31.70,82420.00,Tabora Grain Yard,2024-09-30
POTATO,35.41,92066.00,Kigoma Lake Hub,2024-09-30
GROUNDNUT,77.40,201240.00,Dar Es Salaam Wholesale,2024-09-30
GROUNDNUT,73.61,191386.00,Mwanza Central Hub,2024-09-30
GROUNDNUT,79.59,206934.00,Arusha North Hub,2024-09-30
GROUNDNUT,75.81,197106.00,Dodoma Wholesale Hub,2024-09-30
GROUNDNUT,72.03,187278.00,Mbeya Border Market,2024-09-30
GROUNDNUT,76.51,198926.00,Tanga Coastal Exchange,2024-09-30
GROUNDNUT,70.49,183274.00,Tabora Grain Yard,2024-09-30
GROUNDNUT,78.72,204672.00,Kigoma Lake Hub,2024-09-30
SUNFLOWER,61.96,161096.00,Dar Es Salaam Wholesale,2024-09-30
SUNFLOWER,59.00,153400.00,Mwanza Central Hub,2024-09-30
SUNFLOWER,63.87,166062.00,Arusha North Hub,2024-09-30
SUNFLOWER,60.90,158340.00,Dodoma Wholesale Hub,2024-09-30
SUNFLOWER,57.93,150618.00,Mbeya Border Market,2024-09-30
SUNFLOWER,61.60,160160.00,Tanga Coastal Exchange,2024-09-30
SUNFLOWER,56.81,147706.00,Tabora Grain Yard,2024-09-30
SUNFLOWER,63.50,165100.00,Kigoma Lake Hub,2024-09-30
COFFEE,81.88,212888.00,Dar Es Salaam Wholesale,2024-09-30
COFFEE,77.81,202306.00,Mwanza Central Hub,2024-09-30
COFFEE,84.06,218556.00,Arusha North Hub,2024-09-30
COFFEE,80.00,208000.00,Dodoma Wholesale Hub,2024-09-30
COFFEE,75.95,197470.00,Mbeya Border Market,2024-09-30
COFFEE,80.60,209560.00,Tanga Coastal Exchange,2024-09-30
COFFEE,74.19,192894.00,Tabora Grain Yard,2024-09-30
COFFEE,82.78,215228.00,Kigoma Lake Hub,2024-09-30
CASHEW,86.97,226122.00,Dar Es Salaam Wholesale,2024-09-30
CASHEW,82.87,215462.00,Mwanza Central Hub,2024-09-30
CASHEW,89.77,233402.00,Arusha North Hub,2024-09-30
CASHEW,85.66,222716.00,Dodoma Wholesale Hub,2024-09-30
CASHEW,81.54,212004.00,Mbeya Border Market,2024-09-30
CASHEW,86.76,225576.00,Tanga Coastal Exchange,2024-09-30
CASHEW,80.07,208182.00,Tabora Grain Yard,2024-09-30
CASHEW,89.56,232856.00,Kigoma Lake Hub,2024-09-30
COCONUT,75.93,197418.00,Dar Es Salaam Wholesale,2024-09-30
COCONUT,72.13,187538.00,Mwanza Central Hub,2024-09-30
COCONUT,77.90,202540.00,Arusha North Hub,2024-09-30
COCONUT,74.11,192686.00,Dodoma Wholesale Hub,2024-09-30
COCONUT,70.34,182884.00,Mbeya Border Market,2024-09-30
COCONUT,74.62,194012.00,Tanga Coastal Exchange,2024-09-30
COCONUT,68.66,178516.00,Tabora Grain Yard,2024-09-30
COCONUT,76.58,199108.00,Kigoma Lake Hub,2024-09-30
MAIZE,40.92,106392.00,Dar Es Salaam Wholesale,2024-10-07
MAIZE,39.00,101400.00,Mwanza Central Hub,2024-10-07
MAIZE,42.25,109850.00,Arusha North Hub,2024-10-07
MAIZE,40.32,104832.00,Dodoma Wholesale Hub,2024-10-07
MAIZE,38.39,99814.00,Mbeya Border Market,2024-10-07
MAIZE,40.85,106210.00,Tanga Coastal Exchange,2024-10-07
MAIZE,37.71,98046.00,Tabora Grain Yard,2024-10-07
MAIZE,42.19,109694.00,Kigoma Lake Hub,2024-10-07
RICE,56.76,147576.00,Dar Es Salaam Wholesale,2024-10-07
RICE,53.91,140166.00,Mwanza Central Hub,2024-10-07
RICE,58.22,151372.00,Arusha North Hub,2024-10-07
RICE,55.38,143988.00,Dodoma Wholesale Hub,2024-10-07
RICE,52.56,136656.00,Mbeya Border Market,2024-10-07
RICE,55.75,144950.00,Tanga Coastal Exchange,2024-10-07
RICE,51.29,133354.00,Tabora Grain Yard,2024-10-07
RICE,57.20,148720.00,Kigoma Lake Hub,2024-10-07
BEANS,66.20,172120.00,Dar Es Salaam Wholesale,2024-10-07
BEANS,63.07,163982.00,Mwanza Central Hub,2024-10-07
BEANS,68.32,177632.00,Arusha North Hub,2024-10-07
BEANS,65.19,169494.00,Dodoma Wholesale Hub,2024-10-07
BEANS,62.05,161330.00,Mbeya Border Market,2024-10-07
BEANS,66.02,171652.00,Tanga Coastal Exchange,2024-10-07
BEANS,60.93,158418.00,Tabora Grain Yard,2024-10-07
BEANS,68.16,177216.00,Kigoma Lake Hub,2024-10-07
WHEAT,45.34,117884.00,Dar Es Salaam Wholesale,2024-10-07
WHEAT,43.09,112034.00,Mwanza Central Hub,2024-10-07
WHEAT,46.56,121056.00,Arusha North Hub,2024-10-07
WHEAT,44.31,115206.00,Dodoma Wholesale Hub,2024-10-07
WHEAT,42.07,109382.00,Mbeya Border Market,2024-10-07
WHEAT,44.64,116064.00,Tanga Coastal Exchange,2024-10-07
WHEAT,41.09,106834.00,Tabora Grain Yard,2024-10-07
WHEAT,45.84,119184.00,Kigoma Lake Hub,2024-10-07
SORGHUM,36.81,95706.00,Dar Es Salaam Wholesale,2024-10-07
SORGHUM,35.05,91130.00,Mwanza Central Hub,2024-10-07
SORGHUM,37.94,98644.00,Arusha North Hub,2024-10-07
SORGHUM,36.18,94068.00,Dodoma Wholesale Hub,2024-10-07
SORGHUM,34.41,89466.00,Mbeya Border Market,2024-10-07
SORGHUM,36.60,95160.00,Tanga Coastal Exchange,2024-10-07
SORGHUM,33.76,87776.00,Tabora Grain Yard,2024-10-07
SORGHUM,37.74,98124.00,Kigoma Lake Hub,2024-10-07
CASSAVA,29.28,76128.00,Dar Es Salaam Wholesale,2024-10-07
CASSAVA,27.85,72410.00,Mwanza Central Hub,2024-10-07
CASSAVA,30.12,78312.00,Arusha North Hub,2024-10-07
CASSAVA,28.69,74594.00,Dodoma Wholesale Hub,2024-10-07
CASSAVA,27.26,70876.00,Mbeya Border Market,2024-10-07
CASSAVA,28.95,75270.00,Tanga Coastal Exchange,2024-10-07
CASSAVA,26.67,69342.00,Tabora Grain Yard,2024-10-07
CASSAVA,29.78,77428.00,Kigoma Lake Hub,2024-10-07
POTATO,32.47,84422.00,Dar Es Salaam Wholesale,2024-10-07
POTATO,30.88,80288.00,Mwanza Central Hub,2024-10-07
POTATO,33.40,86840.00,Arusha North Hub,2024-10-07
POTATO,31.82,82732.00,Dodoma Wholesale Hub,2024-10-07
POTATO,30.24,78624.00,Mbeya Border Market,2024-10-07
POTATO,32.13,83538.00,Tanga Coastal Exchange,2024-10-07
POTATO,29.61,76986.00,Tabora Grain Yard,2024-10-07
POTATO,33.07,85982.00,Kigoma Lake Hub,2024-10-07
GROUNDNUT,82.17,213642.00,Dar Es Salaam Wholesale,2024-10-07
GROUNDNUT,78.23,203398.00,Mwanza Central Hub,2024-10-07
GROUNDNUT,84.67,220142.00,Arusha North Hub,2024-10-07
GROUNDNUT,80.73,209898.00,Dodoma Wholesale Hub,2024-10-07
GROUNDNUT,76.78,199628.00,Mbeya Border Market,2024-10-07
GROUNDNUT,81.62,212212.00,Tanga Coastal Exchange,2024-10-07
GROUNDNUT,75.26,195676.00,Tabora Grain Yard,2024-10-07
GROUNDNUT,84.10,218660.00,Kigoma Lake Hub,2024-10-07
SUNFLOWER,57.67,149942.00,Dar Es Salaam Wholesale,2024-10-07
SUNFLOWER,54.81,142506.00,Mwanza Central Hub,2024-10-07
SUNFLOWER,59.22,153972.00,Arusha North Hub,2024-10-07
SUNFLOWER,56.36,146536.00,Dodoma Wholesale Hub,2024-10-07
SUNFLOWER,53.52,139152.00,Mbeya Border Market,2024-10-07
SUNFLOWER,56.81,147706.00,Tanga Coastal Exchange,2024-10-07
SUNFLOWER,52.30,135980.00,Tabora Grain Yard,2024-10-07
SUNFLOWER,58.36,151736.00,Kigoma Lake Hub,2024-10-07
COFFEE,79.50,206700.00,Dar Es Salaam Wholesale,2024-10-07
COFFEE,75.75,196950.00,Mwanza Central Hub,2024-10-07
COFFEE,82.05,213330.00,Arusha North Hub,2024-10-07
COFFEE,78.28,203528.00,Dodoma Wholesale Hub,2024-10-07
COFFEE,74.51,193726.00,Mbeya Border Market,2024-10-07
COFFEE,79.27,206102.00,Tanga Coastal Exchange,2024-10-07
COFFEE,73.14,190164.00,Tabora Grain Yard,2024-10-07
COFFEE,81.81,212706.00,Kigoma Lake Hub,2024-10-07
CASHEW,86.50,224900.00,Dar Es Salaam Wholesale,2024-10-07
CASHEW,82.18,213668.00,Mwanza Central Hub,2024-10-07
CASHEW,88.75,230750.00,Arusha North Hub,2024-10-07
CASHEW,84.44,219544.00,Dodoma Wholesale Hub,2024-10-07
CASHEW,80.14,208364.00,Mbeya Border Market,2024-10-07
CASHEW,85.02,221052.00,Tanga Coastal Exchange,2024-10-07
CASHEW,78.23,203398.00,Tabora Grain Yard,2024-10-07
CASHEW,87.26,226876.00,Kigoma Lake Hub,2024-10-07
COCONUT,73.43,190918.00,Dar Es Salaam Wholesale,2024-10-07
COCONUT,69.97,181922.00,Mwanza Central Hub,2024-10-07
COCONUT,75.80,197080.00,Arusha North Hub,2024-10-07
COCONUT,72.34,188084.00,Dodoma Wholesale Hub,2024-10-07
COCONUT,68.86,179036.00,Mbeya Border Market,2024-10-07
COCONUT,73.28,190528.00,Tanga Coastal Exchange,2024-10-07
COCONUT,62.44,162344.00,Tabora Grain Yard,2024-10-07
COCONUT,69.86,181636.00,Kigoma Lake Hub,2024-10-07
MAIZE,40.71,105846.00,Dar Es Salaam Wholesale,2024-10-14
MAIZE,38.67,100542.00,Mwanza Central Hub,2024-10-14
MAIZE,41.76,108576.00,Arusha North Hub,2024-10-14
MAIZE,43.03,111878.00,Dodoma Wholesale Hub,2024-10-14
MAIZE,40.84,106184.00,Mbeya Border Market,2024-10-14
MAIZE,43.33,112658.00,Tanga Coastal Exchange,2024-10-14
MAIZE,39.87,103662.00,Tabora Grain Yard,2024-10-14
MAIZE,44.46,115596.00,Kigoma Lake Hub,2024-10-14
RICE,58.96,153296.00,Dar Es Salaam Wholesale,2024-10-14
RICE,56.19,146094.00,Mwanza Central Hub,2024-10-14
RICE,60.86,158236.00,Arusha North Hub,2024-10-14
RICE,58.08,151008.00,Dodoma Wholesale Hub,2024-10-14
RICE,55.29,143754.00,Mbeya Border Market,2024-10-14
RICE,58.83,152958.00,Tanga Coastal Exchange,2024-10-14
RICE,54.30,141180.00,Tabora Grain Yard,2024-10-14
RICE,60.74,157924.00,Kigoma Lake Hub,2024-10-14
BEANS,66.71,173446.00,Dar Es Salaam Wholesale,2024-10-14
BEANS,63.39,164814.00,Mwanza Central Hub,2024-10-14
BEANS,68.48,178048.00,Arusha North Hub,2024-10-14
BEANS,65.16,169416.00,Dodoma Wholesale Hub,2024-10-14
BEANS,61.86,160836.00,Mbeya Border Market,2024-10-14
BEANS,65.64,170664.00,Tanga Coastal Exchange,2024-10-14
BEANS,60.41,157066.00,Tabora Grain Yard,2024-10-14
BEANS,67.38,175188.00,Kigoma Lake Hub,2024-10-14
WHEAT,43.44,112944.00,Dar Es Salaam Wholesale,2024-10-14
WHEAT,41.37,107562.00,Mwanza Central Hub,2024-10-14
WHEAT,44.79,116454.00,Arusha North Hub,2024-10-14
WHEAT,42.71,111046.00,Dodoma Wholesale Hub,2024-10-14
WHEAT,40.64,105664.00,Mbeya Border Market,2024-10-14
WHEAT,43.23,112398.00,Tanga Coastal Exchange,2024-10-14
WHEAT,39.88,103688.00,Tabora Grain Yard,2024-10-14
WHEAT,44.59,115934.00,Kigoma Lake Hub,2024-10-14
SORGHUM,39.42,102492.00,Dar Es Salaam Wholesale,2024-10-14
SORGHUM,37.49,97474.00,Mwanza Central Hub,2024-10-14
SORGHUM,40.53,105378.00,Arusha North Hub,2024-10-14
SORGHUM,38.60,100360.00,Dodoma Wholesale Hub,2024-10-14
SORGHUM,36.67,95342.00,Mbeya Border Market,2024-10-14
SORGHUM,38.93,101218.00,Tanga Coastal Exchange,2024-10-14
SORGHUM,35.86,93236.00,Tabora Grain Yard,2024-10-14
SORGHUM,40.03,104078.00,Kigoma Lake Hub,2024-10-14
CASSAVA,27.08,70408.00,Dar Es Salaam Wholesale,2024-10-14
CASSAVA,25.76,66976.00,Mwanza Central Hub,2024-10-14
CASSAVA,27.86,72436.00,Arusha North Hub,2024-10-14
CASSAVA,26.55,69030.00,Dodoma Wholesale Hub,2024-10-14
CASSAVA,25.24,65624.00,Mbeya Border Market,2024-10-14
CASSAVA,26.82,69732.00,Tanga Coastal Exchange,2024-10-14
CASSAVA,24.72,64272.00,Tabora Grain Yard,2024-10-14
CASSAVA,27.62,71812.00,Kigoma Lake Hub,2024-10-14
POTATO,35.02,91052.00,Dar Es Salaam Wholesale,2024-10-14
POTATO,33.34,86684.00,Mwanza Central Hub,2024-10-14
POTATO,36.08,93808.00,Arusha North Hub,2024-10-14
POTATO,34.39,89414.00,Dodoma Wholesale Hub,2024-10-14
POTATO,32.70,85020.00,Mbeya Border Market,2024-10-14
POTATO,34.76,90376.00,Tanga Coastal Exchange,2024-10-14
POTATO,32.04,83304.00,Tabora Grain Yard,2024-10-14
POTATO,35.80,93080.00,Kigoma Lake Hub,2024-10-14
GROUNDNUT,77.72,202072.00,Dar Es Salaam Wholesale,2024-10-14
GROUNDNUT,73.87,192062.00,Mwanza Central Hub,2024-10-14
GROUNDNUT,79.83,207558.00,Arusha North Hub,2024-10-14
GROUNDNUT,76.00,197600.00,Dodoma Wholesale Hub,2024-10-14
GROUNDNUT,72.17,187642.00,Mbeya Border Market,2024-10-14
GROUNDNUT,76.62,199212.00,Tanga Coastal Exchange,2024-10-14
GROUNDNUT,70.55,183430.00,Tabora Grain Yard,2024-10-14
GROUNDNUT,78.74,204724.00,Kigoma Lake Hub,2024-10-14
SUNFLOWER,59.20,153920.00,Dar Es Salaam Wholesale,2024-10-14
SUNFLOWER,56.39,146614.00,Mwanza Central Hub,2024-10-14
SUNFLOWER,61.07,158782.00,Arusha North Hub,2024-10-14
SUNFLOWER,58.26,151476.00,Dodoma Wholesale Hub,2024-10-14
SUNFLOWER,55.45,144170.00,Mbeya Border Market,2024-10-14
SUNFLOWER,58.98,153348.00,Tanga Coastal Exchange,2024-10-14
SUNFLOWER,54.42,141492.00,Tabora Grain Yard,2024-10-14
SUNFLOWER,60.85,158210.00,Kigoma Lake Hub,2024-10-14
COFFEE,80.80,210080.00,Dar Es Salaam Wholesale,2024-10-14
COFFEE,76.77,199602.00,Mwanza Central Hub,2024-10-14
COFFEE,82.91,215566.00,Arusha North Hub,2024-10-14
COFFEE,78.88,205088.00,Dodoma Wholesale Hub,2024-10-14
COFFEE,74.87,194662.00,Mbeya Border Market,2024-10-14
COFFEE,79.43,206518.00,Tanga Coastal Exchange,2024-10-14
COFFEE,73.10,190060.00,Tabora Grain Yard,2024-10-14
COFFEE,81.54,212004.00,Kigoma Lake Hub,2024-10-14
CASHEW,81.26,211276.00,Dar Es Salaam Wholesale,2024-10-14
CASHEW,77.44,201344.00,Mwanza Central Hub,2024-10-14
CASHEW,83.90,218140.00,Arusha North Hub,2024-10-14
CASHEW,80.08,208208.00,Dodoma Wholesale Hub,2024-10-14
CASHEW,76.24,198224.00,Mbeya Border Market,2024-10-14
CASHEW,81.13,210938.00,Tanga Coastal Exchange,2024-10-14
CASHEW,74.89,194714.00,Tabora Grain Yard,2024-10-14
CASHEW,83.79,217854.00,Kigoma Lake Hub,2024-10-14
COCONUT,70.01,182026.00,Dar Es Salaam Wholesale,2024-10-14
COCONUT,66.51,172926.00,Mwanza Central Hub,2024-10-14
COCONUT,71.83,186758.00,Arusha North Hub,2024-10-14
COCONUT,68.33,177658.00,Dodoma Wholesale Hub,2024-10-14
COCONUT,64.84,168584.00,Mbeya Border Market,2024-10-14
COCONUT,68.79,178854.00,Tanga Coastal Exchange,2024-10-14
COCONUT,63.29,164554.00,Tabora Grain Yard,2024-10-14
COCONUT,70.58,183508.00,Kigoma Lake Hub,2024-10-14
MAIZE,43.16,112216.00,Dar Es Salaam Wholesale,2024-10-21
MAIZE,41.13,106938.00,Mwanza Central Hub,2024-10-21
MAIZE,44.55,115830.00,Arusha North Hub,2024-10-21
MAIZE,42.52,110552.00,Dodoma Wholesale Hub,2024-10-21
MAIZE,40.47,105222.00,Mbeya Border Market,2024-10-21
MAIZE,43.07,111982.00,Tanga Coastal Exchange,2024-10-21
MAIZE,39.75,103350.00,Tabora Grain Yard,2024-10-21
MAIZE,44.47,115622.00,Kigoma Lake Hub,2024-10-21
RICE,58.37,151762.00,Dar Es Salaam Wholesale,2024-10-21
RICE,55.46,144196.00,Mwanza Central Hub,2024-10-21
RICE,59.91,155766.00,Arusha North Hub,2024-10-21
RICE,57.00,148200.00,Dodoma Wholesale Hub,2024-10-21
RICE,54.10,140660.00,Mbeya Border Market,2024-10-21
RICE,57.40,149240.00,Tanga Coastal Exchange,2024-10-21
RICE,52.82,137332.00,Tabora Grain Yard,2024-10-21
RICE,58.91,153166.00,Kigoma Lake Hub,2024-10-21
BEANS,64.81,168506.00,Dar Es Salaam Wholesale,2024-10-21
BEANS,61.73,160498.00,Mwanza Central Hub,2024-10-21
BEANS,66.85,173810.00,Arusha North Hub,2024-10-21
BEANS,63.77,165802.00,Dodoma Wholesale Hub,2024-10-21
BEANS,60.68,157768.00,Mbeya Border Market,2024-10-21
BEANS,64.55,167830.00,Tanga Coastal Exchange,2024-10-21
BEANS,59.56,154856.00,Tabora Grain Yard,2024-10-21
BEANS,66.61,173186.00,Kigoma Lake Hub,2024-10-21
WHEAT,46.11,119886.00,Dar Es Salaam Wholesale,2024-10-21
WHEAT,43.84,113984.00,Mwanza Central Hub,2024-10-21
WHEAT,47.39,123214.00,Arusha North Hub,2024-10-21
WHEAT,45.12,117312.00,Dodoma Wholesale Hub,2024-10-21
WHEAT,42.86,111436.00,Mbeya Border Market,2024-10-21
WHEAT,45.50,118300.00,Tanga Coastal Exchange,2024-10-21
WHEAT,41.90,108940.00,Tabora Grain Yard,2024-10-21
WHEAT,46.76,121576.00,Kigoma Lake Hub,2024-10-21
SORGHUM,36.55,95030.00,Dar Es Salaam Wholesale,2024-10-21
SORGHUM,34.78,90428.00,Mwanza Central Hub,2024-10-21
SORGHUM,37.63,97838.00,Arusha North Hub,2024-10-21
SORGHUM,35.86,93236.00,Dodoma Wholesale Hub,2024-10-21
SORGHUM,34.10,88660.00,Mbeya Border Market,2024-10-21
SORGHUM,36.24,94224.00,Tanga Coastal Exchange,2024-10-21
SORGHUM,33.41,86866.00,Tabora Grain Yard,2024-10-21
SORGHUM,37.33,97058.00,Kigoma Lake Hub,2024-10-21
CASSAVA,29.31,76206.00,Dar Es Salaam Wholesale,2024-10-21
CASSAVA,27.89,72514.00,Mwanza Central Hub,2024-10-21
CASSAVA,30.18,78468.00,Arusha North Hub,2024-10-21
CASSAVA,28.76,74776.00,Dodoma Wholesale Hub,2024-10-21
CASSAVA,27.34,71084.00,Mbeya Border Market,2024-10-21
CASSAVA,29.05,75530.00,Tanga Coastal Exchange,2024-10-21
CASSAVA,26.78,69628.00,Tabora Grain Yard,2024-10-21
CASSAVA,29.92,77792.00,Kigoma Lake Hub,2024-10-21
POTATO,32.81,85306.00,Dar Es Salaam Wholesale,2024-10-21
POTATO,31.20,81120.00,Mwanza Central Hub,2024-10-21
POTATO,33.72,87672.00,Arusha North Hub,2024-10-21
POTATO,32.10,83460.00,Dodoma Wholesale Hub,2024-10-21
POTATO,30.49,79274.00,Mbeya Border Market,2024-10-21
POTATO,32.38,84188.00,Tanga Coastal Exchange,2024-10-21
POTATO,29.82,77532.00,Tabora Grain Yard,2024-10-21
POTATO,33.29,86554.00,Kigoma Lake Hub,2024-10-21
GROUNDNUT,80.95,210470.00,Dar Es Salaam Wholesale,2024-10-21
GROUNDNUT,77.11,200486.00,Mwanza Central Hub,2024-10-21
GROUNDNUT,83.49,217074.00,Arusha North Hub,2024-10-21
GROUNDNUT,79.64,207064.00,Dodoma Wholesale Hub,2024-10-21
GROUNDNUT,75.78,197028.00,Mbeya Border Market,2024-10-21
GROUNDNUT,80.59,209534.00,Tanga Coastal Exchange,2024-10-21
GROUNDNUT,74.35,193310.00,Tabora Grain Yard,2024-10-21
GROUNDNUT,83.13,216138.00,Kigoma Lake Hub,2024-10-21
SUNFLOWER,59.08,153608.00,Dar Es Salaam Wholesale,2024-10-21
SUNFLOWER,56.13,145938.00,Mwanza Central Hub,2024-10-21
SUNFLOWER,60.63,157638.00,Arusha North Hub,2024-10-21
SUNFLOWER,57.69,149994.00,Dodoma Wholesale Hub,2024-10-21
SUNFLOWER,54.76,142376.00,Mbeya Border Market,2024-10-21
SUNFLOWER,58.10,151060.00,Tanga Coastal Exchange,2024-10-21
SUNFLOWER,53.47,139022.00,Tabora Grain Yard,2024-10-21
SUNFLOWER,59.65,155090.00,Kigoma Lake Hub,2024-10-21
COFFEE,77.47,201422.00,Dar Es Salaam Wholesale,2024-10-21
COFFEE,73.83,191958.00,Mwanza Central Hub,2024-10-21
COFFEE,79.99,207974.00,Arusha North Hub,2024-10-21
COFFEE,76.34,198484.00,Dodoma Wholesale Hub,2024-10-21
COFFEE,72.67,188942.00,Mbeya Border Market,2024-10-21
COFFEE,77.34,201084.00,Tanga Coastal Exchange,2024-10-21
COFFEE,71.38,185588.00,Tabora Grain Yard,2024-10-21
COFFEE,79.86,207636.00,Kigoma Lake Hub,2024-10-21
CASHEW,82.24,213824.00,Dar Es Salaam Wholesale,2024-10-21
CASHEW,78.12,203112.00,Mwanza Central Hub,2024-10-21
CASHEW,84.36,219336.00,Arusha North Hub,2024-10-21
CASHEW,80.25,208650.00,Dodoma Wholesale Hub,2024-10-21
CASHEW,76.15,197990.00,Mbeya Border Market,2024-10-21
CASHEW,80.78,210028.00,Tanga Coastal Exchange,2024-10-21
CASHEW,74.32,193232.00,Tabora Grain Yard,2024-10-21
CASHEW,82.88,215488.00,Kigoma Lake Hub,2024-10-21
COCONUT,71.59,186134.00,Dar Es Salaam Wholesale,2024-10-21
COCONUT,68.21,177346.00,Mwanza Central Hub,2024-10-21
COCONUT,73.89,192114.00,Arusha North Hub,2024-10-21
COCONUT,70.51,183326.00,Dodoma Wholesale Hub,2024-10-21
COCONUT,67.11,174486.00,Mbeya Border Market,2024-10-21
COCONUT,71.41,185666.00,Tanga Coastal Exchange,2024-10-21
COCONUT,65.91,171366.00,Tabora Grain Yard,2024-10-21
COCONUT,73.73,191698.00,Kigoma Lake Hub,2024-10-21
MAIZE,41.92,108992.00,Dar Es Salaam Wholesale,2024-10-28
MAIZE,39.83,103558.00,Mwanza Central Hub,2024-10-28
MAIZE,43.02,111852.00,Arusha North Hub,2024-10-28
MAIZE,40.93,106418.00,Dodoma Wholesale Hub,2024-10-28
MAIZE,38.84,100984.00,Mbeya Border Market,2024-10-28
MAIZE,41.21,107146.00,Tanga Coastal Exchange,2024-10-28
MAIZE,37.92,98592.00,Tabora Grain Yard,2024-10-28
MAIZE,42.29,109954.00,Kigoma Lake Hub,2024-10-28
RICE,57.62,149812.00,Dar Es Salaam Wholesale,2024-10-28
RICE,54.89,142714.00,Mwanza Central Hub,2024-10-28
RICE,59.45,154570.00,Arusha North Hub,2024-10-28
RICE,56.72,147472.00,Dodoma Wholesale Hub,2024-10-28
RICE,53.98,140348.00,Mbeya Border Market,2024-10-28
RICE,57.43,149318.00,Tanga Coastal Exchange,2024-10-28
RICE,52.99,137774.00,Tabora Grain Yard,2024-10-28
RICE,59.27,154102.00,Kigoma Lake Hub,2024-10-28
BEANS,68.04,176904.00,Dar Es Salaam Wholesale,2024-10-28
BEANS,64.68,168168.00,Mwanza Central Hub,2024-10-28
BEANS,69.90,181740.00,Arusha North Hub,2024-10-28
BEANS,66.54,173004.00,Dodoma Wholesale Hub,2024-10-28
BEANS,63.19,164294.00,Mbeya Border Market,2024-10-28
BEANS,67.08,174408.00,Tanga Coastal Exchange,2024-10-28
BEANS,61.76,160576.00,Tabora Grain Yard,2024-10-28
BEANS,68.92,179192.00,Kigoma Lake Hub,2024-10-28
WHEAT,42.98,111748.00,Dar Es Salaam Wholesale,2024-10-28
WHEAT,40.91,106366.00,Mwanza Central Hub,2024-10-28
WHEAT,44.27,115102.00,Arusha North Hub,2024-10-28
WHEAT,42.20,109720.00,Dodoma Wholesale Hub,2024-10-28
WHEAT,40.13,104338.00,Mbeya Border Market,2024-10-28
WHEAT,42.66,110916.00,Tanga Coastal Exchange,2024-10-28
WHEAT,39.34,102284.00,Tabora Grain Yard,2024-10-28
WHEAT,43.97,114322.00,Kigoma Lake Hub,2024-10-28
SORGHUM,39.59,102934.00,Dar Es Salaam Wholesale,2024-10-28
SORGHUM,37.67,97942.00,Mwanza Central Hub,2024-10-28
SORGHUM,40.75,105950.00,Arusha North Hub,2024-10-28
SORGHUM,38.83,100958.00,Dodoma Wholesale Hub,2024-10-28
SORGHUM,36.90,95940.00,Mbeya Border Market,2024-10-28
SORGHUM,39.21,101946.00,Tanga Coastal Exchange,2024-10-28
SORGHUM,36.13,93938.00,Tabora Grain Yard,2024-10-28
SORGHUM,40.36,104936.00,Kigoma Lake Hub,2024-10-28
CASSAVA,27.26,70876.00,Dar Es Salaam Wholesale,2024-10-28
CASSAVA,25.93,67418.00,Mwanza Central Hub,2024-10-28
CASSAVA,28.03,72878.00,Arusha North Hub,2024-10-28
CASSAVA,26.69,69394.00,Dodoma Wholesale Hub,2024-10-28
CASSAVA,25.36,65936.00,Mbeya Border Market,2024-10-28
CASSAVA,26.93,70018.00,Tanga Coastal Exchange,2024-10-28
CASSAVA,24.81,64506.00,Tabora Grain Yard,2024-10-28
CASSAVA,27.70,72020.00,Kigoma Lake Hub,2024-10-28
POTATO,34.61,89986.00,Dar Es Salaam Wholesale,2024-10-28
POTATO,32.96,85696.00,Mwanza Central Hub,2024-10-28
POTATO,35.69,92794.00,Arusha North Hub,2024-10-28
POTATO,34.03,88478.00,Dodoma Wholesale Hub,2024-10-28
POTATO,32.38,84188.00,Mbeya Border Market,2024-10-28
POTATO,34.43,89518.00,Tanga Coastal Exchange,2024-10-28
POTATO,31.76,82576.00,Tabora Grain Yard,2024-10-28
POTATO,35.50,92300.00,Kigoma Lake Hub,2024-10-28
GROUNDNUT,79.45,206570.00,Dar Es Salaam Wholesale,2024-10-28
GROUNDNUT,75.49,196274.00,Mwanza Central Hub,2024-10-28
GROUNDNUT,81.55,212030.00,Arusha North Hub,2024-10-28
GROUNDNUT,77.60,201760.00,Dodoma Wholesale Hub,2024-10-28
GROUNDNUT,73.66,191516.00,Mbeya Border Market,2024-10-28
GROUNDNUT,78.17,203242.00,Tanga Coastal Exchange,2024-10-28
GROUNDNUT,71.95,187070.00,Tabora Grain Yard,2024-10-28
GROUNDNUT,80.27,208702.00,Kigoma Lake Hub,2024-10-28
SUNFLOWER,57.78,150228.00,Dar Es Salaam Wholesale,2024-10-28
SUNFLOWER,55.06,143156.00,Mwanza Central Hub,2024-10-28
SUNFLOWER,59.65,155090.00,Arusha North Hub,2024-10-28
SUNFLOWER,56.92,147992.00,Dodoma Wholesale Hub,2024-10-28
SUNFLOWER,54.18,140868.00,Mbeya Border Market,2024-10-28
SUNFLOWER,57.66,149916.00,Tanga Coastal Exchange,2024-10-28
SUNFLOWER,53.21,138346.00,Tabora Grain Yard,2024-10-28
SUNFLOWER,59.53,154778.00,Kigoma Lake Hub,2024-10-28
COFFEE,76.76,199576.00,Dar Es Salaam Wholesale,2024-10-28
COFFEE,72.91,189566.00,Mwanza Central Hub,2024-10-28
COFFEE,85.30,221780.00,Arusha North Hub,2024-10-28
COFFEE,81.15,210990.00,Dodoma Wholesale Hub,2024-10-28
COFFEE,77.01,200226.00,Mbeya Border Market,2024-10-28
COFFEE,81.70,212420.00,Tanga Coastal Exchange,2024-10-28
COFFEE,75.18,195468.00,Tabora Grain Yard,2024-10-28
COFFEE,83.85,218010.00,Kigoma Lake Hub,2024-10-28
CASHEW,85.77,223002.00,Dar Es Salaam Wholesale,2024-10-28
CASHEW,81.73,212498.00,Mwanza Central Hub,2024-10-28
CASHEW,88.53,230178.00,Arusha North Hub,2024-10-28
CASHEW,84.48,219648.00,Dodoma Wholesale Hub,2024-10-28
CASHEW,80.42,209092.00,Mbeya Border Market,2024-10-28
CASHEW,85.58,222508.00,Tanga Coastal Exchange,2024-10-28
CASHEW,78.99,205374.00,Tabora Grain Yard,2024-10-28
CASHEW,88.36,229736.00,Kigoma Lake Hub,2024-10-28
COCONUT,71.90,186940.00,Dar Es Salaam Wholesale,2024-10-28
COCONUT,68.33,177658.00,Mwanza Central Hub,2024-10-28
COCONUT,73.81,191906.00,Arusha North Hub,2024-10-28
COCONUT,70.24,182624.00,Dodoma Wholesale Hub,2024-10-28
COCONUT,66.67,173342.00,Mbeya Border Market,2024-10-28
COCONUT,70.74,183924.00,Tanga Coastal Exchange,2024-10-28
COCONUT,65.10,169260.00,Tabora Grain Yard,2024-10-28
COCONUT,72.62,188812.00,Kigoma Lake Hub,2024-10-28
MAIZE,42.61,110786.00,Dar Es Salaam Wholesale,2024-11-04
MAIZE,40.60,105560.00,Mwanza Central Hub,2024-11-04
MAIZE,43.97,114322.00,Arusha North Hub,2024-11-04
MAIZE,41.95,109070.00,Dodoma Wholesale Hub,2024-11-04
MAIZE,39.93,103818.00,Mbeya Border Market,2024-11-04
MAIZE,42.49,110474.00,Tanga Coastal Exchange,2024-11-04
MAIZE,39.21,101946.00,Tabora Grain Yard,2024-11-04
MAIZE,43.86,114036.00,Kigoma Lake Hub,2024-11-04
RICE,61.57,160082.00,Dar Es Salaam Wholesale,2024-11-04
RICE,58.52,152152.00,Mwanza Central Hub,2024-11-04
RICE,63.24,164424.00,Arusha North Hub,2024-11-04
RICE,60.19,156494.00,Dodoma Wholesale Hub,2024-11-04
RICE,57.15,148590.00,Mbeya Border Market,2024-11-04
RICE,60.66,157716.00,Tanga Coastal Exchange,2024-11-04
RICE,55.84,145184.00,Tabora Grain Yard,2024-11-04
RICE,62.30,161980.00,Kigoma Lake Hub,2024-11-04
BEANS,66.58,173108.00,Dar Es Salaam Wholesale,2024-11-04
BEANS,63.39,164814.00,Mwanza Central Hub,2024-11-04
BEANS,68.61,178386.00,Arusha North Hub,2024-11-04
BEANS,65.42,170092.00,Dodoma Wholesale Hub,2024-11-04
BEANS,62.22,161772.00,Mbeya Border Market,2024-11-04
BEANS,66.16,172016.00,Tanga Coastal Exchange,2024-11-04
BEANS,61.02,158652.00,Tabora Grain Yard,2024-11-04
BEANS,68.21,177346.00,Kigoma Lake Hub,2024-11-04
WHEAT,48.33,125658.00,Dar Es Salaam Wholesale,2024-11-04
WHEAT,45.98,119548.00,Mwanza Central Hub,2024-11-04
WHEAT,49.72,129272.00,Arusha North Hub,2024-11-04
WHEAT,47.37,123162.00,Dodoma Wholesale Hub,2024-11-04
WHEAT,45.01,117026.00,Mbeya Border Market,2024-11-04
WHEAT,47.82,124332.00,Tanga Coastal Exchange,2024-11-04
WHEAT,44.05,114530.00,Tabora Grain Yard,2024-11-04
WHEAT,49.20,127920.00,Kigoma Lake Hub,2024-11-04
SORGHUM,37.69,97994.00,Dar Es Salaam Wholesale,2024-11-04
SORGHUM,35.85,93210.00,Mwanza Central Hub,2024-11-04
SORGHUM,38.76,100776.00,Arusha North Hub,2024-11-04
SORGHUM,36.92,95992.00,Dodoma Wholesale Hub,2024-11-04
SORGHUM,35.09,91234.00,Mbeya Border Market,2024-11-04
SORGHUM,37.27,96902.00,Tanga Coastal Exchange,2024-11-04
SORGHUM,34.34,89284.00,Tabora Grain Yard,2024-11-04
SORGHUM,38.35,99710.00,Kigoma Lake Hub,2024-11-04
CASSAVA,29.35,76310.00,Dar Es Salaam Wholesale,2024-11-04
CASSAVA,27.94,72644.00,Mwanza Central Hub,2024-11-04
CASSAVA,30.25,78650.00,Arusha North Hub,2024-11-04
CASSAVA,28.84,74984.00,Dodoma Wholesale Hub,2024-11-04
CASSAVA,27.43,71318.00,Mbeya Border Market,2024-11-04
CASSAVA,29.17,75842.00,Tanga Coastal Exchange,2024-11-04
CASSAVA,26.90,69940.00,Tabora Grain Yard,2024-11-04
CASSAVA,30.07,78182.00,Kigoma Lake Hub,2024-11-04
POTATO,33.12,86112.00,Dar Es Salaam Wholesale,2024-11-04
POTATO,31.48,81848.00,Mwanza Central Hub,2024-11-04
POTATO,34.01,88426.00,Arusha North Hub,2024-11-04
POTATO,32.37,84162.00,Dodoma Wholesale Hub,2024-11-04
POTATO,30.73,79898.00,Mbeya Border Market,2024-11-04
POTATO,32.61,84786.00,Tanga Coastal Exchange,2024-11-04
POTATO,30.02,78052.00,Tabora Grain Yard,2024-11-04
POTATO,33.50,87100.00,Kigoma Lake Hub,2024-11-04
GROUNDNUT,77.00,200200.00,Dar Es Salaam Wholesale,2024-11-04
GROUNDNUT,73.37,190762.00,Mwanza Central Hub,2024-11-04
GROUNDNUT,79.48,206648.00,Arusha North Hub,2024-11-04
GROUNDNUT,75.84,197184.00,Dodoma Wholesale Hub,2024-11-04
GROUNDNUT,72.19,187694.00,Mbeya Border Market,2024-11-04
GROUNDNUT,76.80,199680.00,Tanga Coastal Exchange,2024-11-04
GROUNDNUT,70.88,184288.00,Tabora Grain Yard,2024-11-04
GROUNDNUT,79.28,206128.00,Kigoma Lake Hub,2024-11-04
SUNFLOWER,58.42,151892.00,Dar Es Salaam Wholesale,2024-11-04
SUNFLOWER,55.50,144300.00,Mwanza Central Hub,2024-11-04
SUNFLOWER,59.94,155844.00,Arusha North Hub,2024-11-04
SUNFLOWER,57.02,148252.00,Dodoma Wholesale Hub,2024-11-04
SUNFLOWER,54.12,140712.00,Mbeya Border Market,2024-11-04
SUNFLOWER,57.41,149266.00,Tanga Coastal Exchange,2024-11-04
SUNFLOWER,52.83,137358.00,Tabora Grain Yard,2024-11-04
SUNFLOWER,58.92,153192.00,Kigoma Lake Hub,2024-11-04
COFFEE,78.44,203944.00,Dar Es Salaam Wholesale,2024-11-04
COFFEE,74.74,194324.00,Mwanza Central Hub,2024-11-04
COFFEE,80.97,210522.00,Arusha North Hub,2024-11-04
COFFEE,77.27,200902.00,Dodoma Wholesale Hub,2024-11-04
COFFEE,73.55,191230.00,Mbeya Border Market,2024-11-04
COFFEE,78.27,203502.00,Tanga Coastal Exchange,2024-11-04
COFFEE,72.24,187824.00,Tabora Grain Yard,2024-11-04
COFFEE,80.82,210132.00,Kigoma Lake Hub,2024-11-04
CASHEW,82.02,213252.00,Dar Es Salaam Wholesale,2024-11-04
CASHEW,77.93,202618.00,Mwanza Central Hub,2024-11-04
CASHEW,84.18,218868.00,Arusha North Hub,2024-11-04
CASHEW,80.09,208234.00,Dodoma Wholesale Hub,2024-11-04
CASHEW,76.02,197652.00,Mbeya Border Market,2024-11-04
CASHEW,80.65,209690.00,Tanga Coastal Exchange,2024-11-04
CASHEW,74.21,192946.00,Tabora Grain Yard,2024-11-04
CASHEW,82.77,215202.00,Kigoma Lake Hub,2024-11-04
COCONUT,69.26,180076.00,Dar Es Salaam Wholesale,2024-11-04
COCONUT,65.97,171522.00,Mwanza Central Hub,2024-11-04
COCONUT,71.44,185744.00,Arusha North Hub,2024-11-04
COCONUT,68.15,177190.00,Dodoma Wholesale Hub,2024-11-04
COCONUT,64.85,168610.00,Mbeya Border Market,2024-11-04
COCONUT,68.99,179374.00,Tanga Coastal Exchange,2024-11-04
COCONUT,63.66,165516.00,Tabora Grain Yard,2024-11-04
COCONUT,71.19,185094.00,Kigoma Lake Hub,2024-11-04
MAIZE,43.48,113048.00,Dar Es Salaam Wholesale,2024-11-11
MAIZE,41.32,107432.00,Mwanza Central Hub,2024-11-11
MAIZE,44.64,116064.00,Arusha North Hub,2024-11-11
MAIZE,42.48,110448.00,Dodoma Wholesale Hub,2024-11-11
MAIZE,40.33,104858.00,Mbeya Border Market,2024-11-11
MAIZE,42.80,111280.00,Tanga Coastal Exchange,2024-11-11
MAIZE,39.39,102414.00,Tabora Grain Yard,2024-11-11
MAIZE,43.95,114270.00,Kigoma Lake Hub,2024-11-11
RICE,58.45,151970.00,Dar Es Salaam Wholesale,2024-11-11
RICE,55.65,144690.00,Mwanza Central Hub,2024-11-11
RICE,60.25,156650.00,Arusha North Hub,2024-11-11
RICE,57.45,149370.00,Dodoma Wholesale Hub,2024-11-11
RICE,54.66,142116.00,Mbeya Border Market,2024-11-11
RICE,58.13,151138.00,Tanga Coastal Exchange,2024-11-11
RICE,53.62,139412.00,Tabora Grain Yard,2024-11-11
RICE,59.95,155870.00,Kigoma Lake Hub,2024-11-11
BEANS,71.67,186342.00,Dar Es Salaam Wholesale,2024-11-11
BEANS,68.17,177242.00,Mwanza Central Hub,2024-11-11
BEANS,73.71,191646.00,Arusha North Hub,2024-11-11
BEANS,70.21,182546.00,Dodoma Wholesale Hub,2024-11-11
BEANS,66.70,173420.00,Mbeya Border Market,2024-11-11
BEANS,70.84,184184.00,Tanga Coastal Exchange,2024-11-11
BEANS,65.26,169676.00,Tabora Grain Yard,2024-11-11
BEANS,72.86,189436.00,Kigoma Lake Hub,2024-11-11
WHEAT,44.67,116142.00,Dar Es Salaam Wholesale,2024-11-11
WHEAT,42.49,110474.00,Mwanza Central Hub,2024-11-11
WHEAT,45.96,119496.00,Arusha North Hub,2024-11-11
WHEAT,43.78,113828.00,Dodoma Wholesale Hub,2024-11-11
WHEAT,41.61,108186.00,Mbeya Border Market,2024-11-11
WHEAT,44.21,114946.00,Tanga Coastal Exchange,2024-11-11
WHEAT,40.74,105924.00,Tabora Grain Yard,2024-11-11
WHEAT,45.51,118326.00,Kigoma Lake Hub,2024-11-11
SORGHUM,40.49,105274.00,Dar Es Salaam Wholesale,2024-11-11
SORGHUM,38.55,100230.00,Mwanza Central Hub,2024-11-11
SORGHUM,41.72,108472.00,Arusha North Hub,2024-11-11
SORGHUM,39.77,103402.00,Dodoma Wholesale Hub,2024-11-11
SORGHUM,37.82,98332.00,Mbeya Border Market,2024-11-11
SORGHUM,40.21,104546.00,Tanga Coastal Exchange,2024-11-11
SORGHUM,37.07,96382.00,Tabora Grain Yard,2024-11-11
SORGHUM,41.43,107718.00,Kigoma Lake Hub,2024-11-11
CASSAVA,27.99,72774.00,Dar Es Salaam Wholesale,2024-11-11
CASSAVA,26.61,69186.00,Mwanza Central Hub,2024-11-11
CASSAVA,28.75,74750.00,Arusha North Hub,2024-11-11
CASSAVA,27.36,71136.00,Dodoma Wholesale Hub,2024-11-11
CASSAVA,25.98,67548.00,Mbeya Border Market,2024-11-11
CASSAVA,27.58,71708.00,Tanga Coastal Exchange,2024-11-11
CASSAVA,25.39,66014.00,Tabora Grain Yard,2024-11-11
CASSAVA,28.34,73684.00,Kigoma Lake Hub,2024-11-11
POTATO,33.59,87334.00,Dar Es Salaam Wholesale,2024-11-11
POTATO,32.01,83226.00,Mwanza Central Hub,2024-11-11
POTATO,34.67,90142.00,Arusha North Hub,2024-11-11
POTATO,33.07,85982.00,Dodoma Wholesale Hub,2024-11-11
POTATO,31.48,81848.00,Mbeya Border Market,2024-11-11
POTATO,33.49,87074.00,Tanga Coastal Exchange,2024-11-11
POTATO,30.90,80340.00,Tabora Grain Yard,2024-11-11
POTATO,34.56,89856.00,Kigoma Lake Hub,2024-11-11
GROUNDNUT,79.39,206414.00,Dar Es Salaam Wholesale,2024-11-11
GROUNDNUT,75.42,196092.00,Mwanza Central Hub,2024-11-11
GROUNDNUT,81.45,211770.00,Arusha North Hub,2024-11-11
GROUNDNUT,77.49,201474.00,Dodoma Wholesale Hub,2024-11-11
GROUNDNUT,73.55,191230.00,Mbeya Border Market,2024-11-11
GROUNDNUT,78.03,202878.00,Tanga Coastal Exchange,2024-11-11
GROUNDNUT,71.80,186680.00,Tabora Grain Yard,2024-11-11
GROUNDNUT,80.09,208234.00,Kigoma Lake Hub,2024-11-11
SUNFLOWER,58.57,152282.00,Dar Es Salaam Wholesale,2024-11-11
SUNFLOWER,55.81,145106.00,Mwanza Central Hub,2024-11-11
SUNFLOWER,60.46,157196.00,Arusha North Hub,2024-11-11
SUNFLOWER,57.70,150020.00,Dodoma Wholesale Hub,2024-11-11
SUNFLOWER,50.70,131820.00,Mbeya Border Market,2024-11-11
SUNFLOWER,53.96,140296.00,Tanga Coastal Exchange,2024-11-11
SUNFLOWER,49.81,129506.00,Tabora Grain Yard,2024-11-11
SUNFLOWER,55.73,144898.00,Kigoma Lake Hub,2024-11-11
COFFEE,75.90,197340.00,Dar Es Salaam Wholesale,2024-11-11
COFFEE,72.11,187486.00,Mwanza Central Hub,2024-11-11
COFFEE,77.88,202488.00,Arusha North Hub,2024-11-11
COFFEE,74.09,192634.00,Dodoma Wholesale Hub,2024-11-11
COFFEE,70.31,182806.00,Mbeya Border Market,2024-11-11
COFFEE,74.59,193934.00,Tanga Coastal Exchange,2024-11-11
COFFEE,68.64,178464.00,Tabora Grain Yard,2024-11-11
COFFEE,76.55,199030.00,Kigoma Lake Hub,2024-11-11
CASHEW,81.24,211224.00,Dar Es Salaam Wholesale,2024-11-11
CASHEW,77.39,201214.00,Mwanza Central Hub,2024-11-11
CASHEW,83.82,217932.00,Arusha North Hub,2024-11-11
CASHEW,79.97,207922.00,Dodoma Wholesale Hub,2024-11-11
CASHEW,76.11,197886.00,Mbeya Border Market,2024-11-11
CASHEW,80.97,210522.00,Tanga Coastal Exchange,2024-11-11
CASHEW,74.72,194272.00,Tabora Grain Yard,2024-11-11
CASHEW,83.57,217282.00,Kigoma Lake Hub,2024-11-11
COCONUT,72.53,188578.00,Dar Es Salaam Wholesale,2024-11-11
COCONUT,68.95,179270.00,Mwanza Central Hub,2024-11-11
COCONUT,74.51,193726.00,Arusha North Hub,2024-11-11
COCONUT,70.93,184418.00,Dodoma Wholesale Hub,2024-11-11
COCONUT,67.36,175136.00,Mbeya Border Market,2024-11-11
COCONUT,71.50,185900.00,Tanga Coastal Exchange,2024-11-11
COCONUT,65.83,171158.00,Tabora Grain Yard,2024-11-11
COCONUT,73.46,190996.00,Kigoma Lake Hub,2024-11-11
MAIZE,41.79,108654.00,Dar Es Salaam Wholesale,2024-11-18
MAIZE,39.80,103480.00,Mwanza Central Hub,2024-11-18
MAIZE,43.09,112034.00,Arusha North Hub,2024-11-18
MAIZE,41.10,106860.00,Dodoma Wholesale Hub,2024-11-18
MAIZE,39.11,101686.00,Mbeya Border Market,2024-11-18
MAIZE,41.60,108160.00,Tanga Coastal Exchange,2024-11-18
MAIZE,38.38,99788.00,Tabora Grain Yard,2024-11-18
MAIZE,42.91,111566.00,Kigoma Lake Hub,2024-11-18
RICE,62.47,162422.00,Dar Es Salaam Wholesale,2024-11-18
RICE,59.41,154466.00,Mwanza Central Hub,2024-11-18
RICE,64.22,166972.00,Arusha North Hub,2024-11-18
RICE,61.16,159016.00,Dodoma Wholesale Hub,2024-11-18
RICE,58.10,151060.00,Mbeya Border Market,2024-11-18
RICE,61.69,160394.00,Tanga Coastal Exchange,2024-11-18
RICE,56.81,147706.00,Tabora Grain Yard,2024-11-18
RICE,63.42,164892.00,Kigoma Lake Hub,2024-11-18
BEANS,66.29,172354.00,Dar Es Salaam Wholesale,2024-11-18
BEANS,63.08,164008.00,Mwanza Central Hub,2024-11-18
BEANS,68.23,177398.00,Arusha North Hub,2024-11-18
BEANS,65.02,169052.00,Dodoma Wholesale Hub,2024-11-18
BEANS,61.81,160706.00,Mbeya Border Market,2024-11-18
BEANS,65.69,170794.00,Tanga Coastal Exchange,2024-11-18
BEANS,60.55,157430.00,Tabora Grain Yard,2024-11-18
BEANS,67.65,175890.00,Kigoma Lake Hub,2024-11-18
WHEAT,48.24,125424.00,Dar Es Salaam Wholesale,2024-11-18
WHEAT,45.92,119392.00,Mwanza Central Hub,2024-11-18
WHEAT,49.69,129194.00,Arusha North Hub,2024-11-18
WHEAT,47.36,123136.00,Dodoma Wholesale Hub,2024-11-18
WHEAT,45.03,117078.00,Mbeya Border Market,2024-11-18
WHEAT,47.86,124436.00,Tanga Coastal Exchange,2024-11-18
WHEAT,44.12,114712.00,Tabora Grain Yard,2024-11-18
WHEAT,49.29,128154.00,Kigoma Lake Hub,2024-11-18
SORGHUM,38.20,99320.00,Dar Es Salaam Wholesale,2024-11-18
SORGHUM,36.31,94406.00,Mwanza Central Hub,2024-11-18
SORGHUM,39.24,102024.00,Arusha North Hub,2024-11-18
SORGHUM,37.36,97136.00,Dodoma Wholesale Hub,2024-11-18
SORGHUM,35.48,92248.00,Mbeya Border Market,2024-11-18
SORGHUM,37.66,97916.00,Tanga Coastal Exchange,2024-11-18
SORGHUM,34.68,90168.00,Tabora Grain Yard,2024-11-18
SORGHUM,38.71,100646.00,Kigoma Lake Hub,2024-11-18
CASSAVA,28.85,75010.00,Dar Es Salaam Wholesale,2024-11-18
CASSAVA,27.48,71448.00,Mwanza Central Hub,2024-11-18
CASSAVA,29.76,77376.00,Arusha North Hub,2024-11-18
CASSAVA,28.39,73814.00,Dodoma Wholesale Hub,2024-11-18
CASSAVA,27.02,70252.00,Mbeya Border Market,2024-11-18
CASSAVA,28.74,74724.00,Tanga Coastal Exchange,2024-11-18
CASSAVA,26.51,68926.00,Tabora Grain Yard,2024-11-18
CASSAVA,29.65,77090.00,Kigoma Lake Hub,2024-11-18
POTATO,33.98,88348.00,Dar Es Salaam Wholesale,2024-11-18
POTATO,32.29,83954.00,Mwanza Central Hub,2024-11-18
POTATO,34.87,90662.00,Arusha North Hub,2024-11-18
POTATO,33.18,86268.00,Dodoma Wholesale Hub,2024-11-18
POTATO,31.49,81874.00,Mbeya Border Market,2024-11-18
POTATO,33.41,86866.00,Tanga Coastal Exchange,2024-11-18
POTATO,30.75,79950.00,Tabora Grain Yard,2024-11-18
POTATO,34.30,89180.00,Kigoma Lake Hub,2024-11-18
GROUNDNUT,74.96,194896.00,Dar Es Salaam Wholesale,2024-11-18
GROUNDNUT,71.44,185744.00,Mwanza Central Hub,2024-11-18
GROUNDNUT,77.40,201240.00,Arusha North Hub,2024-11-18
GROUNDNUT,73.87,192062.00,Dodoma Wholesale Hub,2024-11-18
GROUNDNUT,70.33,182858.00,Mbeya Border Market,2024-11-18
GROUNDNUT,74.84,194584.00,Tanga Coastal Exchange,2024-11-18
GROUNDNUT,69.09,179634.00,Tabora Grain Yard,2024-11-18
GROUNDNUT,77.29,200954.00,Kigoma Lake Hub,2024-11-18
SUNFLOWER,55.56,144456.00,Dar Es Salaam Wholesale,2024-11-18
SUNFLOWER,52.78,137228.00,Mwanza Central Hub,2024-11-18
SUNFLOWER,57.00,148200.00,Arusha North Hub,2024-11-18
SUNFLOWER,54.22,140972.00,Dodoma Wholesale Hub,2024-11-18
SUNFLOWER,51.45,133770.00,Mbeya Border Market,2024-11-18
SUNFLOWER,54.58,141908.00,Tanga Coastal Exchange,2024-11-18
SUNFLOWER,50.22,130572.00,Tabora Grain Yard,2024-11-18
SUNFLOWER,56.01,145626.00,Kigoma Lake Hub,2024-11-18
COFFEE,76.53,198978.00,Dar Es Salaam Wholesale,2024-11-18
COFFEE,72.91,189566.00,Mwanza Central Hub,2024-11-18
COFFEE,78.97,205322.00,Arusha North Hub,2024-11-18
COFFEE,75.35,195910.00,Dodoma Wholesale Hub,2024-11-18
COFFEE,71.72,186472.00,Mbeya Border Market,2024-11-18
COFFEE,76.31,198406.00,Tanga Coastal Exchange,2024-11-18
COFFEE,70.42,183092.00,Tabora Grain Yard,2024-11-18
COFFEE,78.78,204828.00,Kigoma Lake Hub,2024-11-18
CASHEW,83.92,218192.00,Dar Es Salaam Wholesale,2024-11-18
CASHEW,79.76,207376.00,Mwanza Central Hub,2024-11-18
CASHEW,86.19,224094.00,Arusha North Hub,2024-11-18
CASHEW,82.03,213278.00,Dodoma Wholesale Hub,2024-11-18
CASHEW,77.89,202514.00,Mbeya Border Market,2024-11-18
CASHEW,82.66,214916.00,Tanga Coastal Exchange,2024-11-18
CASHEW,76.09,197834.00,Tabora Grain Yard,2024-11-18
CASHEW,84.90,220740.00,Kigoma Lake Hub,2024-11-18
COCONUT,68.27,177502.00,Dar Es Salaam Wholesale,2024-11-18
COCONUT,65.00,169000.00,Mwanza Central Hub,2024-11-18
COCONUT,70.35,182910.00,Arusha North Hub,2024-11-18
COCONUT,67.08,174408.00,Dodoma Wholesale Hub,2024-11-18
COCONUT,63.80,165880.00,Mbeya Border Market,2024-11-18
COCONUT,67.84,176384.00,Tanga Coastal Exchange,2024-11-18
COCONUT,62.57,162682.00,Tabora Grain Yard,2024-11-18
COCONUT,69.95,181870.00,Kigoma Lake Hub,2024-11-18
MAIZE,44.25,115050.00,Dar Es Salaam Wholesale,2024-11-25
MAIZE,42.07,109382.00,Mwanza Central Hub,2024-11-25
MAIZE,45.47,118222.00,Arusha North Hub,2024-11-25
MAIZE,43.29,112554.00,Dodoma Wholesale Hub,2024-11-25
MAIZE,41.12,106912.00,Mbeya Border Market,2024-11-25
MAIZE,43.65,113490.00,Tanga Coastal Exchange,2024-11-25
MAIZE,40.20,104520.00,Tabora Grain Yard,2024-11-25
MAIZE,44.86,116636.00,Kigoma Lake Hub,2024-11-25
RICE,57.98,150748.00,Dar Es Salaam Wholesale,2024-11-25
RICE,55.18,143468.00,Mwanza Central Hub,2024-11-25
RICE,59.70,155220.00,Arusha North Hub,2024-11-25
RICE,56.90,147940.00,Dodoma Wholesale Hub,2024-11-25
RICE,54.11,140686.00,Mbeya Border Market,2024-11-25
RICE,57.51,149526.00,Tanga Coastal Exchange,2024-11-25
RICE,53.02,137852.00,Tabora Grain Yard,2024-11-25
RICE,59.25,154050.00,Kigoma Lake Hub,2024-11-25
BEANS,71.79,186654.00,Dar Es Salaam Wholesale,2024-11-25
BEANS,68.32,177632.00,Mwanza Central Hub,2024-11-25
BEANS,73.91,192166.00,Arusha North Hub,2024-11-25
BEANS,70.44,183144.00,Dodoma Wholesale Hub,2024-11-25
BEANS,66.96,174096.00,Mbeya Border Market,2024-11-25
BEANS,71.16,185016.00,Tanga Coastal Exchange,2024-11-25
BEANS,65.58,170508.00,Tabora Grain Yard,2024-11-25
BEANS,73.26,190476.00,Kigoma Lake Hub,2024-11-25
WHEAT,45.10,117260.00,Dar Es Salaam Wholesale,2024-11-25
WHEAT,42.88,111488.00,Mwanza Central Hub,2024-11-25
WHEAT,46.35,120510.00,Arusha North Hub,2024-11-25
WHEAT,44.14,114764.00,Dodoma Wholesale Hub,2024-11-25
WHEAT,41.92,108992.00,Mbeya Border Market,2024-11-25
WHEAT,44.52,115752.00,Tanga Coastal Exchange,2024-11-25
WHEAT,41.00,106600.00,Tabora Grain Yard,2024-11-25
WHEAT,45.78,119028.00,Kigoma Lake Hub,2024-11-25
SORGHUM,39.92,103792.00,Dar Es Salaam Wholesale,2024-11-25
SORGHUM,38.02,98852.00,Mwanza Central Hub,2024-11-25
SORGHUM,41.17,107042.00,Arusha North Hub,2024-11-25
SORGHUM,39.27,102102.00,Dodoma Wholesale Hub,2024-11-25
SORGHUM,37.36,97136.00,Mbeya Border Market,2024-11-25
SORGHUM,39.74,103324.00,Tanga Coastal Exchange,2024-11-25
SORGHUM,36.65,95290.00,Tabora Grain Yard,2024-11-25
SORGHUM,40.98,106548.00,Kigoma Lake Hub,2024-11-25
CASSAVA,28.67,74542.00,Dar Es Salaam Wholesale,2024-11-25
CASSAVA,27.24,70824.00,Mwanza Central Hub,2024-11-25
CASSAVA,29.42,76492.00,Arusha North Hub,2024-11-25
CASSAVA,27.99,72774.00,Dodoma Wholesale Hub,2024-11-25
CASSAVA,26.57,69082.00,Mbeya Border Market,2024-11-25
CASSAVA,28.19,73294.00,Tanga Coastal Exchange,2024-11-25
CASSAVA,25.95,67470.00,Tabora Grain Yard,2024-11-25
CASSAVA,28.95,75270.00,Kigoma Lake Hub,2024-11-25
POTATO,32.75,85150.00,Dar Es Salaam Wholesale,2024-11-25
POTATO,31.21,81146.00,Mwanza Central Hub,2024-11-25
POTATO,33.81,87906.00,Arusha North Hub,2024-11-25
POTATO,32.27,83902.00,Dodoma Wholesale Hub,2024-11-25
POTATO,30.72,79872.00,Mbeya Border Market,2024-11-25
POTATO,32.69,84994.00,Tanga Coastal Exchange,2024-11-25
POTATO,30.17,78442.00,Tabora Grain Yard,2024-11-25
POTATO,33.75,87750.00,Kigoma Lake Hub,2024-11-25
GROUNDNUT,75.46,196196.00,Dar Es Salaam Wholesale,2024-11-25
GROUNDNUT,71.68,186368.00,Mwanza Central Hub,2024-11-25
GROUNDNUT,77.41,201266.00,Arusha North Hub,2024-11-25
GROUNDNUT,73.63,191438.00,Dodoma Wholesale Hub,2024-11-25
GROUNDNUT,69.87,181662.00,Mbeya Border Market,2024-11-25
GROUNDNUT,74.12,192712.00,Tanga Coastal Exchange,2024-11-25
GROUNDNUT,68.19,177294.00,Tabora Grain Yard,2024-11-25
GROUNDNUT,82.39,214214.00,Kigoma Lake Hub,2024-11-25
SUNFLOWER,57.09,148434.00,Dar Es Salaam Wholesale,2024-11-25
SUNFLOWER,54.40,141440.00,Mwanza Central Hub,2024-11-25
SUNFLOWER,58.92,153192.00,Arusha North Hub,2024-11-25
SUNFLOWER,56.23,146198.00,Dodoma Wholesale Hub,2024-11-25
SUNFLOWER,53.52,139152.00,Mbeya Border Market,2024-11-25
SUNFLOWER,56.95,148070.00,Tanga Coastal Exchange,2024-11-25
SUNFLOWER,52.56,136656.00,Tabora Grain Yard,2024-11-25
SUNFLOWER,58.80,152880.00,Kigoma Lake Hub,2024-11-25
COFFEE,77.84,202384.00,Dar Es Salaam Wholesale,2024-11-25
COFFEE,73.97,192322.00,Mwanza Central Hub,2024-11-25
COFFEE,79.91,207766.00,Arusha North Hub,2024-11-25
COFFEE,76.05,197730.00,Dodoma Wholesale Hub,2024-11-25
COFFEE,72.20,187720.00,Mbeya Border Market,2024-11-25
COFFEE,76.61,199186.00,Tanga Coastal Exchange,2024-11-25
COFFEE,70.51,183326.00,Tabora Grain Yard,2024-11-25
COFFEE,78.66,204516.00,Kigoma Lake Hub,2024-11-25
CASHEW,79.84,207584.00,Dar Es Salaam Wholesale,2024-11-25
CASHEW,76.03,197678.00,Mwanza Central Hub,2024-11-25
CASHEW,82.31,214006.00,Arusha North Hub,2024-11-25
CASHEW,78.49,204074.00,Dodoma Wholesale Hub,2024-11-25
CASHEW,74.68,194168.00,Mbeya Border Market,2024-11-25
CASHEW,79.42,206492.00,Tanga Coastal Exchange,2024-11-25
CASHEW,73.26,190476.00,Tabora Grain Yard,2024-11-25
CASHEW,81.91,212966.00,Kigoma Lake Hub,2024-11-25
COCONUT,73.39,190814.00,Dar Es Salaam Wholesale,2024-11-25
COCONUT,69.81,181506.00,Mwanza Central Hub,2024-11-25
COCONUT,75.48,196248.00,Arusha North Hub,2024-11-25
COCONUT,71.89,186914.00,Dodoma Wholesale Hub,2024-11-25
COCONUT,68.30,177580.00,Mbeya Border Market,2024-11-25
COCONUT,72.53,188578.00,Tanga Coastal Exchange,2024-11-25
COCONUT,66.81,173706.00,Tabora Grain Yard,2024-11-25
COCONUT,74.59,193934.00,Kigoma Lake Hub,2024-11-25
MAIZE,42.61,110786.00,Dar Es Salaam Wholesale,2024-12-02
MAIZE,40.56,105456.00,Mwanza Central Hub,2024-12-02
MAIZE,43.90,114140.00,Arusha North Hub,2024-12-02
MAIZE,41.85,108810.00,Dodoma Wholesale Hub,2024-12-02
MAIZE,39.80,103480.00,Mbeya Border Market,2024-12-02
MAIZE,42.31,110006.00,Tanga Coastal Exchange,2024-12-02
MAIZE,39.02,101452.00,Tabora Grain Yard,2024-12-02
MAIZE,43.61,113386.00,Kigoma Lake Hub,2024-12-02
RICE,65.41,170066.00,Dar Es Salaam Wholesale,2024-12-02
RICE,62.24,161824.00,Mwanza Central Hub,2024-12-02
RICE,67.32,175032.00,Arusha North Hub,2024-12-02
RICE,64.14,166764.00,Dodoma Wholesale Hub,2024-12-02
RICE,60.96,158496.00,Mbeya Border Market,2024-12-02
RICE,64.77,168402.00,Tanga Coastal Exchange,2024-12-02
RICE,59.68,155168.00,Tabora Grain Yard,2024-12-02
RICE,66.65,173290.00,Kigoma Lake Hub,2024-12-02
BEANS,69.36,180336.00,Dar Es Salaam Wholesale,2024-12-02
BEANS,65.96,171496.00,Mwanza Central Hub,2024-12-02
BEANS,71.31,185406.00,Arusha North Hub,2024-12-02
BEANS,67.91,176566.00,Dodoma Wholesale Hub,2024-12-02
BEANS,64.52,167752.00,Mbeya Border Market,2024-12-02
BEANS,68.53,178178.00,Tanga Coastal Exchange,2024-12-02
BEANS,63.13,164138.00,Tabora Grain Yard,2024-12-02
BEANS,70.49,183274.00,Kigoma Lake Hub,2024-12-02
WHEAT,49.05,127530.00,Dar Es Salaam Wholesale,2024-12-02
WHEAT,46.71,121446.00,Mwanza Central Hub,2024-12-02
WHEAT,50.57,131482.00,Arusha North Hub,2024-12-02
WHEAT,48.23,125398.00,Dodoma Wholesale Hub,2024-12-02
WHEAT,45.88,119288.00,Mbeya Border Market,2024-12-02
WHEAT,48.79,126854.00,Tanga Coastal Exchange,2024-12-02
WHEAT,45.00,117000.00,Tabora Grain Yard,2024-12-02
WHEAT,50.30,130780.00,Kigoma Lake Hub,2024-12-02
SORGHUM,39.41,102466.00,Dar Es Salaam Wholesale,2024-12-02
SORGHUM,37.45,97370.00,Mwanza Central Hub,2024-12-02
SORGHUM,40.46,105196.00,Arusha North Hub,2024-12-02
SORGHUM,38.50,100100.00,Dodoma Wholesale Hub,2024-12-02
SORGHUM,36.55,95030.00,Mbeya Border Market,2024-12-02
SORGHUM,38.78,100828.00,Tanga Coastal Exchange,2024-12-02
SORGHUM,35.70,92820.00,Tabora Grain Yard,2024-12-02
SORGHUM,39.83,103558.00,Kigoma Lake Hub,2024-12-02
CASSAVA,27.89,72514.00,Dar Es Salaam Wholesale,2024-12-02
CASSAVA,26.58,69108.00,Mwanza Central Hub,2024-12-02
CASSAVA,28.79,74854.00,Arusha North Hub,2024-12-02
CASSAVA,27.47,71422.00,Dodoma Wholesale Hub,2024-12-02
CASSAVA,26.15,67990.00,Mbeya Border Market,2024-12-02
CASSAVA,27.83,72358.00,Tanga Coastal Exchange,2024-12-02
CASSAVA,25.68,66768.00,Tabora Grain Yard,2024-12-02
CASSAVA,28.73,74698.00,Kigoma Lake Hub,2024-12-02
POTATO,34.00,88400.00,Dar Es Salaam Wholesale,2024-12-02
POTATO,32.30,83980.00,Mwanza Central Hub,2024-12-02
POTATO,34.89,90714.00,Arusha North Hub,2024-12-02
POTATO,33.19,86294.00,Dodoma Wholesale Hub,2024-12-02
POTATO,31.50,81900.00,Mbeya Border Market,2024-12-02
POTATO,33.42,86892.00,Tanga Coastal Exchange,2024-12-02
POTATO,30.75,79950.00,Tabora Grain Yard,2024-12-02
POTATO,34.29,89154.00,Kigoma Lake Hub,2024-12-02
GROUNDNUT,76.06,197756.00,Dar Es Salaam Wholesale,2024-12-02
GROUNDNUT,72.48,188448.00,Mwanza Central Hub,2024-12-02
GROUNDNUT,78.51,204126.00,Arusha North Hub,2024-12-02
GROUNDNUT,74.92,194792.00,Dodoma Wholesale Hub,2024-12-02
GROUNDNUT,71.32,185432.00,Mbeya Border Market,2024-12-02
GROUNDNUT,75.89,197314.00,Tanga Coastal Exchange,2024-12-02
GROUNDNUT,70.05,182130.00,Tabora Grain Yard,2024-12-02
GROUNDNUT,78.37,203762.00,Kigoma Lake Hub,2024-12-02
SUNFLOWER,54.80,142480.00,Dar Es Salaam Wholesale,2024-12-02
SUNFLOWER,52.08,135408.00,Mwanza Central Hub,2024-12-02
SUNFLOWER,56.25,146250.00,Arusha North Hub,2024-12-02
SUNFLOWER,53.53,139178.00,Dodoma Wholesale Hub,2024-12-02
SUNFLOWER,50.81,132106.00,Mbeya Border Market,2024-12-02
SUNFLOWER,53.91,140166.00,Tanga Coastal Exchange,2024-12-02
SUNFLOWER,49.61,128986.00,Tabora Grain Yard,2024-12-02
SUNFLOWER,55.34,143884.00,Kigoma Lake Hub,2024-12-02
COFFEE,72.73,189098.00,Dar Es Salaam Wholesale,2024-12-02
COFFEE,69.27,180102.00,Mwanza Central Hub,2024-12-02
COFFEE,75.00,195000.00,Arusha North Hub,2024-12-02
COFFEE,71.54,186004.00,Dodoma Wholesale Hub,2024-12-02
COFFEE,68.07,176982.00,Mbeya Border Market,2024-12-02
COFFEE,72.40,188240.00,Tanga Coastal Exchange,2024-12-02
COFFEE,66.80,173680.00,Tabora Grain Yard,2024-12-02
COFFEE,74.70,194220.00,Kigoma Lake Hub,2024-12-02
CASHEW,84.21,218946.00,Dar Es Salaam Wholesale,2024-12-02
CASHEW,80.08,208208.00,Mwanza Central Hub,2024-12-02
CASHEW,86.57,225082.00,Arusha North Hub,2024-12-02
CASHEW,82.44,214344.00,Dodoma Wholesale Hub,2024-12-02
CASHEW,78.31,203606.00,Mbeya Border Market,2024-12-02
CASHEW,83.15,216190.00,Tanga Coastal Exchange,2024-12-02
CASHEW,76.57,199082.00,Tabora Grain Yard,2024-12-02
CASHEW,85.47,222222.00,Kigoma Lake Hub,2024-12-02
COCONUT,68.71,178646.00,Dar Es Salaam Wholesale,2024-12-02
COCONUT,65.38,169988.00,Mwanza Central Hub,2024-12-02
COCONUT,70.73,183898.00,Arusha North Hub,2024-12-02
COCONUT,67.40,175240.00,Dodoma Wholesale Hub,2024-12-02
COCONUT,64.08,166608.00,Mbeya Border Market,2024-12-02
COCONUT,68.10,177060.00,Tanga Coastal Exchange,2024-12-02
COCONUT,62.77,163202.00,Tabora Grain Yard,2024-12-02
COCONUT,70.14,182364.00,Kigoma Lake Hub,2024-12-02
MAIZE,46.04,119704.00,Dar Es Salaam Wholesale,2024-12-09
MAIZE,43.79,113854.00,Mwanza Central Hub,2024-12-09
MAIZE,47.36,123136.00,Arusha North Hub,2024-12-09
MAIZE,45.12,117312.00,Dodoma Wholesale Hub,2024-12-09
MAIZE,42.87,111462.00,Mbeya Border Market,2024-12-09
MAIZE,45.54,118404.00,Tanga Coastal Exchange,2024-12-09
MAIZE,41.95,109070.00,Tabora Grain Yard,2024-12-09
MAIZE,46.85,121810.00,Kigoma Lake Hub,2024-12-09
RICE,60.53,157378.00,Dar Es Salaam Wholesale,2024-12-09
RICE,57.57,149682.00,Mwanza Central Hub,2024-12-09
RICE,62.26,161876.00,Arusha North Hub,2024-12-09
RICE,59.30,154180.00,Dodoma Wholesale Hub,2024-12-09
RICE,56.35,146510.00,Mbeya Border Market,2024-12-09
RICE,59.86,155636.00,Tanga Coastal Exchange,2024-12-09
RICE,55.16,143416.00,Tabora Grain Yard,2024-12-09
RICE,61.61,160186.00,Kigoma Lake Hub,2024-12-09
BEANS,74.08,192608.00,Dar Es Salaam Wholesale,2024-12-09
BEANS,70.54,183404.00,Mwanza Central Hub,2024-12-09
BEANS,76.35,198510.00,Arusha North Hub,2024-12-09
BEANS,72.80,189280.00,Dodoma Wholesale Hub,2024-12-09
BEANS,69.24,180024.00,Mbeya Border Market,2024-12-09
BEANS,73.62,191412.00,Tanga Coastal Exchange,2024-12-09
BEANS,67.89,176514.00,Tabora Grain Yard,2024-12-09
BEANS,75.87,197262.00,Kigoma Lake Hub,2024-12-09
WHEAT,47.25,122850.00,Dar Es Salaam Wholesale,2024-12-09
WHEAT,44.90,116740.00,Mwanza Central Hub,2024-12-09
WHEAT,48.51,126126.00,Arusha North Hub,2024-12-09
WHEAT,46.17,120042.00,Dodoma Wholesale Hub,2024-12-09
WHEAT,43.84,113984.00,Mbeya Border Market,2024-12-09
WHEAT,46.53,120978.00,Tanga Coastal Exchange,2024-12-09
WHEAT,42.83,111358.00,Tabora Grain Yard,2024-12-09
WHEAT,47.80,124280.00,Kigoma Lake Hub,2024-12-09
SORGHUM,39.46,102596.00,Dar Es Salaam Wholesale,2024-12-09
SORGHUM,37.59,97734.00,Mwanza Central Hub,2024-12-09
SORGHUM,40.72,105872.00,Arusha North Hub,2024-12-09
SORGHUM,38.85,101010.00,Dodoma Wholesale Hub,2024-12-09
SORGHUM,36.98,96148.00,Mbeya Border Market,2024-12-09
SORGHUM,39.35,102310.00,Tanga Coastal Exchange,2024-12-09
SORGHUM,36.31,94406.00,Tabora Grain Yard,2024-12-09
SORGHUM,40.61,105586.00,Kigoma Lake Hub,2024-12-09
CASSAVA,29.18,75868.00,Dar Es Salaam Wholesale,2024-12-09
CASSAVA,27.72,72072.00,Mwanza Central Hub,2024-12-09
CASSAVA,29.94,77844.00,Arusha North Hub,2024-12-09
CASSAVA,28.48,74048.00,Dodoma Wholesale Hub,2024-12-09
CASSAVA,27.03,70278.00,Mbeya Border Market,2024-12-09
CASSAVA,28.68,74568.00,Tanga Coastal Exchange,2024-12-09
CASSAVA,26.39,68614.00,Tabora Grain Yard,2024-12-09
CASSAVA,29.43,76518.00,Kigoma Lake Hub,2024-12-09
POTATO,33.59,87334.00,Dar Es Salaam Wholesale,2024-12-09
POTATO,32.00,83200.00,Mwanza Central Hub,2024-12-09
POTATO,34.67,90142.00,Arusha North Hub,2024-12-09
POTATO,33.08,86008.00,Dodoma Wholesale Hub,2024-12-09
POTATO,31.50,81900.00,Mbeya Border Market,2024-12-09
POTATO,33.51,87126.00,Tanga Coastal Exchange,2024-12-09
POTATO,30.93,80418.00,Tabora Grain Yard,2024-12-09
POTATO,34.61,89986.00,Kigoma Lake Hub,2024-12-09
GROUNDNUT,74.67,194142.00,Dar Es Salaam Wholesale,2024-12-09
GROUNDNUT,70.95,184470.00,Mwanza Central Hub,2024-12-09
GROUNDNUT,76.63,199238.00,Arusha North Hub,2024-12-09
GROUNDNUT,72.91,189566.00,Dodoma Wholesale Hub,2024-12-09
GROUNDNUT,69.20,179920.00,Mbeya Border Market,2024-12-09
GROUNDNUT,73.41,190866.00,Tanga Coastal Exchange,2024-12-09
GROUNDNUT,67.55,175630.00,Tabora Grain Yard,2024-12-09
GROUNDNUT,75.34,195884.00,Kigoma Lake Hub,2024-12-09
SUNFLOWER,53.61,139386.00,Dar Es Salaam Wholesale,2024-12-09
SUNFLOWER,51.07,132782.00,Mwanza Central Hub,2024-12-09
SUNFLOWER,55.31,143806.00,Arusha North Hub,2024-12-09
SUNFLOWER,52.76,137176.00,Dodoma Wholesale Hub,2024-12-09
SUNFLOWER,50.21,130546.00,Mbeya Border Market,2024-12-09
SUNFLOWER,53.41,138866.00,Tanga Coastal Exchange,2024-12-09
SUNFLOWER,49.28,128128.00,Tabora Grain Yard,2024-12-09
SUNFLOWER,55.12,143312.00,Kigoma Lake Hub,2024-12-09
COFFEE,76.84,199784.00,Dar Es Salaam Wholesale,2024-12-09
COFFEE,73.06,189956.00,Mwanza Central Hub,2024-12-09
COFFEE,78.96,205296.00,Arusha North Hub,2024-12-09
COFFEE,75.18,195468.00,Dodoma Wholesale Hub,2024-12-09
COFFEE,71.40,185640.00,Mbeya Border Market,2024-12-09
COFFEE,75.80,197080.00,Tanga Coastal Exchange,2024-12-09
COFFEE,69.80,181480.00,Tabora Grain Yard,2024-12-09
COFFEE,77.89,202514.00,Kigoma Lake Hub,2024-12-09
CASHEW,78.24,203424.00,Dar Es Salaam Wholesale,2024-12-09
CASHEW,74.46,193596.00,Mwanza Central Hub,2024-12-09
CASHEW,80.57,209482.00,Arusha North Hub,2024-12-09
CASHEW,76.80,199680.00,Dodoma Wholesale Hub,2024-12-09
CASHEW,73.02,189852.00,Mbeya Border Market,2024-12-09
CASHEW,77.62,201812.00,Tanga Coastal Exchange,2024-12-09
CASHEW,71.56,186056.00,Tabora Grain Yard,2024-12-09
CASHEW,79.98,207948.00,Kigoma Lake Hub,2024-12-09
COCONUT,74.43,193518.00,Dar Es Salaam Wholesale,2024-12-09
COCONUT,70.83,184158.00,Mwanza Central Hub,2024-12-09
COCONUT,76.62,199212.00,Arusha North Hub,2024-12-09
COCONUT,73.02,189852.00,Dodoma Wholesale Hub,2024-12-09
COCONUT,69.41,180466.00,Mbeya Border Market,2024-12-09
COCONUT,73.75,191750.00,Tanga Coastal Exchange,2024-12-09
COCONUT,67.97,176722.00,Tabora Grain Yard,2024-12-09
COCONUT,75.93,197418.00,Kigoma Lake Hub,2024-12-09
MAIZE,42.55,110630.00,Dar Es Salaam Wholesale,2024-12-16
MAIZE,40.48,105248.00,Mwanza Central Hub,2024-12-16
MAIZE,43.78,113828.00,Arusha North Hub,2024-12-16
MAIZE,41.71,108446.00,Dodoma Wholesale Hub,2024-12-16
MAIZE,39.65,103090.00,Mbeya Border Market,2024-12-16
MAIZE,42.12,109512.00,Tanga Coastal Exchange,2024-12-16
MAIZE,38.82,100932.00,Tabora Grain Yard,2024-12-16
MAIZE,43.37,112762.00,Kigoma Lake Hub,2024-12-16
RICE,65.12,169312.00,Dar Es Salaam Wholesale,2024-12-16
RICE,62.00,161200.00,Mwanza Central Hub,2024-12-16
RICE,67.09,174434.00,Arusha North Hub,2024-12-16
RICE,63.96,166296.00,Dodoma Wholesale Hub,2024-12-16
RICE,60.83,158158.00,Mbeya Border Market,2024-12-16
RICE,64.66,168116.00,Tanga Coastal Exchange,2024-12-16
RICE,59.61,154986.00,Tabora Grain Yard,2024-12-16
RICE,66.61,173186.00,Kigoma Lake Hub,2024-12-16
BEANS,70.46,183196.00,Dar Es Salaam Wholesale,2024-12-16
BEANS,66.97,174122.00,Mwanza Central Hub,2024-12-16
BEANS,72.36,188136.00,Arusha North Hub,2024-12-16
BEANS,68.88,179088.00,Dodoma Wholesale Hub,2024-12-16
BEANS,65.41,170066.00,Mbeya Border Market,2024-12-16
BEANS,69.43,180518.00,Tanga Coastal Exchange,2024-12-16
BEANS,63.93,166218.00,Tabora Grain Yard,2024-12-16
BEANS,71.35,185510.00,Kigoma Lake Hub,2024-12-16
WHEAT,48.12,125112.00,Dar Es Salaam Wholesale,2024-12-16
WHEAT,45.84,119184.00,Mwanza Central Hub,2024-12-16
WHEAT,49.65,129090.00,Arusha North Hub,2024-12-16
WHEAT,47.37,123162.00,Dodoma Wholesale Hub,2024-12-16
WHEAT,45.08,117208.00,Mbeya Border Market,2024-12-16
WHEAT,47.96,124696.00,Tanga Coastal Exchange,2024-12-16
WHEAT,44.25,115050.00,Tabora Grain Yard,2024-12-16
WHEAT,49.49,128674.00,Kigoma Lake Hub,2024-12-16
SORGHUM,40.48,105248.00,Dar Es Salaam Wholesale,2024-12-16
SORGHUM,38.46,99996.00,Mwanza Central Hub,2024-12-16
SORGHUM,41.53,107978.00,Arusha North Hub,2024-12-16
SORGHUM,39.51,102726.00,Dodoma Wholesale Hub,2024-12-16
SORGHUM,37.50,97500.00,Mbeya Border Market,2024-12-16
SORGHUM,39.79,103454.00,Tanga Coastal Exchange,2024-12-16
SORGHUM,36.61,95186.00,Tabora Grain Yard,2024-12-16
SORGHUM,40.84,106184.00,Kigoma Lake Hub,2024-12-16
CASSAVA,29.40,76440.00,Dar Es Salaam Wholesale,2024-12-16
CASSAVA,28.02,72852.00,Mwanza Central Hub,2024-12-16
CASSAVA,30.35,78910.00,Arusha North Hub,2024-12-16
CASSAVA,26.74,69524.00,Dodoma Wholesale Hub,2024-12-16
CASSAVA,25.46,66196.00,Mbeya Border Market,2024-12-16
CASSAVA,27.09,70434.00,Tanga Coastal Exchange,2024-12-16
CASSAVA,25.01,65026.00,Tabora Grain Yard,2024-12-16
CASSAVA,27.98,72748.00,Kigoma Lake Hub,2024-12-16
POTATO,32.34,84084.00,Dar Es Salaam Wholesale,2024-12-16
POTATO,30.72,79872.00,Mwanza Central Hub,2024-12-16
POTATO,33.18,86268.00,Arusha North Hub,2024-12-16
POTATO,31.57,82082.00,Dodoma Wholesale Hub,2024-12-16
POTATO,29.96,77896.00,Mbeya Border Market,2024-12-16
POTATO,31.78,82628.00,Tanga Coastal Exchange,2024-12-16
POTATO,29.24,76024.00,Tabora Grain Yard,2024-12-16
POTATO,32.61,84786.00,Kigoma Lake Hub,2024-12-16
GROUNDNUT,74.28,193128.00,Dar Es Salaam Wholesale,2024-12-16
GROUNDNUT,70.77,184002.00,Mwanza Central Hub,2024-12-16
GROUNDNUT,76.64,199264.00,Arusha North Hub,2024-12-16
GROUNDNUT,73.12,190112.00,Dodoma Wholesale Hub,2024-12-16
GROUNDNUT,69.59,180934.00,Mbeya Border Market,2024-12-16
GROUNDNUT,74.04,192504.00,Tanga Coastal Exchange,2024-12-16
GROUNDNUT,68.33,177658.00,Tabora Grain Yard,2024-12-16
GROUNDNUT,76.43,198718.00,Kigoma Lake Hub,2024-12-16
SUNFLOWER,55.96,145496.00,Dar Es Salaam Wholesale,2024-12-16
SUNFLOWER,53.20,138320.00,Mwanza Central Hub,2024-12-16
SUNFLOWER,57.49,149474.00,Arusha North Hub,2024-12-16
SUNFLOWER,54.72,142272.00,Dodoma Wholesale Hub,2024-12-16
SUNFLOWER,51.96,135096.00,Mbeya Border Market,2024-12-16
SUNFLOWER,55.16,143416.00,Tanga Coastal Exchange,2024-12-16
SUNFLOWER,50.78,132028.00,Tabora Grain Yard,2024-12-16
SUNFLOWER,56.66,147316.00,Kigoma Lake Hub,2024-12-16
COFFEE,71.86,186836.00,Dar Es Salaam Wholesale,2024-12-16
COFFEE,68.40,177840.00,Mwanza Central Hub,2024-12-16
COFFEE,74.03,192478.00,Arusha North Hub,2024-12-16
COFFEE,70.57,183482.00,Dodoma Wholesale Hub,2024-12-16
COFFEE,67.12,174512.00,Mbeya Border Market,2024-12-16
COFFEE,71.36,185536.00,Tanga Coastal Exchange,2024-12-16
COFFEE,65.81,171106.00,Tabora Grain Yard,2024-12-16
COFFEE,73.56,191256.00,Kigoma Lake Hub,2024-12-16
CASHEW,84.71,220246.00,Dar Es Salaam Wholesale,2024-12-16
CASHEW,80.60,209560.00,Mwanza Central Hub,2024-12-16
CASHEW,87.18,226668.00,Arusha North Hub,2024-12-16
CASHEW,83.06,215956.00,Dodoma Wholesale Hub,2024-12-16
CASHEW,78.94,205244.00,Mbeya Border Market,2024-12-16
CASHEW,83.86,218036.00,Tanga Coastal Exchange,2024-12-16
CASHEW,77.27,200902.00,Tabora Grain Yard,2024-12-16
CASHEW,86.30,224380.00,Kigoma Lake Hub,2024-12-16
COCONUT,69.08,179608.00,Dar Es Salaam Wholesale,2024-12-16
COCONUT,65.69,170794.00,Mwanza Central Hub,2024-12-16
COCONUT,71.02,184652.00,Arusha North Hub,2024-12-16
COCONUT,67.64,175864.00,Dodoma Wholesale Hub,2024-12-16
COCONUT,64.27,167102.00,Mbeya Border Market,2024-12-16
COCONUT,68.26,177476.00,Tanga Coastal Exchange,2024-12-16
COCONUT,62.88,163488.00,Tabora Grain Yard,2024-12-16
COCONUT,70.22,182572.00,Kigoma Lake Hub,2024-12-16
MAIZE,45.99,119574.00,Dar Es Salaam Wholesale,2024-12-23
MAIZE,43.78,113828.00,Mwanza Central Hub,2024-12-23
MAIZE,47.37,123162.00,Arusha North Hub,2024-12-23
MAIZE,45.15,117390.00,Dodoma Wholesale Hub,2024-12-23
MAIZE,42.92,111592.00,Mbeya Border Market,2024-12-23
MAIZE,45.62,118612.00,Tanga Coastal Exchange,2024-12-23
MAIZE,42.05,109330.00,Tabora Grain Yard,2024-12-23
MAIZE,46.98,122148.00,Kigoma Lake Hub,2024-12-23
RICE,61.28,159328.00,Dar Es Salaam Wholesale,2024-12-23
RICE,58.26,151476.00,Mwanza Central Hub,2024-12-23
RICE,62.96,163696.00,Arusha North Hub,2024-12-23
RICE,59.94,155844.00,Dodoma Wholesale Hub,2024-12-23
RICE,56.93,148018.00,Mbeya Border Market,2024-12-23
RICE,60.44,157144.00,Tanga Coastal Exchange,2024-12-23
RICE,55.66,144716.00,Tabora Grain Yard,2024-12-23
RICE,62.13,161538.00,Kigoma Lake Hub,2024-12-23
BEANS,72.87,189462.00,Dar Es Salaam Wholesale,2024-12-23
BEANS,69.42,180492.00,Mwanza Central Hub,2024-12-23
BEANS,75.17,195442.00,Arusha North Hub,2024-12-23
BEANS,71.71,186446.00,Dodoma Wholesale Hub,2024-12-23
BEANS,68.24,177424.00,Mbeya Border Market,2024-12-23
BEANS,72.58,188708.00,Tanga Coastal Exchange,2024-12-23
BEANS,66.96,174096.00,Tabora Grain Yard,2024-12-23
BEANS,74.88,194688.00,Kigoma Lake Hub,2024-12-23
WHEAT,48.45,125970.00,Dar Es Salaam Wholesale,2024-12-23
WHEAT,46.03,119678.00,Mwanza Central Hub,2024-12-23
WHEAT,49.72,129272.00,Arusha North Hub,2024-12-23
WHEAT,47.31,123006.00,Dodoma Wholesale Hub,2024-12-23
WHEAT,44.90,116740.00,Mbeya Border Market,2024-12-23
WHEAT,47.64,123864.00,Tanga Coastal Exchange,2024-12-23
WHEAT,43.84,113984.00,Tabora Grain Yard,2024-12-23
WHEAT,48.91,127166.00,Kigoma Lake Hub,2024-12-23
SORGHUM,38.42,99892.00,Dar Es Salaam Wholesale,2024-12-23
SORGHUM,36.62,95212.00,Mwanza Central Hub,2024-12-23
SORGHUM,39.67,103142.00,Arusha North Hub,2024-12-23
SORGHUM,37.86,98436.00,Dodoma Wholesale Hub,2024-12-23
SORGHUM,36.04,93704.00,Mbeya Border Market,2024-12-23
SORGHUM,38.36,99736.00,Tanga Coastal Exchange,2024-12-23
SORGHUM,35.41,92066.00,Tabora Grain Yard,2024-12-23
SORGHUM,39.61,102986.00,Kigoma Lake Hub,2024-12-23
CASSAVA,27.75,72150.00,Dar Es Salaam Wholesale,2024-12-23
CASSAVA,26.36,68536.00,Mwanza Central Hub,2024-12-23
CASSAVA,28.47,74022.00,Arusha North Hub,2024-12-23
CASSAVA,27.08,70408.00,Dodoma Wholesale Hub,2024-12-23
CASSAVA,25.70,66820.00,Mbeya Border Market,2024-12-23
CASSAVA,27.26,70876.00,Tanga Coastal Exchange,2024-12-23
CASSAVA,25.08,65208.00,Tabora Grain Yard,2024-12-23
CASSAVA,27.97,72722.00,Kigoma Lake Hub,2024-12-23
POTATO,32.76,85176.00,Dar Es Salaam Wholesale,2024-12-23
POTATO,31.21,81146.00,Mwanza Central Hub,2024-12-23
POTATO,33.81,87906.00,Arusha North Hub,2024-12-23
POTATO,32.26,83876.00,Dodoma Wholesale Hub,2024-12-23
POTATO,30.70,79820.00,Mbeya Border Market,2024-12-23
POTATO,32.67,84942.00,Tanga Coastal Exchange,2024-12-23
POTATO,30.15,78390.00,Tabora Grain Yard,2024-12-23
POTATO,33.73,87698.00,Kigoma Lake Hub,2024-12-23
GROUNDNUT,76.45,198770.00,Dar Es Salaam Wholesale,2024-12-23
GROUNDNUT,72.66,188916.00,Mwanza Central Hub,2024-12-23
GROUNDNUT,78.50,204100.00,Arusha North Hub,2024-12-23
GROUNDNUT,74.72,194272.00,Dodoma Wholesale Hub,2024-12-23
GROUNDNUT,70.94,184444.00,Mbeya Border Market,2024-12-23
GROUNDNUT,75.29,195754.00,Tanga Coastal Exchange,2024-12-23
GROUNDNUT,69.30,180180.00,Tabora Grain Yard,2024-12-23
GROUNDNUT,77.32,201032.00,Kigoma Lake Hub,2024-12-23
SUNFLOWER,52.80,137280.00,Dar Es Salaam Wholesale,2024-12-23
SUNFLOWER,50.28,130728.00,Mwanza Central Hub,2024-12-23
SUNFLOWER,54.42,141492.00,Arusha North Hub,2024-12-23
SUNFLOWER,51.89,134914.00,Dodoma Wholesale Hub,2024-12-23
SUNFLOWER,49.36,128336.00,Mbeya Border Market,2024-12-23
SUNFLOWER,52.49,136474.00,Tanga Coastal Exchange,2024-12-23
SUNFLOWER,48.41,125866.00,Tabora Grain Yard,2024-12-23
SUNFLOWER,54.13,140738.00,Kigoma Lake Hub,2024-12-23
COFFEE,77.56,201656.00,Dar Es Salaam Wholesale,2024-12-23
COFFEE,73.78,191828.00,Mwanza Central Hub,2024-12-23
COFFEE,79.79,207454.00,Arusha North Hub,2024-12-23
COFFEE,76.00,197600.00,Dodoma Wholesale Hub,2024-12-23
COFFEE,72.22,187772.00,Mbeya Border Market,2024-12-23
COFFEE,76.71,199446.00,Tanga Coastal Exchange,2024-12-23
COFFEE,70.67,183742.00,Tabora Grain Yard,2024-12-23
COFFEE,78.91,205166.00,Kigoma Lake Hub,2024-12-23
CASHEW,78.36,203736.00,Dar Es Salaam Wholesale,2024-12-23
CASHEW,74.53,193778.00,Mwanza Central Hub,2024-12-23
CASHEW,80.60,209560.00,Arusha North Hub,2024-12-23
CASHEW,76.78,199628.00,Dodoma Wholesale Hub,2024-12-23
CASHEW,72.96,189696.00,Mbeya Border Market,2024-12-23
CASHEW,77.51,201526.00,Tanga Coastal Exchange,2024-12-23
CASHEW,71.42,185692.00,Tabora Grain Yard,2024-12-23
CASHEW,79.77,207402.00,Kigoma Lake Hub,2024-12-23
COCONUT,73.90,192140.00,Dar Es Salaam Wholesale,2024-12-23
COCONUT,70.36,182936.00,Mwanza Central Hub,2024-12-23
COCONUT,76.16,198016.00,Arusha North Hub,2024-12-23
COCONUT,72.61,188786.00,Dodoma Wholesale Hub,2024-12-23
COCONUT,69.06,179556.00,Mbeya Border Market,2024-12-23
COCONUT,73.42,190892.00,Tanga Coastal Exchange,2024-12-23
COCONUT,67.70,176020.00,Tabora Grain Yard,2024-12-23
COCONUT,75.67,196742.00,Kigoma Lake Hub,2024-12-23
MAIZE,42.92,111592.00,Dar Es Salaam Wholesale,2024-12-30
MAIZE,40.81,106106.00,Mwanza Central Hub,2024-12-30
MAIZE,44.11,114686.00,Arusha North Hub,2024-12-30
MAIZE,42.01,109226.00,Dodoma Wholesale Hub,2024-12-30
MAIZE,39.90,103740.00,Mbeya Border Market,2024-12-30
MAIZE,42.38,110188.00,Tanga Coastal Exchange,2024-12-30
MAIZE,39.03,101478.00,Tabora Grain Yard,2024-12-30
MAIZE,43.58,113308.00,Kigoma Lake Hub,2024-12-30
RICE,64.25,167050.00,Dar Es Salaam Wholesale,2024-12-30
RICE,61.20,159120.00,Mwanza Central Hub,2024-12-30
RICE,66.26,172276.00,Arusha North Hub,2024-12-30
RICE,63.20,164320.00,Dodoma Wholesale Hub,2024-12-30
RICE,60.13,156338.00,Mbeya Border Market,2024-12-30
RICE,63.95,166270.00,Tanga Coastal Exchange,2024-12-30
RICE,58.98,153348.00,Tabora Grain Yard,2024-12-30
RICE,65.95,171470.00,Kigoma Lake Hub,2024-12-30
BEANS,72.11,187486.00,Dar Es Salaam Wholesale,2024-12-30
BEANS,68.51,178126.00,Mwanza Central Hub,2024-12-30
BEANS,74.00,192400.00,Arusha North Hub,2024-12-30
BEANS,70.42,183092.00,Dodoma Wholesale Hub,2024-12-30
BEANS,66.84,173784.00,Mbeya Border Market,2024-12-30
BEANS,70.93,184418.00,Tanga Coastal Exchange,2024-12-30
BEANS,65.28,169728.00,Tabora Grain Yard,2024-12-30
BEANS,72.83,189358.00,Kigoma Lake Hub,2024-12-30
WHEAT,46.93,122018.00,Dar Es Salaam Wholesale,2024-12-30
WHEAT,44.72,116272.00,Mwanza Central Hub,2024-12-30
WHEAT,48.45,125970.00,Arusha North Hub,2024-12-30
WHEAT,46.23,120198.00,Dodoma Wholesale Hub,2024-12-30
WHEAT,44.01,114426.00,Mbeya Border Market,2024-12-30
WHEAT,46.84,121784.00,Tanga Coastal Exchange,2024-12-30
WHEAT,43.23,112398.00,Tabora Grain Yard,2024-12-30
WHEAT,48.36,125736.00,Kigoma Lake Hub,2024-12-30
SORGHUM,38.47,100022.00,Dar Es Salaam Wholesale,2024-12-30
SORGHUM,36.54,95004.00,Mwanza Central Hub,2024-12-30
SORGHUM,39.46,102596.00,Arusha North Hub,2024-12-30
SORGHUM,37.54,97604.00,Dodoma Wholesale Hub,2024-12-30
SORGHUM,35.62,92612.00,Mbeya Border Market,2024-12-30
SORGHUM,40.93,106418.00,Tanga Coastal Exchange,2024-12-30
SORGHUM,37.67,97942.00,Tabora Grain Yard,2024-12-30
SORGHUM,42.01,109226.00,Kigoma Lake Hub,2024-12-30
CASSAVA,28.66,74516.00,Dar Es Salaam Wholesale,2024-12-30
CASSAVA,27.30,70980.00,Mwanza Central Hub,2024-12-30
CASSAVA,29.58,76908.00,Arusha North Hub,2024-12-30
CASSAVA,28.22,73372.00,Dodoma Wholesale Hub,2024-12-30
CASSAVA,26.87,69862.00,Mbeya Border Market,2024-12-30
CASSAVA,28.59,74334.00,Tanga Coastal Exchange,2024-12-30
CASSAVA,26.38,68588.00,Tabora Grain Yard,2024-12-30
CASSAVA,29.52,76752.00,Kigoma Lake Hub,2024-12-30
POTATO,33.18,86268.00,Dar Es Salaam Wholesale,2024-12-30
POTATO,31.53,81978.00,Mwanza Central Hub,2024-12-30
POTATO,34.06,88556.00,Arusha North Hub,2024-12-30
POTATO,32.42,84292.00,Dodoma Wholesale Hub,2024-12-30
POTATO,30.77,80002.00,Mbeya Border Market,2024-12-30
POTATO,32.65,84890.00,Tanga Coastal Exchange,2024-12-30
POTATO,30.05,78130.00,Tabora Grain Yard,2024-12-30
POTATO,33.53,87178.00,Kigoma Lake Hub,2024-12-30
GROUNDNUT,72.95,189670.00,Dar Es Salaam Wholesale,2024-12-30
GROUNDNUT,69.47,180622.00,Mwanza Central Hub,2024-12-30
GROUNDNUT,75.21,195546.00,Arusha North Hub,2024-12-30
GROUNDNUT,71.73,186498.00,Dodoma Wholesale Hub,2024-12-30
GROUNDNUT,68.25,177450.00,Mbeya Border Market,2024-12-30
GROUNDNUT,72.58,188708.00,Tanga Coastal Exchange,2024-12-30
GROUNDNUT,66.96,174096.00,Tabora Grain Yard,2024-12-30
GROUNDNUT,74.87,194662.00,Kigoma Lake Hub,2024-12-30
SUNFLOWER,56.68,147368.00,Dar Es Salaam Wholesale,2024-12-30
SUNFLOWER,53.90,140140.00,Mwanza Central Hub,2024-12-30
SUNFLOWER,58.28,151528.00,Arusha North Hub,2024-12-30
SUNFLOWER,55.50,144300.00,Dodoma Wholesale Hub,2024-12-30
SUNFLOWER,52.73,137098.00,Mbeya Border Market,2024-12-30
SUNFLOWER,56.00,145600.00,Tanga Coastal Exchange,2024-12-30
SUNFLOWER,51.58,134108.00,Tabora Grain Yard,2024-12-30
SUNFLOWER,57.58,149708.00,Kigoma Lake Hub,2024-12-30
COFFEE,71.69,186394.00,Dar Es Salaam Wholesale,2024-12-30
COFFEE,68.21,177346.00,Mwanza Central Hub,2024-12-30
COFFEE,73.77,191802.00,Arusha North Hub,2024-12-30
COFFEE,70.29,182754.00,Dodoma Wholesale Hub,2024-12-30
COFFEE,66.81,173706.00,Mbeya Border Market,2024-12-30
COFFEE,70.99,184574.00,Tanga Coastal Exchange,2024-12-30
COFFEE,65.43,170118.00,Tabora Grain Yard,2024-12-30
COFFEE,73.10,190060.00,Kigoma Lake Hub,2024-12-30
CASHEW,84.40,219440.00,Dar Es Salaam Wholesale,2024-12-30
CASHEW,80.34,208884.00,Mwanza Central Hub,2024-12-30
CASHEW,86.94,226044.00,Arusha North Hub,2024-12-30
CASHEW,82.88,215488.00,Dodoma Wholesale Hub,2024-12-30
CASHEW,78.81,204906.00,Mbeya Border Market,2024-12-30
CASHEW,83.77,217802.00,Tanga Coastal Exchange,2024-12-30
CASHEW,77.23,200798.00,Tabora Grain Yard,2024-12-30
CASHEW,86.30,224380.00,Kigoma Lake Hub,2024-12-30
COCONUT,70.12,182312.00,Dar Es Salaam Wholesale,2024-12-30
COCONUT,66.65,173290.00,Mwanza Central Hub,2024-12-30
COCONUT,72.02,187252.00,Arusha North Hub,2024-12-30
COCONUT,68.56,178256.00,Dodoma Wholesale Hub,2024-12-30
COCONUT,65.11,169286.00,Mbeya Border Market,2024-12-30
COCONUT,69.11,179686.00,Tanga Coastal Exchange,2024-12-30
COCONUT,63.64,165464.00,Tabora Grain Yard,2024-12-30
COCONUT,71.03,184678.00,Kigoma Lake Hub,2024-12-30
MAIZE,47.42,123292.00,Dar Es Salaam Wholesale,2025-01-06
MAIZE,45.16,117416.00,Mwanza Central Hub,2025-01-06
MAIZE,48.88,127088.00,Arusha North Hub,2025-01-06
MAIZE,46.62,121212.00,Dodoma Wholesale Hub,2025-01-06
MAIZE,44.35,115310.00,Mbeya Border Market,2025-01-06
MAIZE,47.15,122590.00,Tanga Coastal Exchange,2025-01-06
MAIZE,43.49,113074.00,Tabora Grain Yard,2025-01-06
MAIZE,48.61,126386.00,Kigoma Lake Hub,2025-01-06
RICE,65.07,169182.00,Dar Es Salaam Wholesale,2025-01-06
RICE,61.83,160758.00,Mwanza Central Hub,2025-01-06
RICE,66.80,173680.00,Arusha North Hub,2025-01-06
RICE,63.57,165282.00,Dodoma Wholesale Hub,2025-01-06
RICE,60.35,156910.00,Mbeya Border Market,2025-01-06
RICE,64.04,166504.00,Tanga Coastal Exchange,2025-01-06
RICE,58.95,153270.00,Tabora Grain Yard,2025-01-06
RICE,65.77,171002.00,Kigoma Lake Hub,2025-01-06
BEANS,73.20,190320.00,Dar Es Salaam Wholesale,2025-01-06
BEANS,69.76,181376.00,Mwanza Central Hub,2025-01-06
BEANS,75.56,196456.00,Arusha North Hub,2025-01-06
BEANS,72.11,187486.00,Dodoma Wholesale Hub,2025-01-06
BEANS,68.64,178464.00,Mbeya Border Market,2025-01-06
BEANS,73.03,189878.00,Tanga Coastal Exchange,2025-01-06
BEANS,67.40,175240.00,Tabora Grain Yard,2025-01-06
BEANS,75.40,196040.00,Kigoma Lake Hub,2025-01-06
WHEAT,50.34,130884.00,Dar Es Salaam Wholesale,2025-01-06
WHEAT,47.83,124358.00,Mwanza Central Hub,2025-01-06
WHEAT,51.65,134290.00,Arusha North Hub,2025-01-06
WHEAT,49.14,127764.00,Dodoma Wholesale Hub,2025-01-06
WHEAT,46.63,121238.00,Mbeya Border Market,2025-01-06
WHEAT,49.47,128622.00,Tanga Coastal Exchange,2025-01-06
WHEAT,45.52,118352.00,Tabora Grain Yard,2025-01-06
WHEAT,50.77,132002.00,Kigoma Lake Hub,2025-01-06
SORGHUM,40.13,104338.00,Dar Es Salaam Wholesale,2025-01-06
SORGHUM,38.24,99424.00,Mwanza Central Hub,2025-01-06
SORGHUM,41.43,107718.00,Arusha North Hub,2025-01-06
SORGHUM,39.53,102778.00,Dodoma Wholesale Hub,2025-01-06
SORGHUM,37.63,97838.00,Mbeya Border Market,2025-01-06
SORGHUM,40.04,104104.00,Tanga Coastal Exchange,2025-01-06
SORGHUM,36.96,96096.00,Tabora Grain Yard,2025-01-06
SORGHUM,41.35,107510.00,Kigoma Lake Hub,2025-01-06
CASSAVA,27.74,72124.00,Dar Es Salaam Wholesale,2025-01-06
CASSAVA,26.36,68536.00,Mwanza Central Hub,2025-01-06
CASSAVA,28.47,74022.00,Arusha North Hub,2025-01-06
CASSAVA,27.09,70434.00,Dodoma Wholesale Hub,2025-01-06
CASSAVA,25.72,66872.00,Mbeya Border Market,2025-01-06
CASSAVA,27.29,70954.00,Tanga Coastal Exchange,2025-01-06
CASSAVA,25.11,65286.00,Tabora Grain Yard,2025-01-06
CASSAVA,28.01,72826.00,Kigoma Lake Hub,2025-01-06
POTATO,30.86,80236.00,Dar Es Salaam Wholesale,2025-01-06
POTATO,29.39,76414.00,Mwanza Central Hub,2025-01-06
POTATO,31.83,82758.00,Arusha North Hub,2025-01-06
POTATO,30.36,78936.00,Dodoma Wholesale Hub,2025-01-06
POTATO,28.89,75114.00,Mbeya Border Market,2025-01-06
POTATO,30.73,79898.00,Tanga Coastal Exchange,2025-01-06
POTATO,28.35,73710.00,Tabora Grain Yard,2025-01-06
POTATO,31.71,82446.00,Kigoma Lake Hub,2025-01-06
GROUNDNUT,74.56,193856.00,Dar Es Salaam Wholesale,2025-01-06
GROUNDNUT,70.90,184340.00,Mwanza Central Hub,2025-01-06
GROUNDNUT,76.64,199264.00,Arusha North Hub,2025-01-06
GROUNDNUT,72.98,189748.00,Dodoma Wholesale Hub,2025-01-06
GROUNDNUT,69.32,180232.00,Mbeya Border Market,2025-01-06
GROUNDNUT,73.60,191360.00,Tanga Coastal Exchange,2025-01-06
GROUNDNUT,67.78,176228.00,Tabora Grain Yard,2025-01-06
GROUNDNUT,75.65,196690.00,Kigoma Lake Hub,2025-01-06
SUNFLOWER,50.89,132314.00,Dar Es Salaam Wholesale,2025-01-06
SUNFLOWER,48.42,125892.00,Mwanza Central Hub,2025-01-06
SUNFLOWER,52.39,136214.00,Arusha North Hub,2025-01-06
SUNFLOWER,49.92,129792.00,Dodoma Wholesale Hub,2025-01-06
SUNFLOWER,47.46,123396.00,Mbeya Border Market,2025-01-06
SUNFLOWER,50.44,131144.00,Tanga Coastal Exchange,2025-01-06
SUNFLOWER,46.50,120900.00,Tabora Grain Yard,2025-01-06
SUNFLOWER,51.96,135096.00,Kigoma Lake Hub,2025-01-06
COFFEE,76.65,199290.00,Dar Es Salaam Wholesale,2025-01-06
COFFEE,72.95,189670.00,Mwanza Central Hub,2025-01-06
COFFEE,78.93,205218.00,Arusha North Hub,2025-01-06
COFFEE,75.23,195598.00,Dodoma Wholesale Hub,2025-01-06
COFFEE,71.53,185978.00,Mbeya Border Market,2025-01-06
COFFEE,76.01,197626.00,Tanga Coastal Exchange,2025-01-06
COFFEE,70.06,182156.00,Tabora Grain Yard,2025-01-06
COFFEE,78.28,203528.00,Kigoma Lake Hub,2025-01-06
CASHEW,80.20,208520.00,Dar Es Salaam Wholesale,2025-01-06
CASHEW,76.24,198224.00,Mwanza Central Hub,2025-01-06
CASHEW,82.40,214240.00,Arusha North Hub,2025-01-06
CASHEW,78.45,203970.00,Dodoma Wholesale Hub,2025-01-06
CASHEW,74.51,193726.00,Mbeya Border Market,2025-01-06
CASHEW,79.11,205686.00,Tanga Coastal Exchange,2025-01-06
CASHEW,72.86,189436.00,Tabora Grain Yard,2025-01-06
CASHEW,81.33,211458.00,Kigoma Lake Hub,2025-01-06
COCONUT,75.02,195052.00,Dar Es Salaam Wholesale,2025-01-06
COCONUT,71.46,185796.00,Mwanza Central Hub,2025-01-06
COCONUT,77.38,201188.00,Arusha North Hub,2025-01-06
COCONUT,73.82,191932.00,Dodoma Wholesale Hub,2025-01-06
COCONUT,70.24,182624.00,Mbeya Border Market,2025-01-06
COCONUT,74.71,194246.00,Tanga Coastal Exchange,2025-01-06
COCONUT,68.92,179192.00,Tabora Grain Yard,2025-01-06
COCONUT,77.07,200382.00,Kigoma Lake Hub,2025-01-06
MAIZE,45.52,118352.00,Dar Es Salaam Wholesale,2025-01-13
MAIZE,43.26,112476.00,Mwanza Central Hub,2025-01-13
MAIZE,46.74,121524.00,Arusha North Hub,2025-01-13
MAIZE,44.49,115674.00,Dodoma Wholesale Hub,2025-01-13
MAIZE,42.24,109824.00,Mbeya Border Market,2025-01-13
MAIZE,44.83,116558.00,Tanga Coastal Exchange,2025-01-13
MAIZE,41.28,107328.00,Tabora Grain Yard,2025-01-13
MAIZE,46.06,119756.00,Kigoma Lake Hub,2025-01-13
RICE,65.43,170118.00,Dar Es Salaam Wholesale,2025-01-13
RICE,62.34,162084.00,Mwanza Central Hub,2025-01-13
RICE,67.53,175578.00,Arusha North Hub,2025-01-13
RICE,64.43,167518.00,Dodoma Wholesale Hub,2025-01-13
RICE,61.32,159432.00,Mbeya Border Market,2025-01-13
RICE,65.24,169624.00,Tanga Coastal Exchange,2025-01-13
RICE,60.21,156546.00,Tabora Grain Yard,2025-01-13
RICE,67.34,175084.00,Kigoma Lake Hub,2025-01-13
BEANS,76.21,198146.00,Dar Es Salaam Wholesale,2025-01-13
BEANS,72.40,188240.00,Mwanza Central Hub,2025-01-13
BEANS,78.19,203294.00,Arusha North Hub,2025-01-13
BEANS,74.39,193414.00,Dodoma Wholesale Hub,2025-01-13
BEANS,70.60,183560.00,Mbeya Border Market,2025-01-13
BEANS,74.90,194740.00,Tanga Coastal Exchange,2025-01-13
BEANS,68.92,179192.00,Tabora Grain Yard,2025-01-13
BEANS,76.87,199862.00,Kigoma Lake Hub,2025-01-13
WHEAT,49.97,129922.00,Dar Es Salaam Wholesale,2025-01-13
WHEAT,47.62,123812.00,Mwanza Central Hub,2025-01-13
WHEAT,51.59,134134.00,Arusha North Hub,2025-01-13
WHEAT,49.23,127998.00,Dodoma Wholesale Hub,2025-01-13
WHEAT,46.86,121836.00,Mbeya Border Market,2025-01-13
WHEAT,49.87,129662.00,Tanga Coastal Exchange,2025-01-13
WHEAT,46.03,119678.00,Tabora Grain Yard,2025-01-13
WHEAT,51.49,133874.00,Kigoma Lake Hub,2025-01-13
SORGHUM,39.21,101946.00,Dar Es Salaam Wholesale,2025-01-13
SORGHUM,37.25,96850.00,Mwanza Central Hub,2025-01-13
SORGHUM,40.23,104598.00,Arusha North Hub,2025-01-13
SORGHUM,38.28,99528.00,Dodoma Wholesale Hub,2025-01-13
SORGHUM,36.33,94458.00,Mbeya Border Market,2025-01-13
SORGHUM,38.54,100204.00,Tanga Coastal Exchange,2025-01-13
SORGHUM,35.47,92222.00,Tabora Grain Yard,2025-01-13
SORGHUM,39.56,102856.00,Kigoma Lake Hub,2025-01-13
CASSAVA,27.25,70850.00,Dar Es Salaam Wholesale,2025-01-13
CASSAVA,25.96,67496.00,Mwanza Central Hub,2025-01-13
CASSAVA,28.11,73086.00,Arusha North Hub,2025-01-13
CASSAVA,26.82,69732.00,Dodoma Wholesale Hub,2025-01-13
CASSAVA,25.52,66352.00,Mbeya Border Market,2025-01-13
CASSAVA,27.15,70590.00,Tanga Coastal Exchange,2025-01-13
CASSAVA,25.06,65156.00,Tabora Grain Yard,2025-01-13
CASSAVA,28.02,72852.00,Kigoma Lake Hub,2025-01-13
POTATO,32.51,84526.00,Dar Es Salaam Wholesale,2025-01-13
POTATO,30.91,80366.00,Mwanza Central Hub,2025-01-13
POTATO,33.41,86866.00,Arusha North Hub,2025-01-13
POTATO,31.80,82680.00,Dodoma Wholesale Hub,2025-01-13
POTATO,30.20,78520.00,Mbeya Border Market,2025-01-13
POTATO,32.06,83356.00,Tanga Coastal Exchange,2025-01-13
POTATO,29.52,76752.00,Tabora Grain Yard,2025-01-13
POTATO,32.95,85670.00,Kigoma Lake Hub,2025-01-13
GROUNDNUT,69.37,180362.00,Dar Es Salaam Wholesale,2025-01-13
GROUNDNUT,66.02,171652.00,Mwanza Central Hub,2025-01-13
GROUNDNUT,71.44,185744.00,Arusha North Hub,2025-01-13
GROUNDNUT,68.10,177060.00,Dodoma Wholesale Hub,2025-01-13
GROUNDNUT,64.76,168376.00,Mbeya Border Market,2025-01-13
GROUNDNUT,68.84,178984.00,Tanga Coastal Exchange,2025-01-13
GROUNDNUT,63.47,165022.00,Tabora Grain Yard,2025-01-13
GROUNDNUT,70.93,184418.00,Kigoma Lake Hub,2025-01-13
SUNFLOWER,55.13,143338.00,Dar Es Salaam Wholesale,2025-01-13
SUNFLOWER,52.46,136396.00,Mwanza Central Hub,2025-01-13
SUNFLOWER,56.75,147550.00,Arusha North Hub,2025-01-13
SUNFLOWER,54.08,140608.00,Dodoma Wholesale Hub,2025-01-13
SUNFLOWER,51.40,133640.00,Mbeya Border Market,2025-01-13
SUNFLOWER,54.62,142012.00,Tanga Coastal Exchange,2025-01-13
SUNFLOWER,50.33,130858.00,Tabora Grain Yard,2025-01-13
SUNFLOWER,56.22,146172.00,Kigoma Lake Hub,2025-01-13
COFFEE,71.44,185744.00,Dar Es Salaam Wholesale,2025-01-13
COFFEE,67.93,176618.00,Mwanza Central Hub,2025-01-13
COFFEE,73.43,190918.00,Arusha North Hub,2025-01-13
COFFEE,69.92,181792.00,Dodoma Wholesale Hub,2025-01-13
COFFEE,66.43,172718.00,Mbeya Border Market,2025-01-13
COFFEE,70.54,183404.00,Tanga Coastal Exchange,2025-01-13
COFFEE,64.98,168948.00,Tabora Grain Yard,2025-01-13
COFFEE,72.55,188630.00,Kigoma Lake Hub,2025-01-13
CASHEW,84.29,219154.00,Dar Es Salaam Wholesale,2025-01-13
CASHEW,80.28,208728.00,Mwanza Central Hub,2025-01-13
CASHEW,86.92,225992.00,Arusha North Hub,2025-01-13
CASHEW,82.90,215540.00,Dodoma Wholesale Hub,2025-01-13
CASHEW,78.87,205062.00,Mbeya Border Market,2025-01-13
CASHEW,83.87,218062.00,Tanga Coastal Exchange,2025-01-13
CASHEW,77.36,201136.00,Tabora Grain Yard,2025-01-13
CASHEW,86.49,224874.00,Kigoma Lake Hub,2025-01-13
COCONUT,73.99,192374.00,Dar Es Salaam Wholesale,2025-01-13
COCONUT,70.30,182780.00,Mwanza Central Hub,2025-01-13
COCONUT,75.94,197444.00,Arusha North Hub,2025-01-13
COCONUT,72.26,187876.00,Dodoma Wholesale Hub,2025-01-13
COCONUT,68.60,178360.00,Mbeya Border Market,2025-01-13
COCONUT,72.79,189254.00,Tanga Coastal Exchange,2025-01-13
COCONUT,67.00,174200.00,Tabora Grain Yard,2025-01-13
COCONUT,74.74,194324.00,Kigoma Lake Hub,2025-01-13
MAIZE,46.55,121030.00,Dar Es Salaam Wholesale,2025-01-20
MAIZE,44.35,115310.00,Mwanza Central Hub,2025-01-20
MAIZE,48.03,124878.00,Arusha North Hub,2025-01-20
MAIZE,45.82,119132.00,Dodoma Wholesale Hub,2025-01-20
MAIZE,43.61,113386.00,Mbeya Border Market,2025-01-20
MAIZE,46.39,120614.00,Tanga Coastal Exchange,2025-01-20
MAIZE,42.80,111280.00,Tabora Grain Yard,2025-01-20
MAIZE,47.86,124436.00,Kigoma Lake Hub,2025-01-20
RICE,66.81,173706.00,Dar Es Salaam Wholesale,2025-01-20
RICE,63.47,165022.00,Mwanza Central Hub,2025-01-20
RICE,68.55,178230.00,Arusha North Hub,2025-01-20
RICE,65.22,169572.00,Dodoma Wholesale Hub,2025-01-20
RICE,61.90,160940.00,Mbeya Border Market,2025-01-20
RICE,65.67,170742.00,Tanga Coastal Exchange,2025-01-20
RICE,60.43,157118.00,Tabora Grain Yard,2025-01-20
RICE,67.41,175266.00,Kigoma Lake Hub,2025-01-20
BEANS,77.17,200642.00,Dar Es Salaam Wholesale,2025-01-20
BEANS,67.88,176488.00,Mwanza Central Hub,2025-01-20
BEANS,73.54,191204.00,Arusha North Hub,2025-01-20
BEANS,70.19,182494.00,Dodoma Wholesale Hub,2025-01-20
BEANS,66.83,173758.00,Mbeya Border Market,2025-01-20
BEANS,71.12,184912.00,Tanga Coastal Exchange,2025-01-20
BEANS,65.65,170690.00,Tabora Grain Yard,2025-01-20
BEANS,73.45,190970.00,Kigoma Lake Hub,2025-01-20
WHEAT,47.88,124488.00,Dar Es Salaam Wholesale,2025-01-20
WHEAT,45.48,118248.00,Mwanza Central Hub,2025-01-20
WHEAT,49.12,127712.00,Arusha North Hub,2025-01-20
WHEAT,46.73,121498.00,Dodoma Wholesale Hub,2025-01-20
WHEAT,44.35,115310.00,Mbeya Border Market,2025-01-20
WHEAT,47.04,122304.00,Tanga Coastal Exchange,2025-01-20
WHEAT,43.29,112554.00,Tabora Grain Yard,2025-01-20
WHEAT,48.27,125502.00,Kigoma Lake Hub,2025-01-20
SORGHUM,39.18,101868.00,Dar Es Salaam Wholesale,2025-01-20
SORGHUM,37.32,97032.00,Mwanza Central Hub,2025-01-20
SORGHUM,40.43,105118.00,Arusha North Hub,2025-01-20
SORGHUM,38.57,100282.00,Dodoma Wholesale Hub,2025-01-20
SORGHUM,36.71,95446.00,Mbeya Border Market,2025-01-20
SORGHUM,39.06,101556.00,Tanga Coastal Exchange,2025-01-20
SORGHUM,36.04,93704.00,Tabora Grain Yard,2025-01-20
SORGHUM,40.32,104832.00,Kigoma Lake Hub,2025-01-20
CASSAVA,28.35,73710.00,Dar Es Salaam Wholesale,2025-01-20
CASSAVA,26.95,70070.00,Mwanza Central Hub,2025-01-20
CASSAVA,29.12,75712.00,Arusha North Hub,2025-01-20
CASSAVA,27.72,72072.00,Dodoma Wholesale Hub,2025-01-20
CASSAVA,26.32,68432.00,Mbeya Border Market,2025-01-20
CASSAVA,27.94,72644.00,Tanga Coastal Exchange,2025-01-20
CASSAVA,25.72,66872.00,Tabora Grain Yard,2025-01-20
CASSAVA,28.69,74594.00,Kigoma Lake Hub,2025-01-20
POTATO,30.46,79196.00,Dar Es Salaam Wholesale,2025-01-20
POTATO,29.00,75400.00,Mwanza Central Hub,2025-01-20
POTATO,31.39,81614.00,Arusha North Hub,2025-01-20
POTATO,29.93,77818.00,Dodoma Wholesale Hub,2025-01-20
POTATO,28.46,73996.00,Mbeya Border Market,2025-01-20
POTATO,30.26,78676.00,Tanga Coastal Exchange,2025-01-20
POTATO,27.91,72566.00,Tabora Grain Yard,2025-01-20
POTATO,31.20,81120.00,Kigoma Lake Hub,2025-01-20
GROUNDNUT,75.07,195182.00,Dar Es Salaam Wholesale,2025-01-20
GROUNDNUT,71.42,185692.00,Mwanza Central Hub,2025-01-20
GROUNDNUT,77.24,200824.00,Arusha North Hub,2025-01-20
GROUNDNUT,73.59,191334.00,Dodoma Wholesale Hub,2025-01-20
GROUNDNUT,69.94,181844.00,Mbeya Border Market,2025-01-20
GROUNDNUT,74.30,193180.00,Tanga Coastal Exchange,2025-01-20
GROUNDNUT,68.45,177970.00,Tabora Grain Yard,2025-01-20
GROUNDNUT,76.45,198770.00,Kigoma Lake Hub,2025-01-20
SUNFLOWER,51.11,132886.00,Dar Es Salaam Wholesale,2025-01-20
SUNFLOWER,48.61,126386.00,Mwanza Central Hub,2025-01-20
SUNFLOWER,52.55,136630.00,Arusha North Hub,2025-01-20
SUNFLOWER,50.05,130130.00,Dodoma Wholesale Hub,2025-01-20
SUNFLOWER,47.56,123656.00,Mbeya Border Market,2025-01-20
SUNFLOWER,50.52,131352.00,Tanga Coastal Exchange,2025-01-20
SUNFLOWER,46.54,121004.00,Tabora Grain Yard,2025-01-20
SUNFLOWER,51.97,135122.00,Kigoma Lake Hub,2025-01-20
COFFEE,75.91,197366.00,Dar Es Salaam Wholesale,2025-01-20
COFFEE,72.29,187954.00,Mwanza Central Hub,2025-01-20
COFFEE,78.26,203476.00,Arusha North Hub,2025-01-20
COFFEE,74.62,194012.00,Dodoma Wholesale Hub,2025-01-20
COFFEE,70.98,184548.00,Mbeya Border Market,2025-01-20
COFFEE,75.48,196248.00,Tanga Coastal Exchange,2025-01-20
COFFEE,69.61,180986.00,Tabora Grain Yard,2025-01-20
COFFEE,77.80,202280.00,Kigoma Lake Hub,2025-01-20
CASHEW,81.84,212784.00,Dar Es Salaam Wholesale,2025-01-20
CASHEW,77.77,202202.00,Mwanza Central Hub,2025-01-20
CASHEW,84.01,218426.00,Arusha North Hub,2025-01-20
CASHEW,79.95,207870.00,Dodoma Wholesale Hub,2025-01-20
CASHEW,75.91,197366.00,Mbeya Border Market,2025-01-20
CASHEW,80.56,209456.00,Tanga Coastal Exchange,2025-01-20
CASHEW,74.15,192790.00,Tabora Grain Yard,2025-01-20
CASHEW,82.74,215124.00,Kigoma Lake Hub,2025-01-20
COCONUT,73.33,190658.00,Dar Es Salaam Wholesale,2025-01-20
COCONUT,69.87,181662.00,Mwanza Central Hub,2025-01-20
COCONUT,75.69,196794.00,Arusha North Hub,2025-01-20
COCONUT,72.22,187772.00,Dodoma Wholesale Hub,2025-01-20
COCONUT,68.75,178750.00,Mbeya Border Market,2025-01-20
COCONUT,73.15,190190.00,Tanga Coastal Exchange,2025-01-20
COCONUT,67.51,175526.00,Tabora Grain Yard,2025-01-20
COCONUT,75.51,196326.00,Kigoma Lake Hub,2025-01-20
MAIZE,46.66,121316.00,Dar Es Salaam Wholesale,2025-01-27
MAIZE,44.33,115258.00,Mwanza Central Hub,2025-01-27
MAIZE,47.88,124488.00,Arusha North Hub,2025-01-27
MAIZE,45.56,118456.00,Dodoma Wholesale Hub,2025-01-27
MAIZE,43.24,112424.00,Mbeya Border Market,2025-01-27
MAIZE,45.88,119288.00,Tanga Coastal Exchange,2025-01-27
MAIZE,42.23,109798.00,Tabora Grain Yard,2025-01-27
MAIZE,47.10,122460.00,Kigoma Lake Hub,2025-01-27
RICE,63.74,165724.00,Dar Es Salaam Wholesale,2025-01-27
RICE,60.74,157924.00,Mwanza Central Hub,2025-01-27
RICE,65.81,171106.00,Arusha North Hub,2025-01-27
RICE,62.80,163280.00,Dodoma Wholesale Hub,2025-01-27
RICE,59.79,155454.00,Mbeya Border Market,2025-01-27
RICE,63.63,165438.00,Tanga Coastal Exchange,2025-01-27
RICE,58.73,152698.00,Tabora Grain Yard,2025-01-27
RICE,65.71,170846.00,Kigoma Lake Hub,2025-01-27
BEANS,72.46,188396.00,Dar Es Salaam Wholesale,2025-01-27
BEANS,68.83,178958.00,Mwanza Central Hub,2025-01-27
BEANS,74.33,193258.00,Arusha North Hub,2025-01-27
BEANS,70.71,183846.00,Dodoma Wholesale Hub,2025-01-27
BEANS,67.10,174460.00,Mbeya Border Market,2025-01-27
BEANS,71.18,185068.00,Tanga Coastal Exchange,2025-01-27
BEANS,65.49,170274.00,Tabora Grain Yard,2025-01-27
BEANS,73.03,189878.00,Kigoma Lake Hub,2025-01-27
WHEAT,48.73,126698.00,Dar Es Salaam Wholesale,2025-01-27
WHEAT,46.43,120718.00,Mwanza Central Hub,2025-01-27
WHEAT,50.29,130754.00,Arusha North Hub,2025-01-27
WHEAT,47.99,124774.00,Dodoma Wholesale Hub,2025-01-27
WHEAT,45.68,118768.00,Mbeya Border Market,2025-01-27
WHEAT,48.60,126360.00,Tanga Coastal Exchange,2025-01-27
WHEAT,44.86,116636.00,Tabora Grain Yard,2025-01-27
WHEAT,50.18,130468.00,Kigoma Lake Hub,2025-01-27
SORGHUM,40.16,104416.00,Dar Es Salaam Wholesale,2025-01-27
SORGHUM,38.17,99242.00,Mwanza Central Hub,2025-01-27
SORGHUM,41.24,107224.00,Arusha North Hub,2025-01-27
SORGHUM,39.25,102050.00,Dodoma Wholesale Hub,2025-01-27
SORGHUM,37.27,96902.00,Mbeya Border Market,2025-01-27
SORGHUM,39.55,102830.00,Tanga Coastal Exchange,2025-01-27
SORGHUM,36.40,94640.00,Tabora Grain Yard,2025-01-27
SORGHUM,40.61,105586.00,Kigoma Lake Hub,2025-01-27
CASSAVA,26.82,69732.00,Dar Es Salaam Wholesale,2025-01-27
CASSAVA,25.54,66404.00,Mwanza Central Hub,2025-01-27
CASSAVA,27.64,71864.00,Arusha North Hub,2025-01-27
CASSAVA,26.36,68536.00,Dodoma Wholesale Hub,2025-01-27
CASSAVA,25.08,65208.00,Mbeya Border Market,2025-01-27
CASSAVA,26.67,69342.00,Tanga Coastal Exchange,2025-01-27
CASSAVA,24.60,63960.00,Tabora Grain Yard,2025-01-27
CASSAVA,27.50,71500.00,Kigoma Lake Hub,2025-01-27
POTATO,32.84,85384.00,Dar Es Salaam Wholesale,2025-01-27
POTATO,31.24,81224.00,Mwanza Central Hub,2025-01-27
POTATO,33.78,87828.00,Arusha North Hub,2025-01-27
POTATO,32.18,83668.00,Dodoma Wholesale Hub,2025-01-27
POTATO,30.58,79508.00,Mbeya Border Market,2025-01-27
POTATO,32.48,84448.00,Tanga Coastal Exchange,2025-01-27
POTATO,29.92,77792.00,Tabora Grain Yard,2025-01-27
POTATO,33.40,86840.00,Kigoma Lake Hub,2025-01-27
GROUNDNUT,69.41,180466.00,Dar Es Salaam Wholesale,2025-01-27
GROUNDNUT,66.02,171652.00,Mwanza Central Hub,2025-01-27
GROUNDNUT,71.40,185640.00,Arusha North Hub,2025-01-27
GROUNDNUT,68.02,176852.00,Dodoma Wholesale Hub,2025-01-27
GROUNDNUT,64.64,168064.00,Mbeya Border Market,2025-01-27
GROUNDNUT,68.67,178542.00,Tanga Coastal Exchange,2025-01-27
GROUNDNUT,63.28,164528.00,Tabora Grain Yard,2025-01-27
GROUNDNUT,70.69,183794.00,Kigoma Lake Hub,2025-01-27
SUNFLOWER,54.78,142428.00,Dar Es Salaam Wholesale,2025-01-27
SUNFLOWER,52.16,135616.00,Mwanza Central Hub,2025-01-27
SUNFLOWER,56.45,146770.00,Arusha North Hub,2025-01-27
SUNFLOWER,53.82,139932.00,Dodoma Wholesale Hub,2025-01-27
SUNFLOWER,51.19,133094.00,Mbeya Border Market,2025-01-27
SUNFLOWER,54.42,141492.00,Tanga Coastal Exchange,2025-01-27
SUNFLOWER,50.17,130442.00,Tabora Grain Yard,2025-01-27
SUNFLOWER,56.07,145782.00,Kigoma Lake Hub,2025-01-27
COFFEE,72.69,188994.00,Dar Es Salaam Wholesale,2025-01-27
COFFEE,69.09,179634.00,Mwanza Central Hub,2025-01-27
COFFEE,74.65,194090.00,Arusha North Hub,2025-01-27
COFFEE,71.05,184730.00,Dodoma Wholesale Hub,2025-01-27
COFFEE,67.46,175396.00,Mbeya Border Market,2025-01-27
COFFEE,71.60,186160.00,Tanga Coastal Exchange,2025-01-27
COFFEE,65.92,171392.00,Tabora Grain Yard,2025-01-27
COFFEE,73.57,191282.00,Kigoma Lake Hub,2025-01-27
CASHEW,82.57,214682.00,Dar Es Salaam Wholesale,2025-01-27
CASHEW,78.67,204542.00,Mwanza Central Hub,2025-01-27
CASHEW,85.21,221546.00,Arusha North Hub,2025-01-27
CASHEW,81.30,211380.00,Dodoma Wholesale Hub,2025-01-27
CASHEW,77.38,201188.00,Mbeya Border Market,2025-01-27
CASHEW,82.33,214058.00,Tanga Coastal Exchange,2025-01-27
CASHEW,75.97,197522.00,Tabora Grain Yard,2025-01-27
CASHEW,84.97,220922.00,Kigoma Lake Hub,2025-01-27
COCONUT,76.04,197704.00,Dar Es Salaam Wholesale,2025-01-27
COCONUT,72.24,187824.00,Mwanza Central Hub,2025-01-27
COCONUT,78.02,202852.00,Arusha North Hub,2025-01-27
COCONUT,74.23,192998.00,Dodoma Wholesale Hub,2025-01-27
COCONUT,70.45,183170.00,Mbeya Border Market,2025-01-27
COCONUT,74.74,194324.00,Tanga Coastal Exchange,2025-01-27
COCONUT,68.77,178802.00,Tabora Grain Yard,2025-01-27
COCONUT,76.71,199446.00,Kigoma Lake Hub,2025-01-27
MAIZE,47.23,122798.00,Dar Es Salaam Wholesale,2025-02-03
MAIZE,45.01,117026.00,Mwanza Central Hub,2025-02-03
MAIZE,48.76,126776.00,Arusha North Hub,2025-02-03
MAIZE,46.53,120978.00,Dodoma Wholesale Hub,2025-02-03
MAIZE,44.30,115180.00,Mbeya Border Market,2025-02-03
MAIZE,47.14,122564.00,Tanga Coastal Exchange,2025-02-03
MAIZE,43.50,113100.00,Tabora Grain Yard,2025-02-03
MAIZE,48.67,126542.00,Kigoma Lake Hub,2025-02-03
RICE,65.26,169676.00,Dar Es Salaam Wholesale,2025-02-03
RICE,61.99,161174.00,Mwanza Central Hub,2025-02-03
RICE,66.94,174044.00,Arusha North Hub,2025-02-03
RICE,63.68,165568.00,Dodoma Wholesale Hub,2025-02-03
RICE,65.47,170222.00,Mbeya Border Market,2025-02-03
RICE,69.46,180596.00,Tanga Coastal Exchange,2025-02-03
RICE,63.91,166166.00,Tabora Grain Yard,2025-02-03
RICE,71.28,185328.00,Kigoma Lake Hub,2025-02-03
BEANS,75.96,197496.00,Dar Es Salaam Wholesale,2025-02-03
BEANS,72.38,188188.00,Mwanza Central Hub,2025-02-03
BEANS,78.40,203840.00,Arusha North Hub,2025-02-03
BEANS,74.81,194506.00,Dodoma Wholesale Hub,2025-02-03
BEANS,71.22,185172.00,Mbeya Border Market,2025-02-03
BEANS,75.78,197028.00,Tanga Coastal Exchange,2025-02-03
BEANS,69.94,181844.00,Tabora Grain Yard,2025-02-03
BEANS,78.25,203450.00,Kigoma Lake Hub,2025-02-03
WHEAT,48.66,126516.00,Dar Es Salaam Wholesale,2025-02-03
WHEAT,46.24,120224.00,Mwanza Central Hub,2025-02-03
WHEAT,49.95,129870.00,Arusha North Hub,2025-02-03
WHEAT,47.54,123604.00,Dodoma Wholesale Hub,2025-02-03
WHEAT,45.12,117312.00,Mbeya Border Market,2025-02-03
WHEAT,47.88,124488.00,Tanga Coastal Exchange,2025-02-03
WHEAT,44.07,114582.00,Tabora Grain Yard,2025-02-03
WHEAT,49.16,127816.00,Kigoma Lake Hub,2025-02-03
SORGHUM,37.40,97240.00,Dar Es Salaam Wholesale,2025-02-03
SORGHUM,35.62,92612.00,Mwanza Central Hub,2025-02-03
SORGHUM,38.56,100256.00,Arusha North Hub,2025-02-03
SORGHUM,36.78,95628.00,Dodoma Wholesale Hub,2025-02-03
SORGHUM,34.99,90974.00,Mbeya Border Market,2025-02-03
SORGHUM,37.22,96772.00,Tanga Coastal Exchange,2025-02-03
SORGHUM,34.33,89258.00,Tabora Grain Yard,2025-02-03
SORGHUM,38.39,99814.00,Kigoma Lake Hub,2025-02-03
CASSAVA,27.63,71838.00,Dar Es Salaam Wholesale,2025-02-03
CASSAVA,26.28,68328.00,Mwanza Central Hub,2025-02-03
CASSAVA,28.41,73866.00,Arusha North Hub,2025-02-03
CASSAVA,27.05,70330.00,Dodoma Wholesale Hub,2025-02-03
CASSAVA,25.70,66820.00,Mbeya Border Market,2025-02-03
CASSAVA,27.29,70954.00,Tanga Coastal Exchange,2025-02-03
CASSAVA,25.14,65364.00,Tabora Grain Yard,2025-02-03
CASSAVA,28.06,72956.00,Kigoma Lake Hub,2025-02-03
POTATO,29.15,75790.00,Dar Es Salaam Wholesale,2025-02-03
POTATO,27.74,72124.00,Mwanza Central Hub,2025-02-03
POTATO,30.00,78000.00,Arusha North Hub,2025-02-03
POTATO,28.59,74334.00,Dodoma Wholesale Hub,2025-02-03
POTATO,27.17,70642.00,Mbeya Border Market,2025-02-03
POTATO,28.87,75062.00,Tanga Coastal Exchange,2025-02-03
POTATO,26.61,69186.00,Tabora Grain Yard,2025-02-03
POTATO,29.73,77298.00,Kigoma Lake Hub,2025-02-03
GROUNDNUT,72.57,188682.00,Dar Es Salaam Wholesale,2025-02-03
GROUNDNUT,69.08,179608.00,Mwanza Central Hub,2025-02-03
GROUNDNUT,74.75,194350.00,Arusha North Hub,2025-02-03
GROUNDNUT,71.26,185276.00,Dodoma Wholesale Hub,2025-02-03
GROUNDNUT,67.76,176176.00,Mbeya Border Market,2025-02-03
GROUNDNUT,72.02,187252.00,Tanga Coastal Exchange,2025-02-03
GROUNDNUT,66.39,172614.00,Tabora Grain Yard,2025-02-03
GROUNDNUT,74.18,192868.00,Kigoma Lake Hub,2025-02-03
SUNFLOWER,51.24,133224.00,Dar Es Salaam Wholesale,2025-02-03
SUNFLOWER,48.71,126646.00,Mwanza Central Hub,2025-02-03
SUNFLOWER,52.64,136864.00,Arusha North Hub,2025-02-03
SUNFLOWER,50.11,130286.00,Dodoma Wholesale Hub,2025-02-03
SUNFLOWER,47.58,123708.00,Mbeya Border Market,2025-02-03
SUNFLOWER,50.52,131352.00,Tanga Coastal Exchange,2025-02-03
SUNFLOWER,46.52,120952.00,Tabora Grain Yard,2025-02-03
SUNFLOWER,51.92,134992.00,Kigoma Lake Hub,2025-02-03
COFFEE,75.43,196118.00,Dar Es Salaam Wholesale,2025-02-03
COFFEE,71.86,186836.00,Mwanza Central Hub,2025-02-03
COFFEE,77.82,202332.00,Arusha North Hub,2025-02-03
COFFEE,74.24,193024.00,Dodoma Wholesale Hub,2025-02-03
COFFEE,70.65,183690.00,Mbeya Border Market,2025-02-03
COFFEE,75.16,195416.00,Tanga Coastal Exchange,2025-02-03
COFFEE,69.34,180284.00,Tabora Grain Yard,2025-02-03
COFFEE,77.54,201604.00,Kigoma Lake Hub,2025-02-03
CASHEW,86.64,225264.00,Dar Es Salaam Wholesale,2025-02-03
CASHEW,82.31,214006.00,Mwanza Central Hub,2025-02-03
CASHEW,88.90,231140.00,Arusha North Hub,2025-02-03
CASHEW,84.58,219908.00,Dodoma Wholesale Hub,2025-02-03
CASHEW,80.28,208728.00,Mbeya Border Market,2025-02-03
CASHEW,85.17,221442.00,Tanga Coastal Exchange,2025-02-03
CASHEW,78.38,203788.00,Tabora Grain Yard,2025-02-03
CASHEW,87.43,227318.00,Kigoma Lake Hub,2025-02-03
COCONUT,74.33,193258.00,Dar Es Salaam Wholesale,2025-02-03
COCONUT,70.84,184184.00,Mwanza Central Hub,2025-02-03
COCONUT,76.75,199550.00,Arusha North Hub,2025-02-03
COCONUT,73.25,190450.00,Dodoma Wholesale Hub,2025-02-03
COCONUT,69.74,181324.00,Mbeya Border Market,2025-02-03
COCONUT,74.22,192972.00,Tanga Coastal Exchange,2025-02-03
COCONUT,68.51,178126.00,Tabora Grain Yard,2025-02-03
COCONUT,76.65,199290.00,Kigoma Lake Hub,2025-02-03
MAIZE,49.91,129766.00,Dar Es Salaam Wholesale,2025-02-10
MAIZE,47.41,123266.00,Mwanza Central Hub,2025-02-10
MAIZE,51.21,133146.00,Arusha North Hub,2025-02-10
MAIZE,48.72,126672.00,Dodoma Wholesale Hub,2025-02-10
MAIZE,46.23,120198.00,Mbeya Border Market,2025-02-10
MAIZE,49.05,127530.00,Tanga Coastal Exchange,2025-02-10
MAIZE,45.13,117338.00,Tabora Grain Yard,2025-02-10
MAIZE,50.34,130884.00,Kigoma Lake Hub,2025-02-10
RICE,69.12,179712.00,Dar Es Salaam Wholesale,2025-02-10
RICE,65.86,171236.00,Mwanza Central Hub,2025-02-10
RICE,71.35,185510.00,Arusha North Hub,2025-02-10
RICE,68.09,177034.00,Dodoma Wholesale Hub,2025-02-10
RICE,64.82,168532.00,Mbeya Border Market,2025-02-10
RICE,68.97,179322.00,Tanga Coastal Exchange,2025-02-10
RICE,63.66,165516.00,Tabora Grain Yard,2025-02-10
RICE,71.22,185172.00,Kigoma Lake Hub,2025-02-10
BEANS,75.26,195676.00,Dar Es Salaam Wholesale,2025-02-10
BEANS,71.51,185926.00,Mwanza Central Hub,2025-02-10
BEANS,77.24,200824.00,Arusha North Hub,2025-02-10
BEANS,73.50,191100.00,Dodoma Wholesale Hub,2025-02-10
BEANS,69.76,181376.00,Mbeya Border Market,2025-02-10
BEANS,74.01,192426.00,Tanga Coastal Exchange,2025-02-10
BEANS,68.11,177086.00,Tabora Grain Yard,2025-02-10
BEANS,75.97,197522.00,Kigoma Lake Hub,2025-02-10
WHEAT,47.24,122824.00,Dar Es Salaam Wholesale,2025-02-10
WHEAT,45.00,117000.00,Mwanza Central Hub,2025-02-10
WHEAT,48.73,126698.00,Arusha North Hub,2025-02-10
WHEAT,46.48,120848.00,Dodoma Wholesale Hub,2025-02-10
WHEAT,44.23,114998.00,Mbeya Border Market,2025-02-10
WHEAT,47.05,122330.00,Tanga Coastal Exchange,2025-02-10
WHEAT,43.41,112866.00,Tabora Grain Yard,2025-02-10
WHEAT,48.55,126230.00,Kigoma Lake Hub,2025-02-10
SORGHUM,39.72,103272.00,Dar Es Salaam Wholesale,2025-02-10
SORGHUM,37.77,98202.00,Mwanza Central Hub,2025-02-10
SORGHUM,40.82,106132.00,Arusha North Hub,2025-02-10
SORGHUM,38.87,101062.00,Dodoma Wholesale Hub,2025-02-10
SORGHUM,36.92,95992.00,Mbeya Border Market,2025-02-10
SORGHUM,39.20,101920.00,Tanga Coastal Exchange,2025-02-10
SORGHUM,36.10,93860.00,Tabora Grain Yard,2025-02-10
SORGHUM,40.29,104754.00,Kigoma Lake Hub,2025-02-10
CASSAVA,25.61,66586.00,Dar Es Salaam Wholesale,2025-02-10
CASSAVA,24.37,63362.00,Mwanza Central Hub,2025-02-10
CASSAVA,26.37,68562.00,Arusha North Hub,2025-02-10
CASSAVA,25.13,65338.00,Dodoma Wholesale Hub,2025-02-10
CASSAVA,23.89,62114.00,Mbeya Border Market,2025-02-10
CASSAVA,25.39,66014.00,Tanga Coastal Exchange,2025-02-10
CASSAVA,23.41,60866.00,Tabora Grain Yard,2025-02-10
CASSAVA,26.16,68016.00,Kigoma Lake Hub,2025-02-10
POTATO,31.55,82030.00,Dar Es Salaam Wholesale,2025-02-10
POTATO,30.03,78078.00,Mwanza Central Hub,2025-02-10
POTATO,32.49,84474.00,Arusha North Hub,2025-02-10
POTATO,30.96,80496.00,Dodoma Wholesale Hub,2025-02-10
POTATO,29.44,76544.00,Mbeya Border Market,2025-02-10
POTATO,31.28,81328.00,Tanga Coastal Exchange,2025-02-10
POTATO,28.83,74958.00,Tabora Grain Yard,2025-02-10
POTATO,32.21,83746.00,Kigoma Lake Hub,2025-02-10
GROUNDNUT,68.02,176852.00,Dar Es Salaam Wholesale,2025-02-10
GROUNDNUT,64.66,168116.00,Mwanza Central Hub,2025-02-10
GROUNDNUT,69.89,181714.00,Arusha North Hub,2025-02-10
GROUNDNUT,66.55,173030.00,Dodoma Wholesale Hub,2025-02-10
GROUNDNUT,63.21,164346.00,Mbeya Border Market,2025-02-10
GROUNDNUT,67.11,174486.00,Tanga Coastal Exchange,2025-02-10
GROUNDNUT,61.81,160706.00,Tabora Grain Yard,2025-02-10
GROUNDNUT,69.00,179400.00,Kigoma Lake Hub,2025-02-10
SUNFLOWER,53.34,138684.00,Dar Es Salaam Wholesale,2025-02-10
SUNFLOWER,50.80,132080.00,Mwanza Central Hub,2025-02-10
SUNFLOWER,55.01,143026.00,Arusha North Hub,2025-02-10
SUNFLOWER,52.47,136422.00,Dodoma Wholesale Hub,2025-02-10
SUNFLOWER,49.93,129818.00,Mbeya Border Market,2025-02-10
SUNFLOWER,53.10,138060.00,Tanga Coastal Exchange,2025-02-10
SUNFLOWER,48.99,127374.00,Tabora Grain Yard,2025-02-10
SUNFLOWER,54.78,142428.00,Kigoma Lake Hub,2025-02-10
COFFEE,75.35,195910.00,Dar Es Salaam Wholesale,2025-02-10
COFFEE,71.59,186134.00,Mwanza Central Hub,2025-02-10
COFFEE,77.32,201032.00,Arusha North Hub,2025-02-10
COFFEE,73.57,191282.00,Dodoma Wholesale Hub,2025-02-10
COFFEE,69.84,181584.00,Mbeya Border Market,2025-02-10
COFFEE,74.10,192660.00,Tanga Coastal Exchange,2025-02-10
COFFEE,68.20,177320.00,Tabora Grain Yard,2025-02-10
COFFEE,76.07,197782.00,Kigoma Lake Hub,2025-02-10
CASHEW,82.99,215774.00,Dar Es Salaam Wholesale,2025-02-10
CASHEW,79.08,205608.00,Mwanza Central Hub,2025-02-10
CASHEW,85.68,222768.00,Arusha North Hub,2025-02-10
CASHEW,81.77,212602.00,Dodoma Wholesale Hub,2025-02-10
CASHEW,77.84,202384.00,Mbeya Border Market,2025-02-10
CASHEW,82.84,215384.00,Tanga Coastal Exchange,2025-02-10
CASHEW,76.46,198796.00,Tabora Grain Yard,2025-02-10
CASHEW,85.54,222404.00,Kigoma Lake Hub,2025-02-10
COCONUT,75.31,195806.00,Dar Es Salaam Wholesale,2025-02-10
COCONUT,71.54,186004.00,Mwanza Central Hub,2025-02-10
COCONUT,77.25,200850.00,Arusha North Hub,2025-02-10
COCONUT,73.49,191074.00,Dodoma Wholesale Hub,2025-02-10
COCONUT,69.74,181324.00,Mbeya Border Market,2025-02-10
COCONUT,73.97,192322.00,Tanga Coastal Exchange,2025-02-10
COCONUT,68.06,176956.00,Tabora Grain Yard,2025-02-10
COCONUT,75.90,197340.00,Kigoma Lake Hub,2025-02-10
MAIZE,49.79,129454.00,Dar Es Salaam Wholesale,2025-02-17
MAIZE,47.45,123370.00,Mwanza Central Hub,2025-02-17
MAIZE,51.40,133640.00,Arusha North Hub,2025-02-17
MAIZE,49.05,127530.00,Dodoma Wholesale Hub,2025-02-17
MAIZE,46.69,121394.00,Mbeya Border Market,2025-02-17
MAIZE,49.69,129194.00,Tanga Coastal Exchange,2025-02-17
MAIZE,42.34,110084.00,Tabora Grain Yard,2025-02-17
MAIZE,47.37,123162.00,Kigoma Lake Hub,2025-02-17
RICE,67.21,174746.00,Dar Es Salaam Wholesale,2025-02-17
RICE,63.85,166010.00,Mwanza Central Hub,2025-02-17
RICE,68.96,179296.00,Arusha North Hub,2025-02-17
RICE,65.61,170586.00,Dodoma Wholesale Hub,2025-02-17
RICE,62.27,161902.00,Mbeya Border Market,2025-02-17
RICE,66.06,171756.00,Tanga Coastal Exchange,2025-02-17
RICE,60.78,158028.00,Tabora Grain Yard,2025-02-17
RICE,67.79,176254.00,Kigoma Lake Hub,2025-02-17
BEANS,74.24,193024.00,Dar Es Salaam Wholesale,2025-02-17
BEANS,70.72,183872.00,Mwanza Central Hub,2025-02-17
BEANS,76.59,199134.00,Arusha North Hub,2025-02-17
BEANS,73.06,189956.00,Dodoma Wholesale Hub,2025-02-17
BEANS,69.54,180804.00,Mbeya Border Market,2025-02-17
BEANS,73.98,192348.00,Tanga Coastal Exchange,2025-02-17
BEANS,68.26,177476.00,Tabora Grain Yard,2025-02-17
BEANS,76.35,198510.00,Kigoma Lake Hub,2025-02-17
WHEAT,49.62,129012.00,Dar Es Salaam Wholesale,2025-02-17
WHEAT,47.18,122668.00,Mwanza Central Hub,2025-02-17
WHEAT,50.98,132548.00,Arusha North Hub,2025-02-17
WHEAT,48.54,126204.00,Dodoma Wholesale Hub,2025-02-17
WHEAT,46.09,119834.00,Mbeya Border Market,2025-02-17
WHEAT,48.93,127218.00,Tanga Coastal Exchange,2025-02-17
WHEAT,45.05,117130.00,Tabora Grain Yard,2025-02-17
WHEAT,50.27,130702.00,Kigoma Lake Hub,2025-02-17
SORGHUM,37.01,96226.00,Dar Es Salaam Wholesale,2025-02-17
SORGHUM,35.23,91598.00,Mwanza Central Hub,2025-02-17
SORGHUM,38.12,99112.00,Arusha North Hub,2025-02-17
SORGHUM,36.34,94484.00,Dodoma Wholesale Hub,2025-02-17
SORGHUM,34.56,89856.00,Mbeya Border Market,2025-02-17
SORGHUM,36.74,95524.00,Tanga Coastal Exchange,2025-02-17
SORGHUM,33.87,88062.00,Tabora Grain Yard,2025-02-17
SORGHUM,37.86,98436.00,Kigoma Lake Hub,2025-02-17
CASSAVA,27.74,72124.00,Dar Es Salaam Wholesale,2025-02-17
CASSAVA,26.40,68640.00,Mwanza Central Hub,2025-02-17
CASSAVA,28.56,74256.00,Arusha North Hub,2025-02-17
CASSAVA,27.21,70746.00,Dodoma Wholesale Hub,2025-02-17
CASSAVA,25.86,67236.00,Mbeya Border Market,2025-02-17
CASSAVA,27.48,71448.00,Tanga Coastal Exchange,2025-02-17
CASSAVA,25.32,65832.00,Tabora Grain Yard,2025-02-17
CASSAVA,28.28,73528.00,Kigoma Lake Hub,2025-02-17
POTATO,29.36,76336.00,Dar Es Salaam Wholesale,2025-02-17
POTATO,27.92,72592.00,Mwanza Central Hub,2025-02-17
POTATO,30.18,78468.00,Arusha North Hub,2025-02-17
POTATO,28.74,74724.00,Dodoma Wholesale Hub,2025-02-17
POTATO,27.30,70980.00,Mbeya Border Market,2025-02-17
POTATO,29.00,75400.00,Tanga Coastal Exchange,2025-02-17
POTATO,26.71,69446.00,Tabora Grain Yard,2025-02-17
POTATO,29.83,77558.00,Kigoma Lake Hub,2025-02-17
GROUNDNUT,71.70,186420.00,Dar Es Salaam Wholesale,2025-02-17
GROUNDNUT,68.28,177528.00,Mwanza Central Hub,2025-02-17
GROUNDNUT,73.93,192218.00,Arusha North Hub,2025-02-17
GROUNDNUT,70.51,183326.00,Dodoma Wholesale Hub,2025-02-17
GROUNDNUT,67.08,174408.00,Mbeya Border Market,2025-02-17
GROUNDNUT,71.33,185458.00,Tanga Coastal Exchange,2025-02-17
GROUNDNUT,65.79,171054.00,Tabora Grain Yard,2025-02-17
GROUNDNUT,73.55,191230.00,Kigoma Lake Hub,2025-02-17
SUNFLOWER,52.39,136214.00,Dar Es Salaam Wholesale,2025-02-17
SUNFLOWER,49.78,129428.00,Mwanza Central Hub,2025-02-17
SUNFLOWER,53.77,139802.00,Arusha North Hub,2025-02-17
SUNFLOWER,51.17,133042.00,Dodoma Wholesale Hub,2025-02-17
SUNFLOWER,48.57,126282.00,Mbeya Border Market,2025-02-17
SUNFLOWER,51.55,134030.00,Tanga Coastal Exchange,2025-02-17
SUNFLOWER,47.44,123344.00,Tabora Grain Yard,2025-02-17
SUNFLOWER,52.93,137618.00,Kigoma Lake Hub,2025-02-17
COFFEE,73.62,191412.00,Dar Es Salaam Wholesale,2025-02-17
COFFEE,70.15,182390.00,Mwanza Central Hub,2025-02-17
COFFEE,75.99,197574.00,Arusha North Hub,2025-02-17
COFFEE,72.52,188552.00,Dodoma Wholesale Hub,2025-02-17
COFFEE,69.04,179504.00,Mbeya Border Market,2025-02-17
COFFEE,73.46,190996.00,Tanga Coastal Exchange,2025-02-17
COFFEE,67.80,176280.00,Tabora Grain Yard,2025-02-17
COFFEE,75.85,197210.00,Kigoma Lake Hub,2025-02-17
CASHEW,82.30,213980.00,Dar Es Salaam Wholesale,2025-02-17
CASHEW,78.18,203268.00,Mwanza Central Hub,2025-02-17
CASHEW,91.46,237796.00,Arusha North Hub,2025-02-17
CASHEW,87.01,226226.00,Dodoma Wholesale Hub,2025-02-17
CASHEW,82.58,214708.00,Mbeya Border Market,2025-02-17
CASHEW,87.60,227760.00,Tanga Coastal Exchange,2025-02-17
CASHEW,80.61,209586.00,Tabora Grain Yard,2025-02-17
CASHEW,89.91,233766.00,Kigoma Lake Hub,2025-02-17
COCONUT,78.46,203996.00,Dar Es Salaam Wholesale,2025-02-17
COCONUT,74.77,194402.00,Mwanza Central Hub,2025-02-17
COCONUT,80.99,210574.00,Arusha North Hub,2025-02-17
COCONUT,77.28,200928.00,Dodoma Wholesale Hub,2025-02-17
COCONUT,73.57,191282.00,Mbeya Border Market,2025-02-17
COCONUT,78.29,203554.00,Tanga Coastal Exchange,2025-02-17
COCONUT,72.25,187850.00,Tabora Grain Yard,2025-02-17
COCONUT,80.83,210158.00,Kigoma Lake Hub,2025-02-17
MAIZE,47.47,123422.00,Dar Es Salaam Wholesale,2025-02-24
MAIZE,45.09,117234.00,Mwanza Central Hub,2025-02-24
MAIZE,48.70,126620.00,Arusha North Hub,2025-02-24
MAIZE,46.33,120458.00,Dodoma Wholesale Hub,2025-02-24
MAIZE,43.96,114296.00,Mbeya Border Market,2025-02-24
MAIZE,46.64,121264.00,Tanga Coastal Exchange,2025-02-24
MAIZE,42.91,111566.00,Tabora Grain Yard,2025-02-24
MAIZE,47.85,124410.00,Kigoma Lake Hub,2025-02-24
RICE,67.46,175396.00,Dar Es Salaam Wholesale,2025-02-24
RICE,64.27,167102.00,Mwanza Central Hub,2025-02-24
RICE,69.61,180986.00,Arusha North Hub,2025-02-24
RICE,66.41,172666.00,Dodoma Wholesale Hub,2025-02-24
RICE,63.21,164346.00,Mbeya Border Market,2025-02-24
RICE,67.26,174876.00,Tanga Coastal Exchange,2025-02-24
RICE,62.07,161382.00,Tabora Grain Yard,2025-02-24
RICE,69.43,180518.00,Kigoma Lake Hub,2025-02-24
BEANS,76.96,200096.00,Dar Es Salaam Wholesale,2025-02-24
BEANS,73.15,190190.00,Mwanza Central Hub,2025-02-24
BEANS,79.04,205504.00,Arusha North Hub,2025-02-24
BEANS,75.23,195598.00,Dodoma Wholesale Hub,2025-02-24
BEANS,71.43,185718.00,Mbeya Border Market,2025-02-24
BEANS,75.82,197132.00,Tanga Coastal Exchange,2025-02-24
BEANS,69.79,181454.00,Tabora Grain Yard,2025-02-24
BEANS,77.87,202462.00,Kigoma Lake Hub,2025-02-24
WHEAT,46.60,121160.00,Dar Es Salaam Wholesale,2025-02-24
WHEAT,44.36,115336.00,Mwanza Central Hub,2025-02-24
WHEAT,48.02,124852.00,Arusha North Hub,2025-02-24
WHEAT,45.78,119028.00,Dodoma Wholesale Hub,2025-02-24
WHEAT,43.55,113230.00,Mbeya Border Market,2025-02-24
WHEAT,46.30,120380.00,Tanga Coastal Exchange,2025-02-24
WHEAT,42.70,111020.00,Tabora Grain Yard,2025-02-24
WHEAT,47.73,124098.00,Kigoma Lake Hub,2025-02-24
SORGHUM,40.02,104052.00,Dar Es Salaam Wholesale,2025-02-24
SORGHUM,38.08,99008.00,Mwanza Central Hub,2025-02-24
SORGHUM,41.18,107068.00,Arusha North Hub,2025-02-24
SORGHUM,39.23,101998.00,Dodoma Wholesale Hub,2025-02-24
SORGHUM,37.28,96928.00,Mbeya Border Market,2025-02-24
SORGHUM,39.60,102960.00,Tanga Coastal Exchange,2025-02-24
SORGHUM,36.49,94874.00,Tabora Grain Yard,2025-02-24
SORGHUM,40.75,105950.00,Kigoma Lake Hub,2025-02-24
CASSAVA,25.70,66820.00,Dar Es Salaam Wholesale,2025-02-24
CASSAVA,24.44,63544.00,Mwanza Central Hub,2025-02-24
CASSAVA,26.43,68718.00,Arusha North Hub,2025-02-24
CASSAVA,25.17,65442.00,Dodoma Wholesale Hub,2025-02-24
CASSAVA,23.92,62192.00,Mbeya Border Market,2025-02-24
CASSAVA,25.41,66066.00,Tanga Coastal Exchange,2025-02-24
CASSAVA,23.41,60866.00,Tabora Grain Yard,2025-02-24
CASSAVA,26.14,67964.00,Kigoma Lake Hub,2025-02-24
POTATO,31.27,81302.00,Dar Es Salaam Wholesale,2025-02-24
POTATO,29.78,77428.00,Mwanza Central Hub,2025-02-24
POTATO,32.24,83824.00,Arusha North Hub,2025-02-24
POTATO,30.74,79924.00,Dodoma Wholesale Hub,2025-02-24
POTATO,29.24,76024.00,Mbeya Border Market,2025-02-24
POTATO,31.09,80834.00,Tanga Coastal Exchange,2025-02-24
POTATO,28.67,74542.00,Tabora Grain Yard,2025-02-24
POTATO,32.04,83304.00,Kigoma Lake Hub,2025-02-24
GROUNDNUT,69.36,180336.00,Dar Es Salaam Wholesale,2025-02-24
GROUNDNUT,65.91,171366.00,Mwanza Central Hub,2025-02-24
GROUNDNUT,71.21,185146.00,Arusha North Hub,2025-02-24
GROUNDNUT,67.77,176202.00,Dodoma Wholesale Hub,2025-02-24
GROUNDNUT,64.34,167284.00,Mbeya Border Market,2025-02-24
GROUNDNUT,68.28,177528.00,Tanga Coastal Exchange,2025-02-24
GROUNDNUT,62.86,163436.00,Tabora Grain Yard,2025-02-24
GROUNDNUT,70.14,182364.00,Kigoma Lake Hub,2025-02-24
SUNFLOWER,52.16,135616.00,Dar Es Salaam Wholesale,2025-02-24
SUNFLOWER,49.70,129220.00,Mwanza Central Hub,2025-02-24
SUNFLOWER,53.84,139984.00,Arusha North Hub,2025-02-24
SUNFLOWER,51.37,133562.00,Dodoma Wholesale Hub,2025-02-24
SUNFLOWER,48.90,127140.00,Mbeya Border Market,2025-02-24
SUNFLOWER,52.03,135278.00,Tanga Coastal Exchange,2025-02-24
SUNFLOWER,48.01,124826.00,Tabora Grain Yard,2025-02-24
SUNFLOWER,53.70,139620.00,Kigoma Lake Hub,2025-02-24
COFFEE,77.49,201474.00,Dar Es Salaam Wholesale,2025-02-24
COFFEE,73.61,191386.00,Mwanza Central Hub,2025-02-24
COFFEE,79.50,206700.00,Arusha North Hub,2025-02-24
COFFEE,75.64,196664.00,Dodoma Wholesale Hub,2025-02-24
COFFEE,71.78,186628.00,Mbeya Border Market,2025-02-24
COFFEE,76.15,197990.00,Tanga Coastal Exchange,2025-02-24
COFFEE,70.07,182182.00,Tabora Grain Yard,2025-02-24
COFFEE,78.15,203190.00,Kigoma Lake Hub,2025-02-24
CASHEW,87.52,227552.00,Dar Es Salaam Wholesale,2025-02-24
CASHEW,83.40,216840.00,Mwanza Central Hub,2025-02-24
CASHEW,90.34,234884.00,Arusha North Hub,2025-02-24
CASHEW,86.21,224146.00,Dodoma Wholesale Hub,2025-02-24
CASHEW,82.07,213382.00,Mbeya Border Market,2025-02-24
CASHEW,87.33,227058.00,Tanga Coastal Exchange,2025-02-24
CASHEW,80.61,209586.00,Tabora Grain Yard,2025-02-24
CASHEW,90.18,234468.00,Kigoma Lake Hub,2025-02-24
COCONUT,77.47,201422.00,Dar Es Salaam Wholesale,2025-02-24
COCONUT,73.61,191386.00,Mwanza Central Hub,2025-02-24
COCONUT,79.50,206700.00,Arusha North Hub,2025-02-24
COCONUT,75.64,196664.00,Dodoma Wholesale Hub,2025-02-24
COCONUT,71.80,186680.00,Mbeya Border Market,2025-02-24
COCONUT,76.17,198042.00,Tanga Coastal Exchange,2025-02-24
COCONUT,70.09,182234.00,Tabora Grain Yard,2025-02-24
COCONUT,78.18,203268.00,Kigoma Lake Hub,2025-02-24
MAIZE,49.91,129766.00,Dar Es Salaam Wholesale,2025-03-03
MAIZE,47.56,123656.00,Mwanza Central Hub,2025-03-03
MAIZE,51.51,133926.00,Arusha North Hub,2025-03-03
MAIZE,49.15,127790.00,Dodoma Wholesale Hub,2025-03-03
MAIZE,46.79,121654.00,Mbeya Border Market,2025-03-03
MAIZE,49.79,129454.00,Tanga Coastal Exchange,2025-03-03
MAIZE,45.95,119470.00,Tabora Grain Yard,2025-03-03
MAIZE,51.40,133640.00,Kigoma Lake Hub,2025-03-03
RICE,69.57,180882.00,Dar Es Salaam Wholesale,2025-03-03
RICE,66.12,171912.00,Mwanza Central Hub,2025-03-03
RICE,71.43,185718.00,Arusha North Hub,2025-03-03
RICE,67.98,176748.00,Dodoma Wholesale Hub,2025-03-03
RICE,64.54,167804.00,Mbeya Border Market,2025-03-03
RICE,68.49,178074.00,Tanga Coastal Exchange,2025-03-03
RICE,63.04,163904.00,Tabora Grain Yard,2025-03-03
RICE,70.33,182858.00,Kigoma Lake Hub,2025-03-03
BEANS,72.28,187928.00,Dar Es Salaam Wholesale,2025-03-03
BEANS,68.83,178958.00,Mwanza Central Hub,2025-03-03
BEANS,74.51,193726.00,Arusha North Hub,2025-03-03
BEANS,71.05,184730.00,Dodoma Wholesale Hub,2025-03-03
BEANS,67.59,175734.00,Mbeya Border Market,2025-03-03
BEANS,71.88,186888.00,Tanga Coastal Exchange,2025-03-03
BEANS,66.31,172406.00,Tabora Grain Yard,2025-03-03
BEANS,74.14,192764.00,Kigoma Lake Hub,2025-03-03
WHEAT,48.80,126880.00,Dar Es Salaam Wholesale,2025-03-03
WHEAT,46.42,120692.00,Mwanza Central Hub,2025-03-03
WHEAT,50.19,130494.00,Arusha North Hub,2025-03-03
WHEAT,47.80,124280.00,Dodoma Wholesale Hub,2025-03-03
WHEAT,45.42,118092.00,Mbeya Border Market,2025-03-03
WHEAT,48.24,125424.00,Tanga Coastal Exchange,2025-03-03
WHEAT,44.43,115518.00,Tabora Grain Yard,2025-03-03
WHEAT,49.61,128986.00,Kigoma Lake Hub,2025-03-03
SORGHUM,35.57,92482.00,Dar Es Salaam Wholesale,2025-03-03
SORGHUM,33.84,87984.00,Mwanza Central Hub,2025-03-03
SORGHUM,36.60,95160.00,Arusha North Hub,2025-03-03
SORGHUM,34.87,90662.00,Dodoma Wholesale Hub,2025-03-03
SORGHUM,33.14,86164.00,Mbeya Border Market,2025-03-03
SORGHUM,35.21,91546.00,Tanga Coastal Exchange,2025-03-03
SORGHUM,32.44,84344.00,Tabora Grain Yard,2025-03-03
SORGHUM,36.24,94224.00,Kigoma Lake Hub,2025-03-03
CASSAVA,26.49,68874.00,Dar Es Salaam Wholesale,2025-03-03
CASSAVA,25.22,65572.00,Mwanza Central Hub,2025-03-03
CASSAVA,27.29,70954.00,Arusha North Hub,2025-03-03
CASSAVA,26.02,67652.00,Dodoma Wholesale Hub,2025-03-03
CASSAVA,24.75,64350.00,Mbeya Border Market,2025-03-03
CASSAVA,26.31,68406.00,Tanga Coastal Exchange,2025-03-03
CASSAVA,24.25,63050.00,Tabora Grain Yard,2025-03-03
CASSAVA,27.10,70460.00,Kigoma Lake Hub,2025-03-03
POTATO,28.94,75244.00,Dar Es Salaam Wholesale,2025-03-03
POTATO,27.51,71526.00,Mwanza Central Hub,2025-03-03
POTATO,29.72,77272.00,Arusha North Hub,2025-03-03
POTATO,28.29,73554.00,Dodoma Wholesale Hub,2025-03-03
POTATO,26.86,69836.00,Mbeya Border Market,2025-03-03
POTATO,28.51,74126.00,Tanga Coastal Exchange,2025-03-03
POTATO,26.25,68250.00,Tabora Grain Yard,2025-03-03
POTATO,29.30,76180.00,Kigoma Lake Hub,2025-03-03
GROUNDNUT,69.47,180622.00,Dar Es Salaam Wholesale,2025-03-03
GROUNDNUT,66.19,172094.00,Mwanza Central Hub,2025-03-03
GROUNDNUT,71.69,186394.00,Arusha North Hub,2025-03-03
GROUNDNUT,68.40,177840.00,Dodoma Wholesale Hub,2025-03-03
GROUNDNUT,65.10,169260.00,Mbeya Border Market,2025-03-03
GROUNDNUT,69.25,180050.00,Tanga Coastal Exchange,2025-03-03
GROUNDNUT,63.90,166140.00,Tabora Grain Yard,2025-03-03
GROUNDNUT,71.47,185822.00,Kigoma Lake Hub,2025-03-03
SUNFLOWER,54.45,141570.00,Dar Es Salaam Wholesale,2025-03-03
SUNFLOWER,51.73,134498.00,Mwanza Central Hub,2025-03-03
SUNFLOWER,55.87,145262.00,Arusha North Hub,2025-03-03
SUNFLOWER,53.15,138190.00,Dodoma Wholesale Hub,2025-03-03
SUNFLOWER,50.45,131170.00,Mbeya Border Market,2025-03-03
SUNFLOWER,53.52,139152.00,Tanga Coastal Exchange,2025-03-03
SUNFLOWER,49.25,128050.00,Tabora Grain Yard,2025-03-03
SUNFLOWER,54.93,142818.00,Kigoma Lake Hub,2025-03-03
COFFEE,80.05,208130.00,Dar Es Salaam Wholesale,2025-03-03
COFFEE,76.28,198328.00,Mwanza Central Hub,2025-03-03
COFFEE,82.63,214838.00,Arusha North Hub,2025-03-03
COFFEE,78.85,205010.00,Dodoma Wholesale Hub,2025-03-03
COFFEE,75.06,195156.00,Mbeya Border Market,2025-03-03
COFFEE,73.74,191724.00,Tanga Coastal Exchange,2025-03-03
COFFEE,68.07,176982.00,Tabora Grain Yard,2025-03-03
COFFEE,76.16,198016.00,Kigoma Lake Hub,2025-03-03
CASHEW,88.31,229606.00,Dar Es Salaam Wholesale,2025-03-03
CASHEW,83.89,218114.00,Mwanza Central Hub,2025-03-03
CASHEW,90.61,235586.00,Arusha North Hub,2025-03-03
CASHEW,86.20,224120.00,Dodoma Wholesale Hub,2025-03-03
CASHEW,81.81,212706.00,Mbeya Border Market,2025-03-03
CASHEW,86.79,225654.00,Tanga Coastal Exchange,2025-03-03
CASHEW,79.86,207636.00,Tabora Grain Yard,2025-03-03
CASHEW,89.06,231556.00,Kigoma Lake Hub,2025-03-03
COCONUT,79.73,207298.00,Dar Es Salaam Wholesale,2025-03-03
COCONUT,75.95,197470.00,Mwanza Central Hub,2025-03-03
COCONUT,82.25,213850.00,Arusha North Hub,2025-03-03
COCONUT,78.48,204048.00,Dodoma Wholesale Hub,2025-03-03
COCONUT,74.69,194194.00,Mbeya Border Market,2025-03-03
COCONUT,79.46,206596.00,Tanga Coastal Exchange,2025-03-03
COCONUT,73.32,190632.00,Tabora Grain Yard,2025-03-03
COCONUT,82.02,213252.00,Kigoma Lake Hub,2025-03-03
MAIZE,50.12,130312.00,Dar Es Salaam Wholesale,2025-03-10
MAIZE,47.63,123838.00,Mwanza Central Hub,2025-03-10
MAIZE,51.45,133770.00,Arusha North Hub,2025-03-10
MAIZE,48.96,127296.00,Dodoma Wholesale Hub,2025-03-10
MAIZE,46.47,120822.00,Mbeya Border Market,2025-03-10
MAIZE,49.31,128206.00,Tanga Coastal Exchange,2025-03-10
MAIZE,45.38,117988.00,Tabora Grain Yard,2025-03-10
MAIZE,50.62,131612.00,Kigoma Lake Hub,2025-03-10
RICE,66.83,173758.00,Dar Es Salaam Wholesale,2025-03-10
RICE,63.65,165490.00,Mwanza Central Hub,2025-03-10
RICE,68.91,179166.00,Arusha North Hub,2025-03-10
RICE,65.73,170898.00,Dodoma Wholesale Hub,2025-03-10
RICE,62.54,162604.00,Mbeya Border Market,2025-03-10
RICE,66.52,172952.00,Tanga Coastal Exchange,2025-03-10
RICE,61.37,159562.00,Tabora Grain Yard,2025-03-10
RICE,68.62,178412.00,Kigoma Lake Hub,2025-03-10
BEANS,77.29,200954.00,Dar Es Salaam Wholesale,2025-03-10
BEANS,73.50,191100.00,Mwanza Central Hub,2025-03-10
BEANS,79.46,206596.00,Arusha North Hub,2025-03-10
BEANS,75.67,196742.00,Dodoma Wholesale Hub,2025-03-10
BEANS,71.88,186888.00,Mbeya Border Market,2025-03-10
BEANS,76.33,198458.00,Tanga Coastal Exchange,2025-03-10
BEANS,70.30,182780.00,Tabora Grain Yard,2025-03-10
BEANS,78.47,204022.00,Kigoma Lake Hub,2025-03-10
WHEAT,45.13,117338.00,Dar Es Salaam Wholesale,2025-03-10
WHEAT,42.94,111644.00,Mwanza Central Hub,2025-03-10
WHEAT,46.45,120770.00,Arusha North Hub,2025-03-10
WHEAT,44.27,115102.00,Dodoma Wholesale Hub,2025-03-10
WHEAT,42.08,109408.00,Mbeya Border Market,2025-03-10
WHEAT,44.72,116272.00,Tanga Coastal Exchange,2025-03-10
WHEAT,41.22,107172.00,Tabora Grain Yard,2025-03-10
WHEAT,46.05,119730.00,Kigoma Lake Hub,2025-03-10
SORGHUM,38.41,99866.00,Dar Es Salaam Wholesale,2025-03-10
SORGHUM,36.56,95056.00,Mwanza Central Hub,2025-03-10
SORGHUM,39.56,102856.00,Arusha North Hub,2025-03-10
SORGHUM,37.71,98046.00,Dodoma Wholesale Hub,2025-03-10
SORGHUM,35.85,93210.00,Mbeya Border Market,2025-03-10
SORGHUM,38.11,99086.00,Tanga Coastal Exchange,2025-03-10
SORGHUM,35.13,91338.00,Tabora Grain Yard,2025-03-10
SORGHUM,39.25,102050.00,Kigoma Lake Hub,2025-03-10
CASSAVA,25.00,65000.00,Dar Es Salaam Wholesale,2025-03-10
CASSAVA,23.77,61802.00,Mwanza Central Hub,2025-03-10
CASSAVA,25.68,66768.00,Arusha North Hub,2025-03-10
CASSAVA,24.45,63570.00,Dodoma Wholesale Hub,2025-03-10
CASSAVA,23.22,60372.00,Mbeya Border Market,2025-03-10
CASSAVA,24.65,64090.00,Tanga Coastal Exchange,2025-03-10
CASSAVA,22.70,59020.00,Tabora Grain Yard,2025-03-10
CASSAVA,25.34,65884.00,Kigoma Lake Hub,2025-03-10
POTATO,29.80,77480.00,Dar Es Salaam Wholesale,2025-03-10
POTATO,28.39,73814.00,Mwanza Central Hub,2025-03-10
POTATO,30.74,79924.00,Arusha North Hub,2025-03-10
POTATO,29.33,76258.00,Dodoma Wholesale Hub,2025-03-10
POTATO,27.91,72566.00,Mbeya Border Market,2025-03-10
POTATO,29.69,77194.00,Tanga Coastal Exchange,2025-03-10
POTATO,27.39,71214.00,Tabora Grain Yard,2025-03-10
POTATO,30.63,79638.00,Kigoma Lake Hub,2025-03-10
GROUNDNUT,70.34,182884.00,Dar Es Salaam Wholesale,2025-03-10
GROUNDNUT,66.83,173758.00,Mwanza Central Hub,2025-03-10
GROUNDNUT,72.18,187668.00,Arusha North Hub,2025-03-10
GROUNDNUT,68.67,178542.00,Dodoma Wholesale Hub,2025-03-10
GROUNDNUT,65.18,169468.00,Mbeya Border Market,2025-03-10
GROUNDNUT,69.16,179816.00,Tanga Coastal Exchange,2025-03-10
GROUNDNUT,63.64,165464.00,Tabora Grain Yard,2025-03-10
GROUNDNUT,70.99,184574.00,Kigoma Lake Hub,2025-03-10
SUNFLOWER,51.36,133536.00,Dar Es Salaam Wholesale,2025-03-10
SUNFLOWER,48.95,127270.00,Mwanza Central Hub,2025-03-10
SUNFLOWER,53.04,137904.00,Arusha North Hub,2025-03-10
SUNFLOWER,50.62,131612.00,Dodoma Wholesale Hub,2025-03-10
SUNFLOWER,48.19,125294.00,Mbeya Border Market,2025-03-10
SUNFLOWER,51.28,133328.00,Tanga Coastal Exchange,2025-03-10
SUNFLOWER,47.34,123084.00,Tabora Grain Yard,2025-03-10
SUNFLOWER,52.96,137696.00,Kigoma Lake Hub,2025-03-10
COFFEE,76.01,197626.00,Dar Es Salaam Wholesale,2025-03-10
COFFEE,72.21,187746.00,Mwanza Central Hub,2025-03-10
COFFEE,77.98,202748.00,Arusha North Hub,2025-03-10
COFFEE,74.18,192868.00,Dodoma Wholesale Hub,2025-03-10
COFFEE,70.40,183040.00,Mbeya Border Market,2025-03-10
COFFEE,74.68,194168.00,Tanga Coastal Exchange,2025-03-10
COFFEE,68.71,178646.00,Tabora Grain Yard,2025-03-10
COFFEE,76.62,199212.00,Kigoma Lake Hub,2025-03-10
CASHEW,88.95,231270.00,Dar Es Salaam Wholesale,2025-03-10
CASHEW,84.75,220350.00,Mwanza Central Hub,2025-03-10
CASHEW,91.79,238654.00,Arusha North Hub,2025-03-10
CASHEW,87.58,227708.00,Dodoma Wholesale Hub,2025-03-10
CASHEW,83.36,216736.00,Mbeya Border Market,2025-03-10
CASHEW,88.70,230620.00,Tanga Coastal Exchange,2025-03-10
CASHEW,81.86,212836.00,Tabora Grain Yard,2025-03-10
CASHEW,91.56,238056.00,Kigoma Lake Hub,2025-03-10
COCONUT,82.42,214292.00,Dar Es Salaam Wholesale,2025-03-10
COCONUT,78.34,203684.00,Mwanza Central Hub,2025-03-10
COCONUT,84.65,220090.00,Arusha North Hub,2025-03-10
COCONUT,80.57,209482.00,Dodoma Wholesale Hub,2025-03-10
COCONUT,76.50,198900.00,Mbeya Border Market,2025-03-10
COCONUT,81.19,211094.00,Tanga Coastal Exchange,2025-03-10
COCONUT,74.73,194298.00,Tabora Grain Yard,2025-03-10
COCONUT,83.38,216788.00,Kigoma Lake Hub,2025-03-10
MAIZE,48.85,127010.00,Dar Es Salaam Wholesale,2025-03-17
MAIZE,46.53,120978.00,Mwanza Central Hub,2025-03-17
MAIZE,50.38,130988.00,Arusha North Hub,2025-03-17
MAIZE,48.06,124956.00,Dodoma Wholesale Hub,2025-03-17
MAIZE,45.74,118924.00,Mbeya Border Market,2025-03-17
MAIZE,48.66,126516.00,Tanga Coastal Exchange,2025-03-17
MAIZE,44.89,116714.00,Tabora Grain Yard,2025-03-17
MAIZE,50.21,130546.00,Kigoma Lake Hub,2025-03-17
RICE,70.79,184054.00,Dar Es Salaam Wholesale,2025-03-17
RICE,67.31,175006.00,Mwanza Central Hub,2025-03-17
RICE,72.75,189150.00,Arusha North Hub,2025-03-17
RICE,69.27,180102.00,Dodoma Wholesale Hub,2025-03-17
RICE,65.79,171054.00,Mbeya Border Market,2025-03-17
RICE,69.85,181610.00,Tanga Coastal Exchange,2025-03-17
RICE,64.32,167232.00,Tabora Grain Yard,2025-03-17
RICE,71.78,186628.00,Kigoma Lake Hub,2025-03-17
BEANS,71.72,186472.00,Dar Es Salaam Wholesale,2025-03-17
BEANS,68.25,177450.00,Mwanza Central Hub,2025-03-17
BEANS,73.85,192010.00,Arusha North Hub,2025-03-17
BEANS,70.38,182988.00,Dodoma Wholesale Hub,2025-03-17
BEANS,66.92,173992.00,Mbeya Border Market,2025-03-17
BEANS,71.13,184938.00,Tanga Coastal Exchange,2025-03-17
BEANS,65.58,170508.00,Tabora Grain Yard,2025-03-17
BEANS,73.29,190554.00,Kigoma Lake Hub,2025-03-17
WHEAT,48.87,127062.00,Dar Es Salaam Wholesale,2025-03-17
WHEAT,46.51,120926.00,Mwanza Central Hub,2025-03-17
WHEAT,50.32,130832.00,Arusha North Hub,2025-03-17
WHEAT,47.95,124670.00,Dodoma Wholesale Hub,2025-03-17
WHEAT,45.59,118534.00,Mbeya Border Market,2025-03-17
WHEAT,48.44,125944.00,Tanga Coastal Exchange,2025-03-17
WHEAT,44.65,116090.00,Tabora Grain Yard,2025-03-17
WHEAT,49.87,129662.00,Kigoma Lake Hub,2025-03-17
SORGHUM,35.93,93418.00,Dar Es Salaam Wholesale,2025-03-17
SORGHUM,34.16,88816.00,Mwanza Central Hub,2025-03-17
SORGHUM,36.92,95992.00,Arusha North Hub,2025-03-17
SORGHUM,35.15,91390.00,Dodoma Wholesale Hub,2025-03-17
SORGHUM,33.39,86814.00,Mbeya Border Market,2025-03-17
SORGHUM,35.46,92196.00,Tanga Coastal Exchange,2025-03-17
SORGHUM,32.66,84916.00,Tabora Grain Yard,2025-03-17
SORGHUM,36.46,94796.00,Kigoma Lake Hub,2025-03-17
CASSAVA,26.11,67886.00,Dar Es Salaam Wholesale,2025-03-17
CASSAVA,24.87,64662.00,Mwanza Central Hub,2025-03-17
CASSAVA,26.93,70018.00,Arusha North Hub,2025-03-17
CASSAVA,25.69,66794.00,Dodoma Wholesale Hub,2025-03-17
CASSAVA,24.44,63544.00,Mbeya Border Market,2025-03-17
CASSAVA,25.99,67574.00,Tanga Coastal Exchange,2025-03-17
CASSAVA,23.98,62348.00,Tabora Grain Yard,2025-03-17
CASSAVA,26.81,69706.00,Kigoma Lake Hub,2025-03-17
POTATO,29.64,77064.00,Dar Es Salaam Wholesale,2025-03-17
POTATO,28.16,73216.00,Mwanza Central Hub,2025-03-17
POTATO,30.42,79092.00,Arusha North Hub,2025-03-17
POTATO,28.94,75244.00,Dodoma Wholesale Hub,2025-03-17
POTATO,27.47,71422.00,Mbeya Border Market,2025-03-17
POTATO,29.15,75790.00,Tanga Coastal Exchange,2025-03-17
POTATO,26.83,69758.00,Tabora Grain Yard,2025-03-17
POTATO,29.93,77818.00,Kigoma Lake Hub,2025-03-17
GROUNDNUT,67.72,176072.00,Dar Es Salaam Wholesale,2025-03-17
GROUNDNUT,64.53,167778.00,Mwanza Central Hub,2025-03-17
GROUNDNUT,69.91,181766.00,Arusha North Hub,2025-03-17
GROUNDNUT,66.72,173472.00,Dodoma Wholesale Hub,2025-03-17
GROUNDNUT,63.52,165152.00,Mbeya Border Market,2025-03-17
GROUNDNUT,67.59,175734.00,Tanga Coastal Exchange,2025-03-17
GROUNDNUT,62.39,162214.00,Tabora Grain Yard,2025-03-17
GROUNDNUT,69.80,181480.00,Kigoma Lake Hub,2025-03-17
SUNFLOWER,51.76,134576.00,Dar Es Salaam Wholesale,2025-03-17
SUNFLOWER,49.17,127842.00,Mwanza Central Hub,2025-03-17
SUNFLOWER,53.10,138060.00,Arusha North Hub,2025-03-17
SUNFLOWER,50.51,131326.00,Dodoma Wholesale Hub,2025-03-17
SUNFLOWER,47.93,124618.00,Mbeya Border Market,2025-03-17
SUNFLOWER,50.84,132184.00,Tanga Coastal Exchange,2025-03-17
SUNFLOWER,46.78,121628.00,Tabora Grain Yard,2025-03-17
SUNFLOWER,56.51,146926.00,Kigoma Lake Hub,2025-03-17
COFFEE,78.03,202878.00,Dar Es Salaam Wholesale,2025-03-17
COFFEE,74.35,193310.00,Mwanza Central Hub,2025-03-17
COFFEE,80.53,209378.00,Arusha North Hub,2025-03-17
COFFEE,76.85,199810.00,Dodoma Wholesale Hub,2025-03-17
COFFEE,73.15,190190.00,Mbeya Border Market,2025-03-17
COFFEE,77.84,202384.00,Tanga Coastal Exchange,2025-03-17
COFFEE,71.84,186784.00,Tabora Grain Yard,2025-03-17
COFFEE,80.36,208936.00,Kigoma Lake Hub,2025-03-17
CASHEW,90.55,235430.00,Dar Es Salaam Wholesale,2025-03-17
CASHEW,86.05,223730.00,Mwanza Central Hub,2025-03-17
CASHEW,92.97,241722.00,Arusha North Hub,2025-03-17
CASHEW,88.47,230022.00,Dodoma Wholesale Hub,2025-03-17
CASHEW,83.99,218374.00,Mbeya Border Market,2025-03-17
CASHEW,89.13,231738.00,Tanga Coastal Exchange,2025-03-17
CASHEW,82.03,213278.00,Tabora Grain Yard,2025-03-17
CASHEW,91.51,237926.00,Kigoma Lake Hub,2025-03-17
COCONUT,78.36,203736.00,Dar Es Salaam Wholesale,2025-03-17
COCONUT,74.62,194012.00,Mwanza Central Hub,2025-03-17
COCONUT,80.78,210028.00,Arusha North Hub,2025-03-17
COCONUT,77.04,200304.00,Dodoma Wholesale Hub,2025-03-17
COCONUT,73.29,190554.00,Mbeya Border Market,2025-03-17
COCONUT,77.95,202670.00,Tanga Coastal Exchange,2025-03-17
COCONUT,71.90,186940.00,Tabora Grain Yard,2025-03-17
COCONUT,80.39,209014.00,Kigoma Lake Hub,2025-03-17
MAIZE,51.15,132990.00,Dar Es Salaam Wholesale,2025-03-24
MAIZE,48.62,126412.00,Mwanza Central Hub,2025-03-24
MAIZE,52.55,136630.00,Arusha North Hub,2025-03-24
MAIZE,50.02,130052.00,Dodoma Wholesale Hub,2025-03-24
MAIZE,47.50,123500.00,Mbeya Border Market,2025-03-24
MAIZE,50.42,131092.00,Tanga Coastal Exchange,2025-03-24
MAIZE,46.42,120692.00,Tabora Grain Yard,2025-03-24
MAIZE,51.80,134680.00,Kigoma Lake Hub,2025-03-24
RICE,66.08,171808.00,Dar Es Salaam Wholesale,2025-03-24
RICE,62.90,163540.00,Mwanza Central Hub,2025-03-24
RICE,68.07,176982.00,Arusha North Hub,2025-03-24
RICE,64.89,168714.00,Dodoma Wholesale Hub,2025-03-24
RICE,61.71,160446.00,Mbeya Border Market,2025-03-24
RICE,65.60,170560.00,Tanga Coastal Exchange,2025-03-24
RICE,60.50,157300.00,Tabora Grain Yard,2025-03-24
RICE,67.62,175812.00,Kigoma Lake Hub,2025-03-24
BEANS,77.68,201968.00,Dar Es Salaam Wholesale,2025-03-24
BEANS,73.91,192166.00,Mwanza Central Hub,2025-03-24
BEANS,79.94,207844.00,Arusha North Hub,2025-03-24
BEANS,76.17,198042.00,Dodoma Wholesale Hub,2025-03-24
BEANS,72.40,188240.00,Mbeya Border Market,2025-03-24
BEANS,76.92,199992.00,Tanga Coastal Exchange,2025-03-24
BEANS,70.88,184288.00,Tabora Grain Yard,2025-03-24
BEANS,79.16,205816.00,Kigoma Lake Hub,2025-03-24
WHEAT,45.41,118066.00,Dar Es Salaam Wholesale,2025-03-24
WHEAT,43.19,112294.00,Mwanza Central Hub,2025-03-24
WHEAT,46.69,121394.00,Arusha North Hub,2025-03-24
WHEAT,44.46,115596.00,Dodoma Wholesale Hub,2025-03-24
WHEAT,42.24,109824.00,Mbeya Border Market,2025-03-24
WHEAT,44.87,116662.00,Tanga Coastal Exchange,2025-03-24
WHEAT,41.33,107458.00,Tabora Grain Yard,2025-03-24
WHEAT,46.15,119990.00,Kigoma Lake Hub,2025-03-24
SORGHUM,37.98,98748.00,Dar Es Salaam Wholesale,2025-03-24
SORGHUM,36.17,94042.00,Mwanza Central Hub,2025-03-24
SORGHUM,39.16,101816.00,Arusha North Hub,2025-03-24
SORGHUM,37.34,97084.00,Dodoma Wholesale Hub,2025-03-24
SORGHUM,35.52,92352.00,Mbeya Border Market,2025-03-24
SORGHUM,37.77,98202.00,Tanga Coastal Exchange,2025-03-24
SORGHUM,34.84,90584.00,Tabora Grain Yard,2025-03-24
SORGHUM,38.95,101270.00,Kigoma Lake Hub,2025-03-24
CASSAVA,25.54,66404.00,Dar Es Salaam Wholesale,2025-03-24
CASSAVA,24.27,63102.00,Mwanza Central Hub,2025-03-24
CASSAVA,26.22,68172.00,Arusha North Hub,2025-03-24
CASSAVA,24.95,64870.00,Dodoma Wholesale Hub,2025-03-24
CASSAVA,23.69,61594.00,Mbeya Border Market,2025-03-24
CASSAVA,25.14,65364.00,Tanga Coastal Exchange,2025-03-24
CASSAVA,23.14,60164.00,Tabora Grain Yard,2025-03-24
CASSAVA,25.81,67106.00,Kigoma Lake Hub,2025-03-24
POTATO,29.10,75660.00,Dar Es Salaam Wholesale,2025-03-24
POTATO,27.73,72098.00,Mwanza Central Hub,2025-03-24
POTATO,30.04,78104.00,Arusha North Hub,2025-03-24
POTATO,28.66,74516.00,Dodoma Wholesale Hub,2025-03-24
POTATO,27.28,70928.00,Mbeya Border Market,2025-03-24
POTATO,29.03,75478.00,Tanga Coastal Exchange,2025-03-24
POTATO,26.79,69654.00,Tabora Grain Yard,2025-03-24
POTATO,29.97,77922.00,Kigoma Lake Hub,2025-03-24
GROUNDNUT,66.80,173680.00,Dar Es Salaam Wholesale,2025-03-24
GROUNDNUT,68.75,178750.00,Mwanza Central Hub,2025-03-24
GROUNDNUT,74.25,193050.00,Arusha North Hub,2025-03-24
GROUNDNUT,70.64,183664.00,Dodoma Wholesale Hub,2025-03-24
GROUNDNUT,67.04,174304.00,Mbeya Border Market,2025-03-24
GROUNDNUT,71.12,184912.00,Tanga Coastal Exchange,2025-03-24
GROUNDNUT,65.44,170144.00,Tabora Grain Yard,2025-03-24
GROUNDNUT,72.99,189774.00,Kigoma Lake Hub,2025-03-24
SUNFLOWER,54.20,140920.00,Dar Es Salaam Wholesale,2025-03-24
SUNFLOWER,51.65,134290.00,Mwanza Central Hub,2025-03-24
SUNFLOWER,55.95,145470.00,Arusha North Hub,2025-03-24
SUNFLOWER,53.39,138814.00,Dodoma Wholesale Hub,2025-03-24
SUNFLOWER,50.83,132158.00,Mbeya Border Market,2025-03-24
SUNFLOWER,54.08,140608.00,Tanga Coastal Exchange,2025-03-24
SUNFLOWER,49.92,129792.00,Tabora Grain Yard,2025-03-24
SUNFLOWER,55.84,145184.00,Kigoma Lake Hub,2025-03-24
COFFEE,78.09,203034.00,Dar Es Salaam Wholesale,2025-03-24
COFFEE,74.21,192946.00,Mwanza Central Hub,2025-03-24
COFFEE,80.16,208416.00,Arusha North Hub,2025-03-24
COFFEE,76.27,198302.00,Dodoma Wholesale Hub,2025-03-24
COFFEE,72.40,188240.00,Mbeya Border Market,2025-03-24
COFFEE,76.82,199732.00,Tanga Coastal Exchange,2025-03-24
COFFEE,70.70,183820.00,Tabora Grain Yard,2025-03-24
COFFEE,78.86,205036.00,Kigoma Lake Hub,2025-03-24
CASHEW,87.21,226746.00,Dar Es Salaam Wholesale,2025-03-24
CASHEW,83.06,215956.00,Mwanza Central Hub,2025-03-24
CASHEW,89.93,233818.00,Arusha North Hub,2025-03-24
CASHEW,85.77,223002.00,Dodoma Wholesale Hub,2025-03-24
CASHEW,81.62,212212.00,Mbeya Border Market,2025-03-24
CASHEW,86.81,225706.00,Tanga Coastal Exchange,2025-03-24
CASHEW,80.09,208234.00,Tabora Grain Yard,2025-03-24
CASHEW,89.57,232882.00,Kigoma Lake Hub,2025-03-24
COCONUT,83.66,217516.00,Dar Es Salaam Wholesale,2025-03-24
COCONUT,79.55,206830.00,Mwanza Central Hub,2025-03-24
COCONUT,86.00,223600.00,Arusha North Hub,2025-03-24
COCONUT,81.89,212914.00,Dodoma Wholesale Hub,2025-03-24
COCONUT,77.79,202254.00,Mbeya Border Market,2025-03-24
COCONUT,82.60,214760.00,Tanga Coastal Exchange,2025-03-24
COCONUT,76.07,197782.00,Tabora Grain Yard,2025-03-24
COCONUT,84.91,220766.00,Kigoma Lake Hub,2025-03-24
MAIZE,48.14,125164.00,Dar Es Salaam Wholesale,2025-03-31
MAIZE,45.84,119184.00,Mwanza Central Hub,2025-03-31
MAIZE,49.61,128986.00,Arusha North Hub,2025-03-31
MAIZE,47.31,123006.00,Dodoma Wholesale Hub,2025-03-31
MAIZE,45.00,117000.00,Mbeya Border Market,2025-03-31
MAIZE,47.85,124410.00,Tanga Coastal Exchange,2025-03-31
MAIZE,44.13,114738.00,Tabora Grain Yard,2025-03-31
MAIZE,49.33,128258.00,Kigoma Lake Hub,2025-03-31
RICE,71.40,185640.00,Dar Es Salaam Wholesale,2025-03-31
RICE,67.92,176592.00,Mwanza Central Hub,2025-03-31
RICE,73.45,190970.00,Arusha North Hub,2025-03-31
RICE,69.97,181922.00,Dodoma Wholesale Hub,2025-03-31
RICE,66.49,172874.00,Mbeya Border Market,2025-03-31
RICE,70.63,183638.00,Tanga Coastal Exchange,2025-03-31
RICE,65.07,169182.00,Tabora Grain Yard,2025-03-31
RICE,72.66,188916.00,Kigoma Lake Hub,2025-03-31
BEANS,71.89,186914.00,Dar Es Salaam Wholesale,2025-03-31
BEANS,68.38,177788.00,Mwanza Central Hub,2025-03-31
BEANS,73.94,192244.00,Arusha North Hub,2025-03-31
BEANS,70.43,183118.00,Dodoma Wholesale Hub,2025-03-31
BEANS,66.93,174018.00,Mbeya Border Market,2025-03-31
BEANS,71.10,184860.00,Tanga Coastal Exchange,2025-03-31
BEANS,65.51,170326.00,Tabora Grain Yard,2025-03-31
BEANS,73.16,190216.00,Kigoma Lake Hub,2025-03-31
WHEAT,48.48,126048.00,Dar Es Salaam Wholesale,2025-03-31
WHEAT,46.17,120042.00,Mwanza Central Hub,2025-03-31
WHEAT,49.97,129922.00,Arusha North Hub,2025-03-31
WHEAT,47.65,123890.00,Dodoma Wholesale Hub,2025-03-31
WHEAT,45.32,117832.00,Mbeya Border Market,2025-03-31
WHEAT,48.18,125268.00,Tanga Coastal Exchange,2025-03-31
WHEAT,44.43,115518.00,Tabora Grain Yard,2025-03-31
WHEAT,49.66,129116.00,Kigoma Lake Hub,2025-03-31
SORGHUM,36.61,95186.00,Dar Es Salaam Wholesale,2025-03-31
SORGHUM,34.79,90454.00,Mwanza Central Hub,2025-03-31
SORGHUM,37.59,97734.00,Arusha North Hub,2025-03-31
SORGHUM,35.77,93002.00,Dodoma Wholesale Hub,2025-03-31
SORGHUM,33.96,88296.00,Mbeya Border Market,2025-03-31
SORGHUM,36.05,93730.00,Tanga Coastal Exchange,2025-03-31
SORGHUM,33.18,86268.00,Tabora Grain Yard,2025-03-31
SORGHUM,37.03,96278.00,Kigoma Lake Hub,2025-03-31
CASSAVA,25.55,66430.00,Dar Es Salaam Wholesale,2025-03-31
CASSAVA,24.34,63284.00,Mwanza Central Hub,2025-03-31
CASSAVA,26.37,68562.00,Arusha North Hub,2025-03-31
CASSAVA,25.16,65416.00,Dodoma Wholesale Hub,2025-03-31
CASSAVA,23.95,62270.00,Mbeya Border Market,2025-03-31
CASSAVA,25.48,66248.00,Tanga Coastal Exchange,2025-03-31
CASSAVA,23.51,61126.00,Tabora Grain Yard,2025-03-31
CASSAVA,26.30,68380.00,Kigoma Lake Hub,2025-03-31
POTATO,30.47,79222.00,Dar Es Salaam Wholesale,2025-03-31
POTATO,28.95,75270.00,Mwanza Central Hub,2025-03-31
POTATO,31.27,81302.00,Arusha North Hub,2025-03-31
POTATO,29.75,77350.00,Dodoma Wholesale Hub,2025-03-31
POTATO,28.23,73398.00,Mbeya Border Market,2025-03-31
POTATO,29.95,77870.00,Tanga Coastal Exchange,2025-03-31
POTATO,27.56,71656.00,Tabora Grain Yard,2025-03-31
POTATO,30.74,79924.00,Kigoma Lake Hub,2025-03-31
GROUNDNUT,71.40,185640.00,Dar Es Salaam Wholesale,2025-03-31
GROUNDNUT,68.04,176904.00,Mwanza Central Hub,2025-03-31
GROUNDNUT,73.71,191646.00,Arusha North Hub,2025-03-31
GROUNDNUT,70.34,182884.00,Dodoma Wholesale Hub,2025-03-31
GROUNDNUT,66.96,174096.00,Mbeya Border Market,2025-03-31
GROUNDNUT,71.25,185250.00,Tanga Coastal Exchange,2025-03-31
GROUNDNUT,65.77,171002.00,Tabora Grain Yard,2025-03-31
GROUNDNUT,73.57,191282.00,Kigoma Lake Hub,2025-03-31
SUNFLOWER,53.27,138502.00,Dar Es Salaam Wholesale,2025-03-31
SUNFLOWER,50.61,131586.00,Mwanza Central Hub,2025-03-31
SUNFLOWER,54.66,142116.00,Arusha North Hub,2025-03-31
SUNFLOWER,52.01,135226.00,Dodoma Wholesale Hub,2025-03-31
SUNFLOWER,49.36,128336.00,Mbeya Border Market,2025-03-31
SUNFLOWER,52.37,136162.00,Tanga Coastal Exchange,2025-03-31
SUNFLOWER,48.19,125294.00,Tabora Grain Yard,2025-03-31
SUNFLOWER,53.75,139750.00,Kigoma Lake Hub,2025-03-31
COFFEE,76.34,198484.00,Dar Es Salaam Wholesale,2025-03-31
COFFEE,72.71,189046.00,Mwanza Central Hub,2025-03-31
COFFEE,78.74,204724.00,Arusha North Hub,2025-03-31
COFFEE,75.12,195312.00,Dodoma Wholesale Hub,2025-03-31
COFFEE,71.48,185848.00,Mbeya Border Market,2025-03-31
COFFEE,76.05,197730.00,Tanga Coastal Exchange,2025-03-31
COFFEE,70.17,182442.00,Tabora Grain Yard,2025-03-31
COFFEE,78.48,204048.00,Kigoma Lake Hub,2025-03-31
CASHEW,92.19,239694.00,Dar Es Salaam Wholesale,2025-03-31
CASHEW,87.65,227890.00,Mwanza Central Hub,2025-03-31
CASHEW,94.73,246298.00,Arusha North Hub,2025-03-31
CASHEW,90.20,234520.00,Dodoma Wholesale Hub,2025-03-31
CASHEW,85.66,222716.00,Mbeya Border Market,2025-03-31
CASHEW,90.94,236444.00,Tanga Coastal Exchange,2025-03-31
CASHEW,83.74,217724.00,Tabora Grain Yard,2025-03-31
CASHEW,93.46,242996.00,Kigoma Lake Hub,2025-03-31
COCONUT,77.70,202020.00,Dar Es Salaam Wholesale,2025-03-31
COCONUT,73.95,192270.00,Mwanza Central Hub,2025-03-31
COCONUT,80.01,208026.00,Arusha North Hub,2025-03-31
COCONUT,76.26,198276.00,Dodoma Wholesale Hub,2025-03-31
COCONUT,72.52,188552.00,Mbeya Border Market,2025-03-31
COCONUT,77.08,200408.00,Tanga Coastal Exchange,2025-03-31
COCONUT,71.07,184782.00,Tabora Grain Yard,2025-03-31
COCONUT,79.42,206492.00,Kigoma Lake Hub,2025-03-31
MAIZE,52.28,135928.00,Dar Es Salaam Wholesale,2025-04-07
MAIZE,49.72,129272.00,Mwanza Central Hub,2025-04-07
MAIZE,53.76,139776.00,Arusha North Hub,2025-04-07
MAIZE,51.20,133120.00,Dodoma Wholesale Hub,2025-04-07
MAIZE,48.65,126490.00,Mbeya Border Market,2025-04-07
MAIZE,51.66,134316.00,Tanga Coastal Exchange,2025-04-07
MAIZE,47.59,123734.00,Tabora Grain Yard,2025-04-07
MAIZE,53.13,138138.00,Kigoma Lake Hub,2025-04-07
RICE,65.33,169858.00,Dar Es Salaam Wholesale,2025-04-07
RICE,62.15,161590.00,Mwanza Central Hub,2025-04-07
RICE,67.22,174772.00,Arusha North Hub,2025-04-07
RICE,64.04,166504.00,Dodoma Wholesale Hub,2025-04-07
RICE,60.87,158262.00,Mbeya Border Market,2025-04-07
RICE,64.68,168168.00,Tanga Coastal Exchange,2025-04-07
RICE,59.61,154986.00,Tabora Grain Yard,2025-04-07
RICE,66.59,173134.00,Kigoma Lake Hub,2025-04-07
BEANS,75.20,195520.00,Dar Es Salaam Wholesale,2025-04-07
BEANS,71.59,186134.00,Mwanza Central Hub,2025-04-07
BEANS,77.48,201448.00,Arusha North Hub,2025-04-07
BEANS,73.87,192062.00,Dodoma Wholesale Hub,2025-04-07
BEANS,70.24,182624.00,Mbeya Border Market,2025-04-07
BEANS,74.67,194142.00,Tanga Coastal Exchange,2025-04-07
BEANS,68.84,178984.00,Tabora Grain Yard,2025-04-07
BEANS,76.93,200018.00,Kigoma Lake Hub,2025-04-07
WHEAT,44.36,115336.00,Dar Es Salaam Wholesale,2025-04-07
WHEAT,42.17,109642.00,Mwanza Central Hub,2025-04-07
WHEAT,45.56,118456.00,Arusha North Hub,2025-04-07
WHEAT,43.37,112762.00,Dodoma Wholesale Hub,2025-04-07
WHEAT,41.18,107068.00,Mbeya Border Market,2025-04-07
WHEAT,43.72,113672.00,Tanga Coastal Exchange,2025-04-07
WHEAT,40.25,104650.00,Tabora Grain Yard,2025-04-07
WHEAT,44.92,116792.00,Kigoma Lake Hub,2025-04-07
SORGHUM,35.76,92976.00,Dar Es Salaam Wholesale,2025-04-07
SORGHUM,34.07,88582.00,Mwanza Central Hub,2025-04-07
SORGHUM,36.90,95940.00,Arusha North Hub,2025-04-07
SORGHUM,35.20,91520.00,Dodoma Wholesale Hub,2025-04-07
SORGHUM,33.50,87100.00,Mbeya Border Market,2025-04-07
SORGHUM,35.64,92664.00,Tanga Coastal Exchange,2025-04-07
SORGHUM,32.89,85514.00,Tabora Grain Yard,2025-04-07
SORGHUM,36.78,95628.00,Kigoma Lake Hub,2025-04-07
CASSAVA,25.44,66144.00,Dar Es Salaam Wholesale,2025-04-07
CASSAVA,24.17,62842.00,Mwanza Central Hub,2025-04-07
CASSAVA,26.10,67860.00,Arusha North Hub,2025-04-07
CASSAVA,24.83,64558.00,Dodoma Wholesale Hub,2025-04-07
CASSAVA,23.57,61282.00,Mbeya Border Market,2025-04-07
CASSAVA,25.00,65000.00,Tanga Coastal Exchange,2025-04-07
CASSAVA,23.01,59826.00,Tabora Grain Yard,2025-04-07
CASSAVA,25.66,66716.00,Kigoma Lake Hub,2025-04-07
POTATO,30.32,78832.00,Dar Es Salaam Wholesale,2025-04-07
POTATO,28.89,75114.00,Mwanza Central Hub,2025-04-07
POTATO,31.30,81380.00,Arusha North Hub,2025-04-07
POTATO,27.57,71682.00,Dodoma Wholesale Hub,2025-04-07
POTATO,26.25,68250.00,Mbeya Border Market,2025-04-07
POTATO,27.94,72644.00,Tanga Coastal Exchange,2025-04-07
POTATO,25.79,67054.00,Tabora Grain Yard,2025-04-07
POTATO,28.85,75010.00,Kigoma Lake Hub,2025-04-07
GROUNDNUT,69.63,181038.00,Dar Es Salaam Wholesale,2025-04-07
GROUNDNUT,66.15,171990.00,Mwanza Central Hub,2025-04-07
GROUNDNUT,71.44,185744.00,Arusha North Hub,2025-04-07
GROUNDNUT,67.96,176696.00,Dodoma Wholesale Hub,2025-04-07
GROUNDNUT,64.50,167700.00,Mbeya Border Market,2025-04-07
GROUNDNUT,68.42,177892.00,Tanga Coastal Exchange,2025-04-07
GROUNDNUT,62.96,163696.00,Tabora Grain Yard,2025-04-07
GROUNDNUT,70.21,182546.00,Kigoma Lake Hub,2025-04-07
SUNFLOWER,54.60,141960.00,Dar Es Salaam Wholesale,2025-04-07
SUNFLOWER,52.02,135252.00,Mwanza Central Hub,2025-04-07
SUNFLOWER,56.34,146484.00,Arusha North Hub,2025-04-07
SUNFLOWER,53.75,139750.00,Dodoma Wholesale Hub,2025-04-07
SUNFLOWER,51.16,133016.00,Mbeya Border Market,2025-04-07
SUNFLOWER,54.43,141518.00,Tanga Coastal Exchange,2025-04-07
SUNFLOWER,50.23,130598.00,Tabora Grain Yard,2025-04-07
SUNFLOWER,56.18,146068.00,Kigoma Lake Hub,2025-04-07
COFFEE,83.06,215956.00,Dar Es Salaam Wholesale,2025-04-07
COFFEE,78.95,205270.00,Mwanza Central Hub,2025-04-07
COFFEE,85.32,221832.00,Arusha North Hub,2025-04-07
COFFEE,81.22,211172.00,Dodoma Wholesale Hub,2025-04-07
COFFEE,77.12,200512.00,Mbeya Border Market,2025-04-07
COFFEE,81.86,212836.00,Tanga Coastal Exchange,2025-04-07
COFFEE,75.37,195962.00,Tabora Grain Yard,2025-04-07
COFFEE,84.10,218660.00,Kigoma Lake Hub,2025-04-07
CASHEW,89.62,233012.00,Dar Es Salaam Wholesale,2025-04-07
CASHEW,85.31,221806.00,Mwanza Central Hub,2025-04-07
CASHEW,92.32,240032.00,Arusha North Hub,2025-04-07
CASHEW,88.02,228852.00,Dodoma Wholesale Hub,2025-04-07
CASHEW,83.71,217646.00,Mbeya Border Market,2025-04-07
CASHEW,88.99,231374.00,Tanga Coastal Exchange,2025-04-07
CASHEW,82.07,213382.00,Tabora Grain Yard,2025-04-07
CASHEW,91.73,238498.00,Kigoma Lake Hub,2025-04-07
COCONUT,86.50,224900.00,Dar Es Salaam Wholesale,2025-04-07
COCONUT,82.30,213980.00,Mwanza Central Hub,2025-04-07
COCONUT,89.02,231452.00,Arusha North Hub,2025-04-07
COCONUT,84.82,220532.00,Dodoma Wholesale Hub,2025-04-07
COCONUT,80.61,209586.00,Mbeya Border Market,2025-04-07
COCONUT,85.64,222664.00,Tanga Coastal Exchange,2025-04-07
COCONUT,78.91,205166.00,Tabora Grain Yard,2025-04-07
COCONUT,88.13,229138.00,Kigoma Lake Hub,2025-04-07
MAIZE,48.38,125788.00,Dar Es Salaam Wholesale,2025-04-14
MAIZE,46.03,119678.00,Mwanza Central Hub,2025-04-14
MAIZE,49.80,129480.00,Arusha North Hub,2025-04-14
MAIZE,47.46,123396.00,Dodoma Wholesale Hub,2025-04-14
MAIZE,45.12,117312.00,Mbeya Border Market,2025-04-14
MAIZE,47.95,124670.00,Tanga Coastal Exchange,2025-04-14
MAIZE,44.20,114920.00,Tabora Grain Yard,2025-04-14
MAIZE,49.38,128388.00,Kigoma Lake Hub,2025-04-14
RICE,70.61,183586.00,Dar Es Salaam Wholesale,2025-04-14
RICE,67.21,174746.00,Mwanza Central Hub,2025-04-14
RICE,72.72,189072.00,Arusha North Hub,2025-04-14
RICE,69.31,180206.00,Dodoma Wholesale Hub,2025-04-14
RICE,65.90,171340.00,Mbeya Border Market,2025-04-14
RICE,70.04,182104.00,Tanga Coastal Exchange,2025-04-14
RICE,64.56,167856.00,Tabora Grain Yard,2025-04-14
RICE,72.13,187538.00,Kigoma Lake Hub,2025-04-14
BEANS,70.80,184080.00,Dar Es Salaam Wholesale,2025-04-14
BEANS,67.31,175006.00,Mwanza Central Hub,2025-04-14
BEANS,72.74,189124.00,Arusha North Hub,2025-04-14
BEANS,69.25,180050.00,Dodoma Wholesale Hub,2025-04-14
BEANS,65.77,171002.00,Mbeya Border Market,2025-04-14
BEANS,69.83,181558.00,Tanga Coastal Exchange,2025-04-14
BEANS,64.30,167180.00,Tabora Grain Yard,2025-04-14
BEANS,71.78,186628.00,Kigoma Lake Hub,2025-04-14
WHEAT,45.85,119210.00,Dar Es Salaam Wholesale,2025-04-14
WHEAT,43.68,113568.00,Mwanza Central Hub,2025-04-14
WHEAT,47.30,122980.00,Arusha North Hub,2025-04-14
WHEAT,45.12,117312.00,Dodoma Wholesale Hub,2025-04-14
WHEAT,42.94,111644.00,Mbeya Border Market,2025-04-14
WHEAT,45.67,118742.00,Tanga Coastal Exchange,2025-04-14
WHEAT,42.13,109538.00,Tabora Grain Yard,2025-04-14
WHEAT,47.11,122486.00,Kigoma Lake Hub,2025-04-14
SORGHUM,36.04,93704.00,Dar Es Salaam Wholesale,2025-04-14
SORGHUM,34.24,89024.00,Mwanza Central Hub,2025-04-14
SORGHUM,36.98,96148.00,Arusha North Hub,2025-04-14
SORGHUM,35.19,91494.00,Dodoma Wholesale Hub,2025-04-14
SORGHUM,33.40,86840.00,Mbeya Border Market,2025-04-14
SORGHUM,35.44,92144.00,Tanga Coastal Exchange,2025-04-14
SORGHUM,32.61,84786.00,Tabora Grain Yard,2025-04-14
SORGHUM,36.38,94588.00,Kigoma Lake Hub,2025-04-14
CASSAVA,24.12,62712.00,Dar Es Salaam Wholesale,2025-04-14
CASSAVA,22.98,59748.00,Mwanza Central Hub,2025-04-14
CASSAVA,24.90,64740.00,Arusha North Hub,2025-04-14
CASSAVA,23.77,61802.00,Dodoma Wholesale Hub,2025-04-14
CASSAVA,22.63,58838.00,Mbeya Border Market,2025-04-14
CASSAVA,24.08,62608.00,Tanga Coastal Exchange,2025-04-14
CASSAVA,22.23,57798.00,Tabora Grain Yard,2025-04-14
CASSAVA,24.87,64662.00,Kigoma Lake Hub,2025-04-14
POTATO,28.64,74464.00,Dar Es Salaam Wholesale,2025-04-14
POTATO,27.21,70746.00,Mwanza Central Hub,2025-04-14
POTATO,29.39,76414.00,Arusha North Hub,2025-04-14
POTATO,27.95,72670.00,Dodoma Wholesale Hub,2025-04-14
POTATO,26.53,68978.00,Mbeya Border Market,2025-04-14
POTATO,28.14,73164.00,Tanga Coastal Exchange,2025-04-14
POTATO,25.89,67314.00,Tabora Grain Yard,2025-04-14
POTATO,28.87,75062.00,Kigoma Lake Hub,2025-04-14
GROUNDNUT,70.46,183196.00,Dar Es Salaam Wholesale,2025-04-14
GROUNDNUT,67.13,174538.00,Mwanza Central Hub,2025-04-14
GROUNDNUT,72.71,189046.00,Arusha North Hub,2025-04-14
GROUNDNUT,69.38,180388.00,Dodoma Wholesale Hub,2025-04-14
GROUNDNUT,66.04,171704.00,Mbeya Border Market,2025-04-14
GROUNDNUT,70.27,182702.00,Tanga Coastal Exchange,2025-04-14
GROUNDNUT,64.85,168610.00,Tabora Grain Yard,2025-04-14
GROUNDNUT,72.54,188604.00,Kigoma Lake Hub,2025-04-14
SUNFLOWER,56.24,146224.00,Dar Es Salaam Wholesale,2025-04-14
SUNFLOWER,53.45,138970.00,Mwanza Central Hub,2025-04-14
SUNFLOWER,57.75,150150.00,Arusha North Hub,2025-04-14
SUNFLOWER,54.97,142922.00,Dodoma Wholesale Hub,2025-04-14
SUNFLOWER,52.19,135694.00,Mbeya Border Market,2025-04-14
SUNFLOWER,55.39,144014.00,Tanga Coastal Exchange,2025-04-14
SUNFLOWER,50.98,132548.00,Tabora Grain Yard,2025-04-14
SUNFLOWER,56.88,147888.00,Kigoma Lake Hub,2025-04-14
COFFEE,78.33,203658.00,Dar Es Salaam Wholesale,2025-04-14
COFFEE,74.58,193908.00,Mwanza Central Hub,2025-04-14
COFFEE,80.72,209872.00,Arusha North Hub,2025-04-14
COFFEE,76.97,200122.00,Dodoma Wholesale Hub,2025-04-14
COFFEE,73.22,190372.00,Mbeya Border Market,2025-04-14
COFFEE,77.86,202436.00,Tanga Coastal Exchange,2025-04-14
COFFEE,71.81,186706.00,Tabora Grain Yard,2025-04-14
COFFEE,80.28,208728.00,Kigoma Lake Hub,2025-04-14
CASHEW,96.76,251576.00,Dar Es Salaam Wholesale,2025-04-14
CASHEW,92.04,239304.00,Mwanza Central Hub,2025-04-14
CASHEW,99.53,258778.00,Arusha North Hub,2025-04-14
CASHEW,94.81,246506.00,Dodoma Wholesale Hub,2025-04-14
CASHEW,90.09,234234.00,Mbeya Border Market,2025-04-14
CASHEW,95.70,248820.00,Tanga Coastal Exchange,2025-04-14
CASHEW,88.16,229216.00,Tabora Grain Yard,2025-04-14
CASHEW,98.44,255944.00,Kigoma Lake Hub,2025-04-14
COCONUT,80.02,208052.00,Dar Es Salaam Wholesale,2025-04-14
COCONUT,76.11,197886.00,Mwanza Central Hub,2025-04-14
COCONUT,82.31,214006.00,Arusha North Hub,2025-04-14
COCONUT,78.41,203866.00,Dodoma Wholesale Hub,2025-04-14
COCONUT,74.51,193726.00,Mbeya Border Market,2025-04-14
COCONUT,79.15,205790.00,Tanga Coastal Exchange,2025-04-14
COCONUT,72.93,189618.00,Tabora Grain Yard,2025-04-14
COCONUT,81.46,211796.00,Kigoma Lake Hub,2025-04-14
MAIZE,52.40,136240.00,Dar Es Salaam Wholesale,2025-04-21
MAIZE,49.87,129662.00,Mwanza Central Hub,2025-04-21
MAIZE,53.95,140270.00,Arusha North Hub,2025-04-21
MAIZE,51.41,133666.00,Dodoma Wholesale Hub,2025-04-21
MAIZE,48.87,127062.00,Mbeya Border Market,2025-04-21
MAIZE,51.93,135018.00,Tanga Coastal Exchange,2025-04-21
MAIZE,47.86,124436.00,Tabora Grain Yard,2025-04-21
MAIZE,53.46,138996.00,Kigoma Lake Hub,2025-04-21
RICE,65.92,171392.00,Dar Es Salaam Wholesale,2025-04-21
RICE,62.68,162968.00,Mwanza Central Hub,2025-04-21
RICE,67.75,176150.00,Arusha North Hub,2025-04-21
RICE,64.51,167726.00,Dodoma Wholesale Hub,2025-04-21
RICE,61.28,159328.00,Mbeya Border Market,2025-04-21
RICE,65.07,169182.00,Tanga Coastal Exchange,2025-04-21
RICE,59.94,155844.00,Tabora Grain Yard,2025-04-21
RICE,66.92,173992.00,Kigoma Lake Hub,2025-04-21
BEANS,74.19,192894.00,Dar Es Salaam Wholesale,2025-04-21
BEANS,70.66,183716.00,Mwanza Central Hub,2025-04-21
BEANS,76.51,198926.00,Arusha North Hub,2025-04-21
BEANS,72.97,189722.00,Dodoma Wholesale Hub,2025-04-21
BEANS,69.43,180518.00,Mbeya Border Market,2025-04-21
BEANS,73.83,191958.00,Tanga Coastal Exchange,2025-04-21
BEANS,68.11,177086.00,Tabora Grain Yard,2025-04-21
BEANS,76.15,197990.00,Kigoma Lake Hub,2025-04-21
WHEAT,45.41,118066.00,Dar Es Salaam Wholesale,2025-04-21
WHEAT,43.14,112164.00,Mwanza Central Hub,2025-04-21
WHEAT,46.60,121160.00,Arusha North Hub,2025-04-21
WHEAT,44.34,115284.00,Dodoma Wholesale Hub,2025-04-21
WHEAT,42.09,109434.00,Mbeya Border Market,2025-04-21
WHEAT,44.66,116116.00,Tanga Coastal Exchange,2025-04-21
WHEAT,41.11,106886.00,Tabora Grain Yard,2025-04-21
WHEAT,45.86,119236.00,Kigoma Lake Hub,2025-04-21
SORGHUM,34.87,90662.00,Dar Es Salaam Wholesale,2025-04-21
SORGHUM,33.23,86398.00,Mwanza Central Hub,2025-04-21
SORGHUM,36.00,93600.00,Arusha North Hub,2025-04-21
SORGHUM,34.36,89336.00,Dodoma Wholesale Hub,2025-04-21
SORGHUM,32.71,85046.00,Mbeya Border Market,2025-04-21
SORGHUM,34.80,90480.00,Tanga Coastal Exchange,2025-04-21
SORGHUM,32.12,83512.00,Tabora Grain Yard,2025-04-21
SORGHUM,35.94,93444.00,Kigoma Lake Hub,2025-04-21
CASSAVA,24.17,62842.00,Dar Es Salaam Wholesale,2025-04-21
CASSAVA,22.96,59696.00,Mwanza Central Hub,2025-04-21
CASSAVA,24.80,64480.00,Arusha North Hub,2025-04-21
CASSAVA,23.59,61334.00,Dodoma Wholesale Hub,2025-04-21
CASSAVA,22.38,58188.00,Mbeya Border Market,2025-04-21
CASSAVA,25.72,66872.00,Tanga Coastal Exchange,2025-04-21
CASSAVA,23.67,61542.00,Tabora Grain Yard,2025-04-21
CASSAVA,26.40,68640.00,Kigoma Lake Hub,2025-04-21
POTATO,29.55,76830.00,Dar Es Salaam Wholesale,2025-04-21
POTATO,28.16,73216.00,Mwanza Central Hub,2025-04-21
POTATO,30.50,79300.00,Arusha North Hub,2025-04-21
POTATO,29.10,75660.00,Dodoma Wholesale Hub,2025-04-21
POTATO,27.70,72020.00,Mbeya Border Market,2025-04-21
POTATO,29.48,76648.00,Tanga Coastal Exchange,2025-04-21
POTATO,27.21,70746.00,Tabora Grain Yard,2025-04-21
POTATO,30.44,79144.00,Kigoma Lake Hub,2025-04-21
GROUNDNUT,71.43,185718.00,Dar Es Salaam Wholesale,2025-04-21
GROUNDNUT,67.88,176488.00,Mwanza Central Hub,2025-04-21
GROUNDNUT,73.33,190658.00,Arusha North Hub,2025-04-21
GROUNDNUT,69.79,181454.00,Dodoma Wholesale Hub,2025-04-21
GROUNDNUT,66.25,172250.00,Mbeya Border Market,2025-04-21
GROUNDNUT,70.30,182780.00,Tanga Coastal Exchange,2025-04-21
GROUNDNUT,64.70,168220.00,Tabora Grain Yard,2025-04-21
GROUNDNUT,72.18,187668.00,Kigoma Lake Hub,2025-04-21
SUNFLOWER,53.63,139438.00,Dar Es Salaam Wholesale,2025-04-21
SUNFLOWER,51.08,132808.00,Mwanza Central Hub,2025-04-21
SUNFLOWER,55.29,143754.00,Arusha North Hub,2025-04-21
SUNFLOWER,52.73,137098.00,Dodoma Wholesale Hub,2025-04-21
SUNFLOWER,50.17,130442.00,Mbeya Border Market,2025-04-21
SUNFLOWER,53.36,138736.00,Tanga Coastal Exchange,2025-04-21
SUNFLOWER,49.22,127972.00,Tabora Grain Yard,2025-04-21
SUNFLOWER,55.04,143104.00,Kigoma Lake Hub,2025-04-21
COFFEE,84.10,218660.00,Dar Es Salaam Wholesale,2025-04-21
COFFEE,79.99,207974.00,Mwanza Central Hub,2025-04-21
COFFEE,86.48,224848.00,Arusha North Hub,2025-04-21
COFFEE,82.36,214136.00,Dodoma Wholesale Hub,2025-04-21
COFFEE,78.25,203450.00,Mbeya Border Market,2025-04-21
COFFEE,83.10,216060.00,Tanga Coastal Exchange,2025-04-21
COFFEE,76.54,199004.00,Tabora Grain Yard,2025-04-21
COFFEE,85.45,222170.00,Kigoma Lake Hub,2025-04-21
CASHEW,89.43,232518.00,Dar Es Salaam Wholesale,2025-04-21
CASHEW,85.08,221208.00,Mwanza Central Hub,2025-04-21
CASHEW,92.02,239252.00,Arusha North Hub,2025-04-21
CASHEW,87.68,227968.00,Dodoma Wholesale Hub,2025-04-21
CASHEW,83.34,216684.00,Mbeya Border Market,2025-04-21
CASHEW,88.55,230230.00,Tanga Coastal Exchange,2025-04-21
CASHEW,81.61,212186.00,Tabora Grain Yard,2025-04-21
CASHEW,91.17,237042.00,Kigoma Lake Hub,2025-04-21
COCONUT,86.16,224016.00,Dar Es Salaam Wholesale,2025-04-21
COCONUT,82.03,213278.00,Mwanza Central Hub,2025-04-21
COCONUT,88.77,230802.00,Arusha North Hub,2025-04-21
COCONUT,84.62,220012.00,Dodoma Wholesale Hub,2025-04-21
COCONUT,80.47,209222.00,Mbeya Border Market,2025-04-21
COCONUT,85.53,222378.00,Tanga Coastal Exchange,2025-04-21
COCONUT,78.86,205036.00,Tabora Grain Yard,2025-04-21
COCONUT,88.12,229112.00,Kigoma Lake Hub,2025-04-21
MAIZE,48.63,126438.00,Dar Es Salaam Wholesale,2025-04-28
MAIZE,46.25,120250.00,Mwanza Central Hub,2025-04-28
MAIZE,50.00,130000.00,Arusha North Hub,2025-04-28
MAIZE,47.62,123812.00,Dodoma Wholesale Hub,2025-04-28
MAIZE,45.25,117650.00,Mbeya Border Market,2025-04-28
MAIZE,48.06,124956.00,Tanga Coastal Exchange,2025-04-28
MAIZE,44.27,115102.00,Tabora Grain Yard,2025-04-28
MAIZE,49.44,128544.00,Kigoma Lake Hub,2025-04-28
RICE,69.87,181662.00,Dar Es Salaam Wholesale,2025-04-28
RICE,66.54,173004.00,Mwanza Central Hub,2025-04-28
RICE,72.03,187278.00,Arusha North Hub,2025-04-28
RICE,68.69,178594.00,Dodoma Wholesale Hub,2025-04-28
RICE,65.35,169910.00,Mbeya Border Market,2025-04-28
RICE,69.48,180648.00,Tanga Coastal Exchange,2025-04-28
RICE,64.08,166608.00,Tabora Grain Yard,2025-04-28
RICE,71.63,186238.00,Kigoma Lake Hub,2025-04-28
BEANS,72.30,187980.00,Dar Es Salaam Wholesale,2025-04-28
BEANS,68.70,178620.00,Mwanza Central Hub,2025-04-28
BEANS,74.21,192946.00,Arusha North Hub,2025-04-28
BEANS,70.62,183612.00,Dodoma Wholesale Hub,2025-04-28
BEANS,67.05,174330.00,Mbeya Border Market,2025-04-28
BEANS,71.15,184990.00,Tanga Coastal Exchange,2025-04-28
BEANS,65.49,170274.00,Tabora Grain Yard,2025-04-28
BEANS,73.07,189982.00,Kigoma Lake Hub,2025-04-28
WHEAT,44.79,116454.00,Dar Es Salaam Wholesale,2025-04-28
WHEAT,42.68,110968.00,Mwanza Central Hub,2025-04-28
WHEAT,46.24,120224.00,Arusha North Hub,2025-04-28
WHEAT,44.12,114712.00,Dodoma Wholesale Hub,2025-04-28
WHEAT,42.00,109200.00,Mbeya Border Market,2025-04-28
WHEAT,44.69,116194.00,Tanga Coastal Exchange,2025-04-28
WHEAT,41.24,107224.00,Tabora Grain Yard,2025-04-28
WHEAT,46.14,119964.00,Kigoma Lake Hub,2025-04-28
SORGHUM,37.08,96408.00,Dar Es Salaam Wholesale,2025-04-28
SORGHUM,35.22,91572.00,Mwanza Central Hub,2025-04-28
SORGHUM,38.04,98904.00,Arusha North Hub,2025-04-28
SORGHUM,36.19,94094.00,Dodoma Wholesale Hub,2025-04-28
SORGHUM,34.34,89284.00,Mbeya Border Market,2025-04-28
SORGHUM,36.44,94744.00,Tanga Coastal Exchange,2025-04-28
SORGHUM,33.53,87178.00,Tabora Grain Yard,2025-04-28
SORGHUM,37.39,97214.00,Kigoma Lake Hub,2025-04-28
CASSAVA,25.44,66144.00,Dar Es Salaam Wholesale,2025-04-28
CASSAVA,24.25,63050.00,Mwanza Central Hub,2025-04-28
CASSAVA,26.27,68302.00,Arusha North Hub,2025-04-28
CASSAVA,25.06,65156.00,Dodoma Wholesale Hub,2025-04-28
CASSAVA,23.86,62036.00,Mbeya Border Market,2025-04-28
CASSAVA,25.39,66014.00,Tanga Coastal Exchange,2025-04-28
CASSAVA,23.43,60918.00,Tabora Grain Yard,2025-04-28
CASSAVA,26.22,68172.00,Kigoma Lake Hub,2025-04-28
POTATO,29.44,76544.00,Dar Es Salaam Wholesale,2025-04-28
POTATO,27.98,72748.00,Mwanza Central Hub,2025-04-28
POTATO,30.22,78572.00,Arusha North Hub,2025-04-28
POTATO,28.75,74750.00,Dodoma Wholesale Hub,2025-04-28
POTATO,27.29,70954.00,Mbeya Border Market,2025-04-28
POTATO,28.96,75296.00,Tanga Coastal Exchange,2025-04-28
POTATO,26.65,69290.00,Tabora Grain Yard,2025-04-28
POTATO,29.72,77272.00,Kigoma Lake Hub,2025-04-28
GROUNDNUT,69.04,179504.00,Dar Es Salaam Wholesale,2025-04-28
GROUNDNUT,65.76,170976.00,Mwanza Central Hub,2025-04-28
GROUNDNUT,71.20,185120.00,Arusha North Hub,2025-04-28
GROUNDNUT,67.91,176566.00,Dodoma Wholesale Hub,2025-04-28
GROUNDNUT,64.62,168012.00,Mbeya Border Market,2025-04-28
GROUNDNUT,68.74,178724.00,Tanga Coastal Exchange,2025-04-28
GROUNDNUT,63.42,164892.00,Tabora Grain Yard,2025-04-28
GROUNDNUT,70.93,184418.00,Kigoma Lake Hub,2025-04-28
SUNFLOWER,57.13,148538.00,Dar Es Salaam Wholesale,2025-04-28
SUNFLOWER,54.32,141232.00,Mwanza Central Hub,2025-04-28
SUNFLOWER,58.72,152672.00,Arusha North Hub,2025-04-28
SUNFLOWER,55.92,145392.00,Dodoma Wholesale Hub,2025-04-28
SUNFLOWER,53.11,138086.00,Mbeya Border Market,2025-04-28
SUNFLOWER,56.39,146614.00,Tanga Coastal Exchange,2025-04-28
SUNFLOWER,51.93,135018.00,Tabora Grain Yard,2025-04-28
SUNFLOWER,57.97,150722.00,Kigoma Lake Hub,2025-04-28
COFFEE,77.87,202462.00,Dar Es Salaam Wholesale,2025-04-28
COFFEE,74.10,192660.00,Mwanza Central Hub,2025-04-28
COFFEE,80.16,208416.00,Arusha North Hub,2025-04-28
COFFEE,76.40,198640.00,Dodoma Wholesale Hub,2025-04-28
COFFEE,72.63,188838.00,Mbeya Border Market,2025-04-28
COFFEE,77.19,200694.00,Tanga Coastal Exchange,2025-04-28
COFFEE,71.16,185016.00,Tabora Grain Yard,2025-04-28
COFFEE,79.51,206726.00,Kigoma Lake Hub,2025-04-28
CASHEW,96.71,251446.00,Dar Es Salaam Wholesale,2025-04-28
CASHEW,92.05,239330.00,Mwanza Central Hub,2025-04-28
CASHEW,99.60,258960.00,Arusha North Hub,2025-04-28
CASHEW,94.93,246818.00,Dodoma Wholesale Hub,2025-04-28
CASHEW,90.25,234650.00,Mbeya Border Market,2025-04-28
CASHEW,95.91,249366.00,Tanga Coastal Exchange,2025-04-28
CASHEW,88.41,229866.00,Tabora Grain Yard,2025-04-28
CASHEW,98.77,256802.00,Kigoma Lake Hub,2025-04-28
COCONUT,80.97,210522.00,Dar Es Salaam Wholesale,2025-04-28
COCONUT,76.98,200148.00,Mwanza Central Hub,2025-04-28
COCONUT,83.19,216294.00,Arusha North Hub,2025-04-28
COCONUT,79.21,205946.00,Dodoma Wholesale Hub,2025-04-28
COCONUT,75.23,195598.00,Mbeya Border Market,2025-04-28
COCONUT,79.87,207662.00,Tanga Coastal Exchange,2025-04-28
COCONUT,73.56,191256.00,Tabora Grain Yard,2025-04-28
COCONUT,82.11,213486.00,Kigoma Lake Hub,2025-04-28
MAIZE,51.51,133926.00,Dar Es Salaam Wholesale,2025-05-05
MAIZE,49.05,127530.00,Mwanza Central Hub,2025-05-05
MAIZE,53.09,138034.00,Arusha North Hub,2025-05-05
MAIZE,50.62,131612.00,Dodoma Wholesale Hub,2025-05-05
MAIZE,48.14,125164.00,Mbeya Border Market,2025-05-05
MAIZE,51.18,133068.00,Tanga Coastal Exchange,2025-05-05
MAIZE,47.19,122694.00,Tabora Grain Yard,2025-05-05
MAIZE,52.75,137150.00,Kigoma Lake Hub,2025-05-05
RICE,65.29,169754.00,Dar Es Salaam Wholesale,2025-05-05
RICE,62.04,161304.00,Mwanza Central Hub,2025-05-05
RICE,67.03,174278.00,Arusha North Hub,2025-05-05
RICE,63.80,165880.00,Dodoma Wholesale Hub,2025-05-05
RICE,60.58,157508.00,Mbeya Border Market,2025-05-05
RICE,64.30,167180.00,Tanga Coastal Exchange,2025-05-05
RICE,59.19,153894.00,Tabora Grain Yard,2025-05-05
RICE,66.05,171730.00,Kigoma Lake Hub,2025-05-05
BEANS,69.84,181584.00,Dar Es Salaam Wholesale,2025-05-05
BEANS,66.54,173004.00,Mwanza Central Hub,2025-05-05
BEANS,72.07,187382.00,Arusha North Hub,2025-05-05
BEANS,68.77,178802.00,Dodoma Wholesale Hub,2025-05-05
BEANS,65.45,170170.00,Mbeya Border Market,2025-05-05
BEANS,69.64,181064.00,Tanga Coastal Exchange,2025-05-05
BEANS,64.26,167076.00,Tabora Grain Yard,2025-05-05
BEANS,71.88,186888.00,Kigoma Lake Hub,2025-05-05
WHEAT,44.81,116506.00,Dar Es Salaam Wholesale,2025-05-05
WHEAT,42.57,110682.00,Mwanza Central Hub,2025-05-05
WHEAT,45.97,119522.00,Arusha North Hub,2025-05-05
WHEAT,43.74,113724.00,Dodoma Wholesale Hub,2025-05-05
WHEAT,41.51,107926.00,Mbeya Border Market,2025-05-05
WHEAT,44.04,114504.00,Tanga Coastal Exchange,2025-05-05
WHEAT,40.52,105352.00,Tabora Grain Yard,2025-05-05
WHEAT,45.20,117520.00,Kigoma Lake Hub,2025-05-05
SORGHUM,35.64,92664.00,Dar Es Salaam Wholesale,2025-05-05
SORGHUM,33.97,88322.00,Mwanza Central Hub,2025-05-05
SORGHUM,36.79,95654.00,Arusha North Hub,2025-05-05
SORGHUM,35.11,91286.00,Dodoma Wholesale Hub,2025-05-05
SORGHUM,33.43,86918.00,Mbeya Border Market,2025-05-05
SORGHUM,35.57,92482.00,Tanga Coastal Exchange,2025-05-05
SORGHUM,32.83,85358.00,Tabora Grain Yard,2025-05-05
SORGHUM,36.73,95498.00,Kigoma Lake Hub,2025-05-05
CASSAVA,24.60,63960.00,Dar Es Salaam Wholesale,2025-05-05
CASSAVA,23.37,60762.00,Mwanza Central Hub,2025-05-05
CASSAVA,25.24,65624.00,Arusha North Hub,2025-05-05
CASSAVA,24.02,62452.00,Dodoma Wholesale Hub,2025-05-05
CASSAVA,22.79,59254.00,Mbeya Border Market,2025-05-05
CASSAVA,24.18,62868.00,Tanga Coastal Exchange,2025-05-05
CASSAVA,22.25,57850.00,Tabora Grain Yard,2025-05-05
CASSAVA,24.82,64532.00,Kigoma Lake Hub,2025-05-05
POTATO,29.23,75998.00,Dar Es Salaam Wholesale,2025-05-05
POTATO,27.85,72410.00,Mwanza Central Hub,2025-05-05
POTATO,30.16,78416.00,Arusha North Hub,2025-05-05
POTATO,28.77,74802.00,Dodoma Wholesale Hub,2025-05-05
POTATO,27.38,71188.00,Mbeya Border Market,2025-05-05
POTATO,29.13,75738.00,Tanga Coastal Exchange,2025-05-05
POTATO,26.88,69888.00,Tabora Grain Yard,2025-05-05
POTATO,30.06,78156.00,Kigoma Lake Hub,2025-05-05
GROUNDNUT,75.07,195182.00,Dar Es Salaam Wholesale,2025-05-05
GROUNDNUT,71.37,185562.00,Mwanza Central Hub,2025-05-05
GROUNDNUT,77.13,200538.00,Arusha North Hub,2025-05-05
GROUNDNUT,73.44,190944.00,Dodoma Wholesale Hub,2025-05-05
GROUNDNUT,69.74,181324.00,Mbeya Border Market,2025-05-05
GROUNDNUT,74.04,192504.00,Tanga Coastal Exchange,2025-05-05
GROUNDNUT,68.17,177242.00,Tabora Grain Yard,2025-05-05
GROUNDNUT,76.08,197808.00,Kigoma Lake Hub,2025-05-05
SUNFLOWER,55.35,143910.00,Dar Es Salaam Wholesale,2025-05-05
SUNFLOWER,52.68,136968.00,Mwanza Central Hub,2025-05-05
SUNFLOWER,57.00,148200.00,Arusha North Hub,2025-05-05
SUNFLOWER,54.33,141258.00,Dodoma Wholesale Hub,2025-05-05
SUNFLOWER,51.66,134316.00,Mbeya Border Market,2025-05-05
SUNFLOWER,54.92,142792.00,Tanga Coastal Exchange,2025-05-05
SUNFLOWER,50.64,131664.00,Tabora Grain Yard,2025-05-05
SUNFLOWER,56.59,147134.00,Kigoma Lake Hub,2025-05-05
COFFEE,87.73,228098.00,Dar Es Salaam Wholesale,2025-05-05
COFFEE,83.49,217074.00,Mwanza Central Hub,2025-05-05
COFFEE,90.31,234806.00,Arusha North Hub,2025-05-05
COFFEE,86.06,223756.00,Dodoma Wholesale Hub,2025-05-05
COFFEE,81.81,212706.00,Mbeya Border Market,2025-05-05
COFFEE,86.92,225992.00,Tanga Coastal Exchange,2025-05-05
COFFEE,80.10,208260.00,Tabora Grain Yard,2025-05-05
COFFEE,89.48,232648.00,Kigoma Lake Hub,2025-05-05
CASHEW,92.71,241046.00,Dar Es Salaam Wholesale,2025-05-05
CASHEW,88.15,229190.00,Mwanza Central Hub,2025-05-05
CASHEW,95.29,247754.00,Arusha North Hub,2025-05-05
CASHEW,90.74,235924.00,Dodoma Wholesale Hub,2025-05-05
CASHEW,86.20,224120.00,Mbeya Border Market,2025-05-05
CASHEW,91.54,238004.00,Tanga Coastal Exchange,2025-05-05
CASHEW,84.31,219206.00,Tabora Grain Yard,2025-05-05
CASHEW,94.14,244764.00,Kigoma Lake Hub,2025-05-05
COCONUT,85.90,223340.00,Dar Es Salaam Wholesale,2025-05-05
COCONUT,81.81,212706.00,Mwanza Central Hub,2025-05-05
COCONUT,88.58,230308.00,Arusha North Hub,2025-05-05
COCONUT,84.48,219648.00,Dodoma Wholesale Hub,2025-05-05
COCONUT,80.38,208988.00,Mbeya Border Market,2025-05-05
COCONUT,85.48,222248.00,Tanga Coastal Exchange,2025-05-05
COCONUT,78.85,205010.00,Tabora Grain Yard,2025-05-05
COCONUT,88.15,229190.00,Kigoma Lake Hub,2025-05-05
MAIZE,48.88,127088.00,Dar Es Salaam Wholesale,2025-05-12
MAIZE,46.46,120796.00,Mwanza Central Hub,2025-05-12
MAIZE,50.20,130520.00,Arusha North Hub,2025-05-12
MAIZE,47.79,124254.00,Dodoma Wholesale Hub,2025-05-12
MAIZE,45.38,117988.00,Mbeya Border Market,2025-05-12
MAIZE,48.18,125268.00,Tanga Coastal Exchange,2025-05-12
MAIZE,44.36,115336.00,Tabora Grain Yard,2025-05-12
MAIZE,49.51,128726.00,Kigoma Lake Hub,2025-05-12
RICE,66.70,173420.00,Dar Es Salaam Wholesale,2025-05-12
RICE,63.55,165230.00,Mwanza Central Hub,2025-05-12
RICE,68.82,178932.00,Arusha North Hub,2025-05-12
RICE,65.66,170716.00,Dodoma Wholesale Hub,2025-05-12
RICE,62.49,162474.00,Mbeya Border Market,2025-05-12
RICE,66.47,172822.00,Tanga Coastal Exchange,2025-05-12
RICE,61.33,159458.00,Tabora Grain Yard,2025-05-12
RICE,68.59,178334.00,Kigoma Lake Hub,2025-05-12
BEANS,71.37,185562.00,Dar Es Salaam Wholesale,2025-05-12
BEANS,67.81,176306.00,Mwanza Central Hub,2025-05-12
BEANS,73.23,190398.00,Arusha North Hub,2025-05-12
BEANS,69.68,181168.00,Dodoma Wholesale Hub,2025-05-12
BEANS,66.13,171938.00,Mbeya Border Market,2025-05-12
BEANS,70.16,182416.00,Tanga Coastal Exchange,2025-05-12
BEANS,64.56,167856.00,Tabora Grain Yard,2025-05-12
BEANS,72.01,187226.00,Kigoma Lake Hub,2025-05-12
WHEAT,45.33,117858.00,Dar Es Salaam Wholesale,2025-05-12
WHEAT,39.87,103662.00,Mwanza Central Hub,2025-05-12
WHEAT,43.20,112320.00,Arusha North Hub,2025-05-12
WHEAT,41.23,107198.00,Dodoma Wholesale Hub,2025-05-12
WHEAT,39.25,102050.00,Mbeya Border Market,2025-05-12
WHEAT,41.77,108602.00,Tanga Coastal Exchange,2025-05-12
WHEAT,38.56,100256.00,Tabora Grain Yard,2025-05-12
WHEAT,43.14,112164.00,Kigoma Lake Hub,2025-05-12
SORGHUM,34.19,88894.00,Dar Es Salaam Wholesale,2025-05-12
SORGHUM,32.48,84448.00,Mwanza Central Hub,2025-05-12
SORGHUM,35.07,91182.00,Arusha North Hub,2025-05-12
SORGHUM,33.37,86762.00,Dodoma Wholesale Hub,2025-05-12
SORGHUM,31.66,82316.00,Mbeya Border Market,2025-05-12
SORGHUM,33.59,87334.00,Tanga Coastal Exchange,2025-05-12
SORGHUM,30.91,80366.00,Tabora Grain Yard,2025-05-12
SORGHUM,34.47,89622.00,Kigoma Lake Hub,2025-05-12
CASSAVA,24.56,63856.00,Dar Es Salaam Wholesale,2025-05-12
CASSAVA,23.39,60814.00,Mwanza Central Hub,2025-05-12
CASSAVA,25.34,65884.00,Arusha North Hub,2025-05-12
CASSAVA,24.17,62842.00,Dodoma Wholesale Hub,2025-05-12
CASSAVA,23.01,59826.00,Mbeya Border Market,2025-05-12
CASSAVA,24.48,63648.00,Tanga Coastal Exchange,2025-05-12
CASSAVA,22.59,58734.00,Tabora Grain Yard,2025-05-12
CASSAVA,25.27,65702.00,Kigoma Lake Hub,2025-05-12
POTATO,30.43,79118.00,Dar Es Salaam Wholesale,2025-05-12
POTATO,28.93,75218.00,Mwanza Central Hub,2025-05-12
POTATO,31.26,81276.00,Arusha North Hub,2025-05-12
POTATO,29.75,77350.00,Dodoma Wholesale Hub,2025-05-12
POTATO,28.25,73450.00,Mbeya Border Market,2025-05-12
POTATO,29.99,77974.00,Tanga Coastal Exchange,2025-05-12
POTATO,27.61,71786.00,Tabora Grain Yard,2025-05-12
POTATO,30.80,80080.00,Kigoma Lake Hub,2025-05-12
GROUNDNUT,70.31,182806.00,Dar Es Salaam Wholesale,2025-05-12
GROUNDNUT,66.93,174018.00,Mwanza Central Hub,2025-05-12
GROUNDNUT,72.44,188344.00,Arusha North Hub,2025-05-12
GROUNDNUT,69.06,179556.00,Dodoma Wholesale Hub,2025-05-12
GROUNDNUT,65.68,170768.00,Mbeya Border Market,2025-05-12
GROUNDNUT,69.84,181584.00,Tanga Coastal Exchange,2025-05-12
GROUNDNUT,64.40,167440.00,Tabora Grain Yard,2025-05-12
GROUNDNUT,71.99,187174.00,Kigoma Lake Hub,2025-05-12
SUNFLOWER,59.90,155740.00,Dar Es Salaam Wholesale,2025-05-12
SUNFLOWER,56.99,148174.00,Mwanza Central Hub,2025-05-12
SUNFLOWER,61.64,160264.00,Arusha North Hub,2025-05-12
SUNFLOWER,58.72,152672.00,Dodoma Wholesale Hub,2025-05-12
SUNFLOWER,55.81,145106.00,Mbeya Border Market,2025-05-12
SUNFLOWER,59.29,154154.00,Tanga Coastal Exchange,2025-05-12
SUNFLOWER,54.63,142038.00,Tabora Grain Yard,2025-05-12
SUNFLOWER,61.01,158626.00,Kigoma Lake Hub,2025-05-12
COFFEE,81.35,211510.00,Dar Es Salaam Wholesale,2025-05-12
COFFEE,77.37,201162.00,Mwanza Central Hub,2025-05-12
COFFEE,83.65,217490.00,Arusha North Hub,2025-05-12
COFFEE,79.67,207142.00,Dodoma Wholesale Hub,2025-05-12
COFFEE,75.70,196820.00,Mbeya Border Market,2025-05-12
COFFEE,80.41,209066.00,Tanga Coastal Exchange,2025-05-12
COFFEE,74.08,192608.00,Tabora Grain Yard,2025-05-12
COFFEE,82.72,215072.00,Kigoma Lake Hub,2025-05-12
CASHEW,98.46,255996.00,Dar Es Salaam Wholesale,2025-05-12
CASHEW,93.76,243776.00,Mwanza Central Hub,2025-05-12
CASHEW,101.50,263900.00,Arusha North Hub,2025-05-12
CASHEW,96.79,251654.00,Dodoma Wholesale Hub,2025-05-12
CASHEW,92.07,239382.00,Mbeya Border Market,2025-05-12
CASHEW,97.90,254540.00,Tanga Coastal Exchange,2025-05-12
CASHEW,90.29,234754.00,Tabora Grain Yard,2025-05-12
CASHEW,100.92,262392.00,Kigoma Lake Hub,2025-05-12
COCONUT,83.47,217022.00,Dar Es Salaam Wholesale,2025-05-12
COCONUT,79.32,206232.00,Mwanza Central Hub,2025-05-12
COCONUT,85.69,222794.00,Arusha North Hub,2025-05-12
COCONUT,81.54,212004.00,Dodoma Wholesale Hub,2025-05-12
COCONUT,77.42,201292.00,Mbeya Border Market,2025-05-12
COCONUT,82.16,213616.00,Tanga Coastal Exchange,2025-05-12
COCONUT,75.63,196638.00,Tabora Grain Yard,2025-05-12
COCONUT,84.38,219388.00,Kigoma Lake Hub,2025-05-12
MAIZE,50.70,131820.00,Dar Es Salaam Wholesale,2025-05-19
MAIZE,48.30,125580.00,Mwanza Central Hub,2025-05-19
MAIZE,52.30,135980.00,Arusha North Hub,2025-05-19
MAIZE,49.89,129714.00,Dodoma Wholesale Hub,2025-05-19
MAIZE,47.47,123422.00,Mbeya Border Market,2025-05-19
MAIZE,50.49,131274.00,Tanga Coastal Exchange,2025-05-19
MAIZE,46.58,121108.00,Tabora Grain Yard,2025-05-19
MAIZE,52.08,135408.00,Kigoma Lake Hub,2025-05-19
RICE,66.92,173992.00,Dar Es Salaam Wholesale,2025-05-19
RICE,63.58,165308.00,Mwanza Central Hub,2025-05-19
RICE,68.67,178542.00,Arusha North Hub,2025-05-19
RICE,65.34,169884.00,Dodoma Wholesale Hub,2025-05-19
RICE,62.02,161252.00,Mbeya Border Market,2025-05-19
RICE,65.81,171106.00,Tanga Coastal Exchange,2025-05-19
RICE,60.56,157456.00,Tabora Grain Yard,2025-05-19
RICE,67.56,175656.00,Kigoma Lake Hub,2025-05-19
BEANS,68.02,176852.00,Dar Es Salaam Wholesale,2025-05-19
BEANS,64.83,168558.00,Mwanza Central Hub,2025-05-19
BEANS,70.23,182598.00,Arusha North Hub,2025-05-19
BEANS,67.03,174278.00,Dodoma Wholesale Hub,2025-05-19
BEANS,63.81,165906.00,Mbeya Border Market,2025-05-19
BEANS,67.91,176566.00,Tanga Coastal Exchange,2025-05-19
BEANS,62.68,162968.00,Tabora Grain Yard,2025-05-19
BEANS,70.13,182338.00,Kigoma Lake Hub,2025-05-19
WHEAT,42.61,110786.00,Dar Es Salaam Wholesale,2025-05-19
WHEAT,40.47,105222.00,Mwanza Central Hub,2025-05-19
WHEAT,43.71,113646.00,Arusha North Hub,2025-05-19
WHEAT,41.58,108108.00,Dodoma Wholesale Hub,2025-05-19
WHEAT,39.46,102596.00,Mbeya Border Market,2025-05-19
WHEAT,41.85,108810.00,Tanga Coastal Exchange,2025-05-19
WHEAT,38.51,100126.00,Tabora Grain Yard,2025-05-19
WHEAT,42.94,111644.00,Kigoma Lake Hub,2025-05-19
SORGHUM,34.76,90376.00,Dar Es Salaam Wholesale,2025-05-19
SORGHUM,33.12,86112.00,Mwanza Central Hub,2025-05-19
SORGHUM,35.87,93262.00,Arusha North Hub,2025-05-19
SORGHUM,34.23,88998.00,Dodoma Wholesale Hub,2025-05-19
SORGHUM,32.58,84708.00,Mbeya Border Market,2025-05-19
SORGHUM,34.67,90142.00,Tanga Coastal Exchange,2025-05-19
SORGHUM,31.99,83174.00,Tabora Grain Yard,2025-05-19
SORGHUM,35.79,93054.00,Kigoma Lake Hub,2025-05-19
CASSAVA,25.19,65494.00,Dar Es Salaam Wholesale,2025-05-19
CASSAVA,23.94,62244.00,Mwanza Central Hub,2025-05-19
CASSAVA,25.87,67262.00,Arusha North Hub,2025-05-19
CASSAVA,24.62,64012.00,Dodoma Wholesale Hub,2025-05-19
CASSAVA,23.38,60788.00,Mbeya Border Market,2025-05-19
CASSAVA,24.81,64506.00,Tanga Coastal Exchange,2025-05-19
CASSAVA,22.83,59358.00,Tabora Grain Yard,2025-05-19
CASSAVA,25.48,66248.00,Kigoma Lake Hub,2025-05-19
POTATO,28.77,74802.00,Dar Es Salaam Wholesale,2025-05-19
POTATO,27.40,71240.00,Mwanza Central Hub,2025-05-19
POTATO,29.66,77116.00,Arusha North Hub,2025-05-19
POTATO,28.28,73528.00,Dodoma Wholesale Hub,2025-05-19
POTATO,26.90,69940.00,Mbeya Border Market,2025-05-19
POTATO,28.61,74386.00,Tanga Coastal Exchange,2025-05-19
POTATO,26.39,68614.00,Tabora Grain Yard,2025-05-19
POTATO,29.50,76700.00,Kigoma Lake Hub,2025-05-19
GROUNDNUT,75.82,197132.00,Dar Es Salaam Wholesale,2025-05-19
GROUNDNUT,72.12,187512.00,Mwanza Central Hub,2025-05-19
GROUNDNUT,77.99,202774.00,Arusha North Hub,2025-05-19
GROUNDNUT,74.29,193154.00,Dodoma Wholesale Hub,2025-05-19
GROUNDNUT,70.59,183534.00,Mbeya Border Market,2025-05-19
GROUNDNUT,74.97,194922.00,Tanga Coastal Exchange,2025-05-19
GROUNDNUT,69.06,179556.00,Tabora Grain Yard,2025-05-19
GROUNDNUT,77.11,200486.00,Kigoma Lake Hub,2025-05-19
SUNFLOWER,55.39,144014.00,Dar Es Salaam Wholesale,2025-05-19
SUNFLOWER,52.68,136968.00,Mwanza Central Hub,2025-05-19
SUNFLOWER,56.97,148122.00,Arusha North Hub,2025-05-19
SUNFLOWER,54.28,141128.00,Dodoma Wholesale Hub,2025-05-19
SUNFLOWER,51.58,134108.00,Mbeya Border Market,2025-05-19
SUNFLOWER,54.80,142480.00,Tanga Coastal Exchange,2025-05-19
SUNFLOWER,50.50,131300.00,Tabora Grain Yard,2025-05-19
SUNFLOWER,56.40,146640.00,Kigoma Lake Hub,2025-05-19
COFFEE,87.16,226616.00,Dar Es Salaam Wholesale,2025-05-19
COFFEE,82.99,215774.00,Mwanza Central Hub,2025-05-19
COFFEE,89.82,233532.00,Arusha North Hub,2025-05-19
COFFEE,85.64,222664.00,Dodoma Wholesale Hub,2025-05-19
COFFEE,81.45,211770.00,Mbeya Border Market,2025-05-19
COFFEE,86.59,225134.00,Tanga Coastal Exchange,2025-05-19
COFFEE,79.84,207584.00,Tabora Grain Yard,2025-05-19
COFFEE,89.23,231998.00,Kigoma Lake Hub,2025-05-19
CASHEW,94.35,245310.00,Dar Es Salaam Wholesale,2025-05-19
CASHEW,89.67,233142.00,Mwanza Central Hub,2025-05-19
CASHEW,96.88,251888.00,Arusha North Hub,2025-05-19
CASHEW,92.21,239746.00,Dodoma Wholesale Hub,2025-05-19
CASHEW,87.55,227630.00,Mbeya Border Market,2025-05-19
CASHEW,92.93,241618.00,Tanga Coastal Exchange,2025-05-19
CASHEW,85.56,222456.00,Tabora Grain Yard,2025-05-19
CASHEW,95.47,248222.00,Kigoma Lake Hub,2025-05-19
COCONUT,84.14,218764.00,Dar Es Salaam Wholesale,2025-05-19
COCONUT,80.17,208442.00,Mwanza Central Hub,2025-05-19
COCONUT,86.83,225758.00,Arusha North Hub,2025-05-19
COCONUT,82.85,215410.00,Dodoma Wholesale Hub,2025-05-19
COCONUT,78.85,205010.00,Mbeya Border Market,2025-05-19
COCONUT,83.89,218114.00,Tanga Coastal Exchange,2025-05-19
COCONUT,77.41,201266.00,Tabora Grain Yard,2025-05-19
COCONUT,86.58,225108.00,Kigoma Lake Hub,2025-05-19
MAIZE,50.00,130000.00,Dar Es Salaam Wholesale,2025-05-26
MAIZE,47.51,123526.00,Mwanza Central Hub,2025-05-26
MAIZE,51.32,133432.00,Arusha North Hub,2025-05-26
MAIZE,48.83,126958.00,Dodoma Wholesale Hub,2025-05-26
MAIZE,46.35,120510.00,Mbeya Border Market,2025-05-26
MAIZE,49.19,127894.00,Tanga Coastal Exchange,2025-05-26
MAIZE,45.27,117702.00,Tabora Grain Yard,2025-05-26
MAIZE,50.51,131326.00,Kigoma Lake Hub,2025-05-26
RICE,65.07,169182.00,Dar Es Salaam Wholesale,2025-05-26
RICE,62.01,161226.00,Mwanza Central Hub,2025-05-26
RICE,67.18,174668.00,Arusha North Hub,2025-05-26
RICE,64.11,166686.00,Dodoma Wholesale Hub,2025-05-26
RICE,61.03,158678.00,Mbeya Border Market,2025-05-26
RICE,64.94,168844.00,Tanga Coastal Exchange,2025-05-26
RICE,59.94,155844.00,Tabora Grain Yard,2025-05-26
RICE,67.05,174330.00,Kigoma Lake Hub,2025-05-26
BEANS,67.82,176332.00,Dar Es Salaam Wholesale,2025-05-26
BEANS,64.42,167492.00,Mwanza Central Hub,2025-05-26
BEANS,69.56,180856.00,Arusha North Hub,2025-05-26
BEANS,66.17,172042.00,Dodoma Wholesale Hub,2025-05-26
BEANS,68.03,176878.00,Mbeya Border Market,2025-05-26
BEANS,72.17,187642.00,Tanga Coastal Exchange,2025-05-26
BEANS,66.41,172666.00,Tabora Grain Yard,2025-05-26
BEANS,74.07,192582.00,Kigoma Lake Hub,2025-05-26
WHEAT,44.17,114842.00,Dar Es Salaam Wholesale,2025-05-26
WHEAT,42.09,109434.00,Mwanza Central Hub,2025-05-26
WHEAT,45.60,118560.00,Arusha North Hub,2025-05-26
WHEAT,43.51,113126.00,Dodoma Wholesale Hub,2025-05-26
WHEAT,41.42,107692.00,Mbeya Border Market,2025-05-26
WHEAT,44.07,114582.00,Tanga Coastal Exchange,2025-05-26
WHEAT,40.68,105768.00,Tabora Grain Yard,2025-05-26
WHEAT,45.51,118326.00,Kigoma Lake Hub,2025-05-26
SORGHUM,35.09,91234.00,Dar Es Salaam Wholesale,2025-05-26
SORGHUM,33.34,86684.00,Mwanza Central Hub,2025-05-26
SORGHUM,36.02,93652.00,Arusha North Hub,2025-05-26
SORGHUM,34.28,89128.00,Dodoma Wholesale Hub,2025-05-26
SORGHUM,32.54,84604.00,Mbeya Border Market,2025-05-26
SORGHUM,34.53,89778.00,Tanga Coastal Exchange,2025-05-26
SORGHUM,31.78,82628.00,Tabora Grain Yard,2025-05-26
SORGHUM,35.45,92170.00,Kigoma Lake Hub,2025-05-26
CASSAVA,24.10,62660.00,Dar Es Salaam Wholesale,2025-05-26
CASSAVA,22.95,59670.00,Mwanza Central Hub,2025-05-26
CASSAVA,24.85,64610.00,Arusha North Hub,2025-05-26
CASSAVA,23.70,61620.00,Dodoma Wholesale Hub,2025-05-26
CASSAVA,22.55,58630.00,Mbeya Border Market,2025-05-26
CASSAVA,23.99,62374.00,Tanga Coastal Exchange,2025-05-26
CASSAVA,22.13,57538.00,Tabora Grain Yard,2025-05-26
CASSAVA,24.74,64324.00,Kigoma Lake Hub,2025-05-26
POTATO,30.84,80184.00,Dar Es Salaam Wholesale,2025-05-26
POTATO,29.33,76258.00,Mwanza Central Hub,2025-05-26
POTATO,31.71,82446.00,Arusha North Hub,2025-05-26
POTATO,30.20,78520.00,Dodoma Wholesale Hub,2025-05-26
POTATO,28.69,74594.00,Mbeya Border Market,2025-05-26
POTATO,30.46,79196.00,Tanga Coastal Exchange,2025-05-26
POTATO,28.06,72956.00,Tabora Grain Yard,2025-05-26
POTATO,31.32,81432.00,Kigoma Lake Hub,2025-05-26
GROUNDNUT,70.09,182234.00,Dar Es Salaam Wholesale,2025-05-26
GROUNDNUT,66.69,173394.00,Mwanza Central Hub,2025-05-26
GROUNDNUT,72.13,187538.00,Arusha North Hub,2025-05-26
GROUNDNUT,68.73,178698.00,Dodoma Wholesale Hub,2025-05-26
GROUNDNUT,65.33,169858.00,Mbeya Border Market,2025-05-26
GROUNDNUT,69.42,180492.00,Tanga Coastal Exchange,2025-05-26
GROUNDNUT,63.99,166374.00,Tabora Grain Yard,2025-05-26
GROUNDNUT,71.49,185874.00,Kigoma Lake Hub,2025-05-26
SUNFLOWER,59.72,155272.00,Dar Es Salaam Wholesale,2025-05-26
SUNFLOWER,56.85,147810.00,Mwanza Central Hub,2025-05-26
SUNFLOWER,61.52,159952.00,Arusha North Hub,2025-05-26
SUNFLOWER,58.64,152464.00,Dodoma Wholesale Hub,2025-05-26
SUNFLOWER,55.76,144976.00,Mbeya Border Market,2025-05-26
SUNFLOWER,59.27,154102.00,Tanga Coastal Exchange,2025-05-26
SUNFLOWER,54.64,142064.00,Tabora Grain Yard,2025-05-26
SUNFLOWER,61.05,158730.00,Kigoma Lake Hub,2025-05-26
COFFEE,82.53,214578.00,Dar Es Salaam Wholesale,2025-05-26
COFFEE,78.45,203970.00,Mwanza Central Hub,2025-05-26
COFFEE,84.77,220402.00,Arusha North Hub,2025-05-26
COFFEE,80.70,209820.00,Dodoma Wholesale Hub,2025-05-26
COFFEE,76.64,199264.00,Mbeya Border Market,2025-05-26
COFFEE,81.36,211536.00,Tanga Coastal Exchange,2025-05-26
COFFEE,74.91,194766.00,Tabora Grain Yard,2025-05-26
COFFEE,83.61,217386.00,Kigoma Lake Hub,2025-05-26
CASHEW,96.69,251394.00,Dar Es Salaam Wholesale,2025-05-26
CASHEW,92.12,239512.00,Mwanza Central Hub,2025-05-26
CASHEW,99.76,259376.00,Arusha North Hub,2025-05-26
CASHEW,95.17,247442.00,Dodoma Wholesale Hub,2025-05-26
CASHEW,90.57,235482.00,Mbeya Border Market,2025-05-26
CASHEW,96.35,250510.00,Tanga Coastal Exchange,2025-05-26
CASHEW,88.89,231114.00,Tabora Grain Yard,2025-05-26
CASHEW,99.41,258466.00,Kigoma Lake Hub,2025-05-26
COCONUT,85.68,222768.00,Dar Es Salaam Wholesale,2025-05-26
COCONUT,81.40,211640.00,Mwanza Central Hub,2025-05-26
COCONUT,87.91,228566.00,Arusha North Hub,2025-05-26
COCONUT,83.64,217464.00,Dodoma Wholesale Hub,2025-05-26
COCONUT,79.38,206388.00,Mbeya Border Market,2025-05-26
COCONUT,84.22,218972.00,Tanga Coastal Exchange,2025-05-26
COCONUT,77.51,201526.00,Tabora Grain Yard,2025-05-26
COCONUT,86.45,224770.00,Kigoma Lake Hub,2025-05-26
MAIZE,48.20,125320.00,Dar Es Salaam Wholesale,2025-06-02
MAIZE,45.93,119418.00,Mwanza Central Hub,2025-06-02
MAIZE,49.75,129350.00,Arusha North Hub,2025-06-02
MAIZE,47.47,123422.00,Dodoma Wholesale Hub,2025-06-02
MAIZE,45.19,117494.00,Mbeya Border Market,2025-06-02
MAIZE,48.08,125008.00,Tanga Coastal Exchange,2025-06-02
MAIZE,44.37,115362.00,Tabora Grain Yard,2025-06-02
MAIZE,49.63,129038.00,Kigoma Lake Hub,2025-06-02
RICE,66.19,172094.00,Dar Es Salaam Wholesale,2025-06-02
RICE,62.88,163488.00,Mwanza Central Hub,2025-06-02
RICE,67.90,176540.00,Arusha North Hub,2025-06-02
RICE,64.60,167960.00,Dodoma Wholesale Hub,2025-06-02
RICE,61.31,159406.00,Mbeya Border Market,2025-06-02
RICE,65.04,169104.00,Tanga Coastal Exchange,2025-06-02
RICE,59.85,155610.00,Tabora Grain Yard,2025-06-02
RICE,66.75,173550.00,Kigoma Lake Hub,2025-06-02
BEANS,68.88,179088.00,Dar Es Salaam Wholesale,2025-06-02
BEANS,65.64,170664.00,Mwanza Central Hub,2025-06-02
BEANS,71.10,184860.00,Arusha North Hub,2025-06-02
BEANS,67.85,176410.00,Dodoma Wholesale Hub,2025-06-02
BEANS,64.59,167934.00,Mbeya Border Market,2025-06-02
BEANS,68.73,178698.00,Tanga Coastal Exchange,2025-06-02
BEANS,63.44,164944.00,Tabora Grain Yard,2025-06-02
BEANS,70.97,184522.00,Kigoma Lake Hub,2025-06-02
WHEAT,42.48,110448.00,Dar Es Salaam Wholesale,2025-06-02
WHEAT,40.36,104936.00,Mwanza Central Hub,2025-06-02
WHEAT,43.59,113334.00,Arusha North Hub,2025-06-02
WHEAT,41.48,107848.00,Dodoma Wholesale Hub,2025-06-02
WHEAT,39.37,102362.00,Mbeya Border Market,2025-06-02
WHEAT,41.77,108602.00,Tanga Coastal Exchange,2025-06-02
WHEAT,38.44,99944.00,Tabora Grain Yard,2025-06-02
WHEAT,42.87,111462.00,Kigoma Lake Hub,2025-06-02
SORGHUM,33.65,87490.00,Dar Es Salaam Wholesale,2025-06-02
SORGHUM,32.05,83330.00,Mwanza Central Hub,2025-06-02
SORGHUM,34.70,90220.00,Arusha North Hub,2025-06-02
SORGHUM,33.10,86060.00,Dodoma Wholesale Hub,2025-06-02
SORGHUM,31.50,81900.00,Mbeya Border Market,2025-06-02
SORGHUM,33.51,87126.00,Tanga Coastal Exchange,2025-06-02
SORGHUM,30.92,80392.00,Tabora Grain Yard,2025-06-02
SORGHUM,34.58,89908.00,Kigoma Lake Hub,2025-06-02
CASSAVA,25.91,67366.00,Dar Es Salaam Wholesale,2025-06-02
CASSAVA,24.64,64064.00,Mwanza Central Hub,2025-06-02
CASSAVA,26.63,69238.00,Arusha North Hub,2025-06-02
CASSAVA,25.36,65936.00,Dodoma Wholesale Hub,2025-06-02
CASSAVA,24.09,62634.00,Mbeya Border Market,2025-06-02
CASSAVA,25.57,66482.00,Tanga Coastal Exchange,2025-06-02
CASSAVA,23.55,61230.00,Tabora Grain Yard,2025-06-02
CASSAVA,26.28,68328.00,Kigoma Lake Hub,2025-06-02
POTATO,29.48,76648.00,Dar Es Salaam Wholesale,2025-06-02
POTATO,28.05,72930.00,Mwanza Central Hub,2025-06-02
POTATO,30.35,78910.00,Arusha North Hub,2025-06-02
POTATO,28.93,75218.00,Dodoma Wholesale Hub,2025-06-02
POTATO,27.50,71500.00,Mbeya Border Market,2025-06-02
POTATO,29.23,75998.00,Tanga Coastal Exchange,2025-06-02
POTATO,26.95,70070.00,Tabora Grain Yard,2025-06-02
POTATO,30.11,78286.00,Kigoma Lake Hub,2025-06-02
GROUNDNUT,79.02,205452.00,Dar Es Salaam Wholesale,2025-06-02
GROUNDNUT,75.20,195520.00,Mwanza Central Hub,2025-06-02
GROUNDNUT,81.36,211536.00,Arusha North Hub,2025-06-02
GROUNDNUT,77.54,201604.00,Dodoma Wholesale Hub,2025-06-02
GROUNDNUT,73.72,191672.00,Mbeya Border Market,2025-06-02
GROUNDNUT,78.34,203684.00,Tanga Coastal Exchange,2025-06-02
GROUNDNUT,72.21,187746.00,Tabora Grain Yard,2025-06-02
GROUNDNUT,80.67,209742.00,Kigoma Lake Hub,2025-06-02
SUNFLOWER,58.23,151398.00,Dar Es Salaam Wholesale,2025-06-02
SUNFLOWER,55.36,143936.00,Mwanza Central Hub,2025-06-02
SUNFLOWER,59.84,155584.00,Arusha North Hub,2025-06-02
SUNFLOWER,56.97,148122.00,Dodoma Wholesale Hub,2025-06-02
SUNFLOWER,54.11,140686.00,Mbeya Border Market,2025-06-02
SUNFLOWER,57.46,149396.00,Tanga Coastal Exchange,2025-06-02
SUNFLOWER,52.92,137592.00,Tabora Grain Yard,2025-06-02
SUNFLOWER,59.07,153582.00,Kigoma Lake Hub,2025-06-02
COFFEE,88.26,229476.00,Dar Es Salaam Wholesale,2025-06-02
COFFEE,84.07,218582.00,Mwanza Central Hub,2025-06-02
COFFEE,91.03,236678.00,Arusha North Hub,2025-06-02
COFFEE,86.83,225758.00,Dodoma Wholesale Hub,2025-06-02
COFFEE,82.62,214812.00,Mbeya Border Market,2025-06-02
COFFEE,87.88,228488.00,Tanga Coastal Exchange,2025-06-02
COFFEE,81.07,210782.00,Tabora Grain Yard,2025-06-02
COFFEE,90.64,235664.00,Kigoma Lake Hub,2025-06-02
CASHEW,97.65,253890.00,Dar Es Salaam Wholesale,2025-06-02
CASHEW,92.77,241202.00,Mwanza Central Hub,2025-06-02
CASHEW,100.21,260546.00,Arusha North Hub,2025-06-02
CASHEW,95.35,247910.00,Dodoma Wholesale Hub,2025-06-02
CASHEW,90.50,235300.00,Mbeya Border Market,2025-06-02
CASHEW,96.02,249652.00,Tanga Coastal Exchange,2025-06-02
CASHEW,88.37,229762.00,Tabora Grain Yard,2025-06-02
CASHEW,98.58,256308.00,Kigoma Lake Hub,2025-06-02
COCONUT,81.16,211016.00,Dar Es Salaam Wholesale,2025-06-02
COCONUT,77.35,201110.00,Mwanza Central Hub,2025-06-02
COCONUT,83.80,217880.00,Arusha North Hub,2025-06-02
COCONUT,79.97,207922.00,Dodoma Wholesale Hub,2025-06-02
COCONUT,76.13,197938.00,Mbeya Border Market,2025-06-02
COCONUT,81.02,210652.00,Tanga Coastal Exchange,2025-06-02
COCONUT,74.78,194428.00,Tabora Grain Yard,2025-06-02
COCONUT,83.67,217542.00,Kigoma Lake Hub,2025-06-02
MAIZE,49.98,129948.00,Dar Es Salaam Wholesale,2025-06-09
MAIZE,47.48,123448.00,Mwanza Central Hub,2025-06-09
MAIZE,51.28,133328.00,Arusha North Hub,2025-06-09
MAIZE,48.78,126828.00,Dodoma Wholesale Hub,2025-06-09
MAIZE,46.30,120380.00,Mbeya Border Market,2025-06-09
MAIZE,49.12,127712.00,Tanga Coastal Exchange,2025-06-09
MAIZE,45.20,117520.00,Tabora Grain Yard,2025-06-09
MAIZE,50.41,131066.00,Kigoma Lake Hub,2025-06-09
RICE,65.96,171496.00,Dar Es Salaam Wholesale,2025-06-09
RICE,62.85,163410.00,Mwanza Central Hub,2025-06-09
RICE,68.09,177034.00,Arusha North Hub,2025-06-09
RICE,64.98,168948.00,Dodoma Wholesale Hub,2025-06-09
RICE,61.86,160836.00,Mbeya Border Market,2025-06-09
RICE,65.82,171132.00,Tanga Coastal Exchange,2025-06-09
RICE,56.08,145808.00,Tabora Grain Yard,2025-06-09
RICE,62.75,163150.00,Kigoma Lake Hub,2025-06-09
BEANS,67.04,174304.00,Dar Es Salaam Wholesale,2025-06-09
BEANS,63.69,165594.00,Mwanza Central Hub,2025-06-09
BEANS,68.79,178854.00,Arusha North Hub,2025-06-09
BEANS,65.45,170170.00,Dodoma Wholesale Hub,2025-06-09
BEANS,62.11,161486.00,Mbeya Border Market,2025-06-09
BEANS,65.89,171314.00,Tanga Coastal Exchange,2025-06-09
BEANS,60.63,157638.00,Tabora Grain Yard,2025-06-09
BEANS,67.62,175812.00,Kigoma Lake Hub,2025-06-09
WHEAT,41.86,108836.00,Dar Es Salaam Wholesale,2025-06-09
WHEAT,39.88,103688.00,Mwanza Central Hub,2025-06-09
WHEAT,43.18,112268.00,Arusha North Hub,2025-06-09
WHEAT,41.20,107120.00,Dodoma Wholesale Hub,2025-06-09
WHEAT,39.21,101946.00,Mbeya Border Market,2025-06-09
WHEAT,41.71,108446.00,Tanga Coastal Exchange,2025-06-09
WHEAT,38.49,100074.00,Tabora Grain Yard,2025-06-09
WHEAT,43.05,111930.00,Kigoma Lake Hub,2025-06-09
SORGHUM,35.36,91936.00,Dar Es Salaam Wholesale,2025-06-09
SORGHUM,33.62,87412.00,Mwanza Central Hub,2025-06-09
SORGHUM,36.33,94458.00,Arusha North Hub,2025-06-09
SORGHUM,34.59,89934.00,Dodoma Wholesale Hub,2025-06-09
SORGHUM,32.85,85410.00,Mbeya Border Market,2025-06-09
SORGHUM,34.87,90662.00,Tanga Coastal Exchange,2025-06-09
SORGHUM,32.11,83486.00,Tabora Grain Yard,2025-06-09
SORGHUM,35.83,93158.00,Kigoma Lake Hub,2025-06-09
CASSAVA,24.14,62764.00,Dar Es Salaam Wholesale,2025-06-09
CASSAVA,22.97,59722.00,Mwanza Central Hub,2025-06-09
CASSAVA,24.86,64636.00,Arusha North Hub,2025-06-09
CASSAVA,23.70,61620.00,Dodoma Wholesale Hub,2025-06-09
CASSAVA,22.53,58578.00,Mbeya Border Market,2025-06-09
CASSAVA,23.96,62296.00,Tanga Coastal Exchange,2025-06-09
CASSAVA,22.09,57434.00,Tabora Grain Yard,2025-06-09
CASSAVA,24.69,64194.00,Kigoma Lake Hub,2025-06-09
POTATO,31.94,83044.00,Dar Es Salaam Wholesale,2025-06-09
POTATO,30.39,79014.00,Mwanza Central Hub,2025-06-09
POTATO,32.87,85462.00,Arusha North Hub,2025-06-09
POTATO,31.32,81432.00,Dodoma Wholesale Hub,2025-06-09
POTATO,29.77,77402.00,Mbeya Border Market,2025-06-09
POTATO,31.63,82238.00,Tanga Coastal Exchange,2025-06-09
POTATO,29.15,75790.00,Tabora Grain Yard,2025-06-09
POTATO,32.56,84656.00,Kigoma Lake Hub,2025-06-09
GROUNDNUT,73.55,191230.00,Dar Es Salaam Wholesale,2025-06-09
GROUNDNUT,69.94,181844.00,Mwanza Central Hub,2025-06-09
GROUNDNUT,75.60,196560.00,Arusha North Hub,2025-06-09
GROUNDNUT,72.00,187200.00,Dodoma Wholesale Hub,2025-06-09
GROUNDNUT,68.40,177840.00,Mbeya Border Market,2025-06-09
GROUNDNUT,72.64,188864.00,Tanga Coastal Exchange,2025-06-09
GROUNDNUT,66.91,173966.00,Tabora Grain Yard,2025-06-09
GROUNDNUT,74.71,194246.00,Kigoma Lake Hub,2025-06-09
SUNFLOWER,61.35,159510.00,Dar Es Salaam Wholesale,2025-06-09
SUNFLOWER,58.43,151918.00,Mwanza Central Hub,2025-06-09
SUNFLOWER,63.26,164476.00,Arusha North Hub,2025-06-09
SUNFLOWER,60.33,156858.00,Dodoma Wholesale Hub,2025-06-09
SUNFLOWER,57.40,149240.00,Mbeya Border Market,2025-06-09
SUNFLOWER,61.04,158704.00,Tanga Coastal Exchange,2025-06-09
SUNFLOWER,56.30,146380.00,Tabora Grain Yard,2025-06-09
SUNFLOWER,62.94,163644.00,Kigoma Lake Hub,2025-06-09
COFFEE,86.76,225576.00,Dar Es Salaam Wholesale,2025-06-09
COFFEE,82.44,214344.00,Mwanza Central Hub,2025-06-09
COFFEE,89.05,231530.00,Arusha North Hub,2025-06-09
COFFEE,84.74,220324.00,Dodoma Wholesale Hub,2025-06-09
COFFEE,80.44,209144.00,Mbeya Border Market,2025-06-09
COFFEE,85.36,221936.00,Tanga Coastal Exchange,2025-06-09
COFFEE,78.57,204282.00,Tabora Grain Yard,2025-06-09
COFFEE,87.65,227890.00,Kigoma Lake Hub,2025-06-09
CASHEW,95.30,247780.00,Dar Es Salaam Wholesale,2025-06-09
CASHEW,90.82,236132.00,Mwanza Central Hub,2025-06-09
CASHEW,98.38,255788.00,Arusha North Hub,2025-06-09
CASHEW,93.89,244114.00,Dodoma Wholesale Hub,2025-06-09
CASHEW,89.38,232388.00,Mbeya Border Market,2025-06-09
CASHEW,95.11,247286.00,Tanga Coastal Exchange,2025-06-09
CASHEW,87.78,228228.00,Tabora Grain Yard,2025-06-09
CASHEW,98.19,255294.00,Kigoma Lake Hub,2025-06-09
COCONUT,80.58,209508.00,Dar Es Salaam Wholesale,2025-06-09
COCONUT,76.55,199030.00,Mwanza Central Hub,2025-06-09
COCONUT,82.66,214916.00,Arusha North Hub,2025-06-09
COCONUT,85.19,221494.00,Dodoma Wholesale Hub,2025-06-09
COCONUT,80.85,210210.00,Mbeya Border Market,2025-06-09
COCONUT,85.77,223002.00,Tanga Coastal Exchange,2025-06-09
COCONUT,78.92,205192.00,Tabora Grain Yard,2025-06-09
COCONUT,88.02,228852.00,Kigoma Lake Hub,2025-06-09
MAIZE,46.91,121966.00,Dar Es Salaam Wholesale,2025-06-16
MAIZE,44.70,116220.00,Mwanza Central Hub,2025-06-16
MAIZE,48.43,125918.00,Arusha North Hub,2025-06-16
MAIZE,46.22,120172.00,Dodoma Wholesale Hub,2025-06-16
MAIZE,44.01,114426.00,Mbeya Border Market,2025-06-16
MAIZE,46.83,121758.00,Tanga Coastal Exchange,2025-06-16
MAIZE,43.23,112398.00,Tabora Grain Yard,2025-06-16
MAIZE,48.37,125762.00,Kigoma Lake Hub,2025-06-16
RICE,62.94,163644.00,Dar Es Salaam Wholesale,2025-06-16
RICE,59.80,155480.00,Mwanza Central Hub,2025-06-16
RICE,64.58,167908.00,Arusha North Hub,2025-06-16
RICE,61.43,159718.00,Dodoma Wholesale Hub,2025-06-16
RICE,58.30,151580.00,Mbeya Border Market,2025-06-16
RICE,61.84,160784.00,Tanga Coastal Exchange,2025-06-16
RICE,56.90,147940.00,Tabora Grain Yard,2025-06-16
RICE,63.46,164996.00,Kigoma Lake Hub,2025-06-16
BEANS,67.22,174772.00,Dar Es Salaam Wholesale,2025-06-16
BEANS,64.05,166530.00,Mwanza Central Hub,2025-06-16
BEANS,69.37,180362.00,Arusha North Hub,2025-06-16
BEANS,66.19,172094.00,Dodoma Wholesale Hub,2025-06-16
BEANS,63.00,163800.00,Mbeya Border Market,2025-06-16
BEANS,67.03,174278.00,Tanga Coastal Exchange,2025-06-16
BEANS,61.86,160836.00,Tabora Grain Yard,2025-06-16
BEANS,69.19,179894.00,Kigoma Lake Hub,2025-06-16
WHEAT,43.42,112892.00,Dar Es Salaam Wholesale,2025-06-16
WHEAT,41.28,107328.00,Mwanza Central Hub,2025-06-16
WHEAT,44.60,115960.00,Arusha North Hub,2025-06-16
WHEAT,42.45,110370.00,Dodoma Wholesale Hub,2025-06-16
WHEAT,40.31,104806.00,Mbeya Border Market,2025-06-16
WHEAT,42.78,111228.00,Tanga Coastal Exchange,2025-06-16
WHEAT,39.39,102414.00,Tabora Grain Yard,2025-06-16
WHEAT,43.94,114244.00,Kigoma Lake Hub,2025-06-16
SORGHUM,33.19,86294.00,Dar Es Salaam Wholesale,2025-06-16
SORGHUM,31.60,82160.00,Mwanza Central Hub,2025-06-16
SORGHUM,34.20,88920.00,Arusha North Hub,2025-06-16
SORGHUM,32.61,84786.00,Dodoma Wholesale Hub,2025-06-16
SORGHUM,31.02,80652.00,Mbeya Border Market,2025-06-16
SORGHUM,32.98,85748.00,Tanga Coastal Exchange,2025-06-16
SORGHUM,30.41,79066.00,Tabora Grain Yard,2025-06-16
SORGHUM,34.00,88400.00,Kigoma Lake Hub,2025-06-16
CASSAVA,26.10,67860.00,Dar Es Salaam Wholesale,2025-06-16
CASSAVA,24.83,64558.00,Mwanza Central Hub,2025-06-16
CASSAVA,26.86,69836.00,Arusha North Hub,2025-06-16
CASSAVA,25.59,66534.00,Dodoma Wholesale Hub,2025-06-16
CASSAVA,24.32,63232.00,Mbeya Border Market,2025-06-16
CASSAVA,25.83,67158.00,Tanga Coastal Exchange,2025-06-16
CASSAVA,23.80,61880.00,Tabora Grain Yard,2025-06-16
CASSAVA,26.58,69108.00,Kigoma Lake Hub,2025-06-16
POTATO,29.58,76908.00,Dar Es Salaam Wholesale,2025-06-16
POTATO,28.14,73164.00,Mwanza Central Hub,2025-06-16
POTATO,30.42,79092.00,Arusha North Hub,2025-06-16
POTATO,28.98,75348.00,Dodoma Wholesale Hub,2025-06-16
POTATO,27.53,71578.00,Mbeya Border Market,2025-06-16
POTATO,29.25,76050.00,Tanga Coastal Exchange,2025-06-16
POTATO,26.95,70070.00,Tabora Grain Yard,2025-06-16
POTATO,30.09,78234.00,Kigoma Lake Hub,2025-06-16
GROUNDNUT,78.31,203606.00,Dar Es Salaam Wholesale,2025-06-16
GROUNDNUT,74.57,193882.00,Mwanza Central Hub,2025-06-16
GROUNDNUT,80.72,209872.00,Arusha North Hub,2025-06-16
GROUNDNUT,76.97,200122.00,Dodoma Wholesale Hub,2025-06-16
GROUNDNUT,73.21,190346.00,Mbeya Border Market,2025-06-16
GROUNDNUT,77.84,202384.00,Tanga Coastal Exchange,2025-06-16
GROUNDNUT,71.78,186628.00,Tabora Grain Yard,2025-06-16
GROUNDNUT,80.24,208624.00,Kigoma Lake Hub,2025-06-16
SUNFLOWER,59.39,154414.00,Dar Es Salaam Wholesale,2025-06-16
SUNFLOWER,56.44,146744.00,Mwanza Central Hub,2025-06-16
SUNFLOWER,60.97,158522.00,Arusha North Hub,2025-06-16
SUNFLOWER,58.03,150878.00,Dodoma Wholesale Hub,2025-06-16
SUNFLOWER,55.09,143234.00,Mbeya Border Market,2025-06-16
SUNFLOWER,58.47,152022.00,Tanga Coastal Exchange,2025-06-16
SUNFLOWER,53.82,139932.00,Tabora Grain Yard,2025-06-16
SUNFLOWER,60.06,156156.00,Kigoma Lake Hub,2025-06-16
COFFEE,86.30,224380.00,Dar Es Salaam Wholesale,2025-06-16
COFFEE,82.23,213798.00,Mwanza Central Hub,2025-06-16
COFFEE,89.07,231582.00,Arusha North Hub,2025-06-16
COFFEE,84.99,220974.00,Dodoma Wholesale Hub,2025-06-16
COFFEE,80.90,210340.00,Mbeya Border Market,2025-06-16
COFFEE,86.08,223808.00,Tanga Coastal Exchange,2025-06-16
COFFEE,79.44,206544.00,Tabora Grain Yard,2025-06-16
COFFEE,88.86,231036.00,Kigoma Lake Hub,2025-06-16
CASHEW,100.42,261092.00,Dar Es Salaam Wholesale,2025-06-16
CASHEW,95.40,248040.00,Mwanza Central Hub,2025-06-16
CASHEW,103.03,267878.00,Arusha North Hub,2025-06-16
CASHEW,98.02,254852.00,Dodoma Wholesale Hub,2025-06-16
CASHEW,93.02,241852.00,Mbeya Border Market,2025-06-16
CASHEW,98.69,256594.00,Tanga Coastal Exchange,2025-06-16
CASHEW,90.81,236106.00,Tabora Grain Yard,2025-06-16
CASHEW,101.28,263328.00,Kigoma Lake Hub,2025-06-16
COCONUT,85.60,222560.00,Dar Es Salaam Wholesale,2025-06-16
COCONUT,81.57,212082.00,Mwanza Central Hub,2025-06-16
COCONUT,88.36,229736.00,Arusha North Hub,2025-06-16
COCONUT,84.32,219232.00,Dodoma Wholesale Hub,2025-06-16
COCONUT,80.27,208702.00,Mbeya Border Market,2025-06-16
COCONUT,85.42,222092.00,Tanga Coastal Exchange,2025-06-16
COCONUT,78.84,204984.00,Tabora Grain Yard,2025-06-16
COCONUT,88.20,229320.00,Kigoma Lake Hub,2025-06-16
MAIZE,47.51,123526.00,Dar Es Salaam Wholesale,2025-06-23
MAIZE,45.13,117338.00,Mwanza Central Hub,2025-06-23
MAIZE,48.74,126724.00,Arusha North Hub,2025-06-23
MAIZE,46.37,120562.00,Dodoma Wholesale Hub,2025-06-23
MAIZE,44.00,114400.00,Mbeya Border Market,2025-06-23
MAIZE,46.67,121342.00,Tanga Coastal Exchange,2025-06-23
MAIZE,42.94,111644.00,Tabora Grain Yard,2025-06-23
MAIZE,47.89,124514.00,Kigoma Lake Hub,2025-06-23
RICE,64.31,167206.00,Dar Es Salaam Wholesale,2025-06-23
RICE,61.27,159302.00,Mwanza Central Hub,2025-06-23
RICE,66.37,172562.00,Arusha North Hub,2025-06-23
RICE,63.33,164658.00,Dodoma Wholesale Hub,2025-06-23
RICE,60.28,156728.00,Mbeya Border Market,2025-06-23
RICE,64.15,166790.00,Tanga Coastal Exchange,2025-06-23
RICE,59.20,153920.00,Tabora Grain Yard,2025-06-23
RICE,66.23,172198.00,Kigoma Lake Hub,2025-06-23
BEANS,68.70,178620.00,Dar Es Salaam Wholesale,2025-06-23
BEANS,65.29,169754.00,Mwanza Central Hub,2025-06-23
BEANS,70.54,183404.00,Arusha North Hub,2025-06-23
BEANS,67.14,174564.00,Dodoma Wholesale Hub,2025-06-23
BEANS,63.74,165724.00,Mbeya Border Market,2025-06-23
BEANS,67.64,175864.00,Tanga Coastal Exchange,2025-06-23
BEANS,62.26,161876.00,Tabora Grain Yard,2025-06-23
BEANS,69.45,180570.00,Kigoma Lake Hub,2025-06-23
WHEAT,41.17,107042.00,Dar Es Salaam Wholesale,2025-06-23
WHEAT,39.20,101920.00,Mwanza Central Hub,2025-06-23
WHEAT,42.44,110344.00,Arusha North Hub,2025-06-23
WHEAT,40.47,105222.00,Dodoma Wholesale Hub,2025-06-23
WHEAT,38.50,100100.00,Mbeya Border Market,2025-06-23
WHEAT,40.94,106444.00,Tanga Coastal Exchange,2025-06-23
WHEAT,37.77,98202.00,Tabora Grain Yard,2025-06-23
WHEAT,42.23,109798.00,Kigoma Lake Hub,2025-06-23
SORGHUM,35.75,92950.00,Dar Es Salaam Wholesale,2025-06-23
SORGHUM,34.00,88400.00,Mwanza Central Hub,2025-06-23
SORGHUM,36.77,95602.00,Arusha North Hub,2025-06-23
SORGHUM,35.02,91052.00,Dodoma Wholesale Hub,2025-06-23
SORGHUM,33.28,86528.00,Mbeya Border Market,2025-06-23
SORGHUM,35.34,91884.00,Tanga Coastal Exchange,2025-06-23
SORGHUM,32.55,84630.00,Tabora Grain Yard,2025-06-23
SORGHUM,36.35,94510.00,Kigoma Lake Hub,2025-06-23
CASSAVA,24.13,62738.00,Dar Es Salaam Wholesale,2025-06-23
CASSAVA,22.95,59670.00,Mwanza Central Hub,2025-06-23
CASSAVA,24.82,64532.00,Arusha North Hub,2025-06-23
CASSAVA,23.65,61490.00,Dodoma Wholesale Hub,2025-06-23
CASSAVA,22.48,58448.00,Mbeya Border Market,2025-06-23
CASSAVA,23.88,62088.00,Tanga Coastal Exchange,2025-06-23
CASSAVA,22.01,57226.00,Tabora Grain Yard,2025-06-23
CASSAVA,24.58,63908.00,Kigoma Lake Hub,2025-06-23
POTATO,31.76,82576.00,Dar Es Salaam Wholesale,2025-06-23
POTATO,30.23,78598.00,Mwanza Central Hub,2025-06-23
POTATO,32.72,85072.00,Arusha North Hub,2025-06-23
POTATO,31.20,81120.00,Dodoma Wholesale Hub,2025-06-23
POTATO,29.67,77142.00,Mbeya Border Market,2025-06-23
POTATO,31.54,82004.00,Tanga Coastal Exchange,2025-06-23
POTATO,29.08,75608.00,Tabora Grain Yard,2025-06-23
POTATO,32.50,84500.00,Kigoma Lake Hub,2025-06-23
GROUNDNUT,74.79,194454.00,Dar Es Salaam Wholesale,2025-06-23
GROUNDNUT,71.08,184808.00,Mwanza Central Hub,2025-06-23
GROUNDNUT,76.81,199706.00,Arusha North Hub,2025-06-23
GROUNDNUT,73.11,190086.00,Dodoma Wholesale Hub,2025-06-23
GROUNDNUT,69.42,180492.00,Mbeya Border Market,2025-06-23
GROUNDNUT,73.68,191568.00,Tanga Coastal Exchange,2025-06-23
GROUNDNUT,67.84,176384.00,Tabora Grain Yard,2025-06-23
GROUNDNUT,75.71,196846.00,Kigoma Lake Hub,2025-06-23
SUNFLOWER,60.13,156338.00,Dar Es Salaam Wholesale,2025-06-23
SUNFLOWER,57.29,148954.00,Mwanza Central Hub,2025-06-23
SUNFLOWER,62.05,161330.00,Arusha North Hub,2025-06-23
SUNFLOWER,59.20,153920.00,Dodoma Wholesale Hub,2025-06-23
SUNFLOWER,56.34,146484.00,Mbeya Border Market,2025-06-23
SUNFLOWER,59.94,155844.00,Tanga Coastal Exchange,2025-06-23
SUNFLOWER,55.31,143806.00,Tabora Grain Yard,2025-06-23
SUNFLOWER,61.86,160836.00,Kigoma Lake Hub,2025-06-23
COFFEE,89.14,231764.00,Dar Es Salaam Wholesale,2025-06-23
COFFEE,84.69,220194.00,Mwanza Central Hub,2025-06-23
COFFEE,91.46,237796.00,Arusha North Hub,2025-06-23
COFFEE,87.02,226252.00,Dodoma Wholesale Hub,2025-06-23
COFFEE,82.59,214734.00,Mbeya Border Market,2025-06-23
COFFEE,87.62,227812.00,Tanga Coastal Exchange,2025-06-23
COFFEE,80.63,209638.00,Tabora Grain Yard,2025-06-23
COFFEE,89.93,233818.00,Kigoma Lake Hub,2025-06-23
CASHEW,100.47,261222.00,Dar Es Salaam Wholesale,2025-06-23
CASHEW,95.74,248924.00,Mwanza Central Hub,2025-06-23
CASHEW,103.71,269646.00,Arusha North Hub,2025-06-23
CASHEW,98.97,257322.00,Dodoma Wholesale Hub,2025-06-23
CASHEW,94.22,244972.00,Mbeya Border Market,2025-06-23
CASHEW,92.55,240630.00,Tanga Coastal Exchange,2025-06-23
CASHEW,85.43,222118.00,Tabora Grain Yard,2025-06-23
CASHEW,95.59,248534.00,Kigoma Lake Hub,2025-06-23
COCONUT,83.00,215800.00,Dar Es Salaam Wholesale,2025-06-23
COCONUT,78.85,205010.00,Mwanza Central Hub,2025-06-23
COCONUT,85.16,221416.00,Arusha North Hub,2025-06-23
COCONUT,81.02,210652.00,Dodoma Wholesale Hub,2025-06-23
COCONUT,76.89,199914.00,Mbeya Border Market,2025-06-23
COCONUT,81.57,212082.00,Tanga Coastal Exchange,2025-06-23
COCONUT,75.06,195156.00,Tabora Grain Yard,2025-06-23
COCONUT,83.71,217646.00,Kigoma Lake Hub,2025-06-23
MAIZE,49.51,128726.00,Dar Es Salaam Wholesale,2025-06-30
MAIZE,47.18,122668.00,Mwanza Central Hub,2025-06-30
MAIZE,51.10,132860.00,Arusha North Hub,2025-06-30
MAIZE,48.77,126802.00,Dodoma Wholesale Hub,2025-06-30
MAIZE,46.42,120692.00,Mbeya Border Market,2025-06-30
MAIZE,49.40,128440.00,Tanga Coastal Exchange,2025-06-30
MAIZE,45.59,118534.00,Tabora Grain Yard,2025-06-30
MAIZE,51.01,132626.00,Kigoma Lake Hub,2025-06-30
RICE,64.64,168064.00,Dar Es Salaam Wholesale,2025-06-30
RICE,61.42,159692.00,Mwanza Central Hub,2025-06-30
RICE,66.35,172510.00,Arusha North Hub,2025-06-30
RICE,63.14,164164.00,Dodoma Wholesale Hub,2025-06-30
RICE,59.93,155818.00,Mbeya Border Market,2025-06-30
RICE,63.59,165334.00,Tanga Coastal Exchange,2025-06-30
RICE,58.53,152178.00,Tabora Grain Yard,2025-06-30
RICE,65.29,169754.00,Kigoma Lake Hub,2025-06-30
BEANS,65.95,171470.00,Dar Es Salaam Wholesale,2025-06-30
BEANS,62.80,163280.00,Mwanza Central Hub,2025-06-30
BEANS,68.00,176800.00,Arusha North Hub,2025-06-30
BEANS,64.86,168636.00,Dodoma Wholesale Hub,2025-06-30
BEANS,61.71,160446.00,Mbeya Border Market,2025-06-30
BEANS,65.64,170664.00,Tanga Coastal Exchange,2025-06-30
BEANS,60.55,157430.00,Tabora Grain Yard,2025-06-30
BEANS,67.71,176046.00,Kigoma Lake Hub,2025-06-30
WHEAT,44.04,114504.00,Dar Es Salaam Wholesale,2025-06-30
WHEAT,41.88,108888.00,Mwanza Central Hub,2025-06-30
WHEAT,45.28,117728.00,Arusha North Hub,2025-06-30
WHEAT,43.12,112112.00,Dodoma Wholesale Hub,2025-06-30
WHEAT,40.96,106496.00,Mbeya Border Market,2025-06-30
WHEAT,43.50,113100.00,Tanga Coastal Exchange,2025-06-30
WHEAT,40.06,104156.00,Tabora Grain Yard,2025-06-30
WHEAT,44.72,116272.00,Kigoma Lake Hub,2025-06-30
SORGHUM,33.06,85956.00,Dar Es Salaam Wholesale,2025-06-30
SORGHUM,31.46,81796.00,Mwanza Central Hub,2025-06-30
SORGHUM,34.03,88478.00,Arusha North Hub,2025-06-30
SORGHUM,32.42,84292.00,Dodoma Wholesale Hub,2025-06-30
SORGHUM,30.82,80132.00,Mbeya Border Market,2025-06-30
SORGHUM,32.75,85150.00,Tanga Coastal Exchange,2025-06-30
SORGHUM,30.19,78494.00,Tabora Grain Yard,2025-06-30
SORGHUM,33.73,87698.00,Kigoma Lake Hub,2025-06-30
CASSAVA,26.05,67730.00,Dar Es Salaam Wholesale,2025-06-30
CASSAVA,24.79,64454.00,Mwanza Central Hub,2025-06-30
CASSAVA,26.83,69758.00,Arusha North Hub,2025-06-30
CASSAVA,25.57,66482.00,Dodoma Wholesale Hub,2025-06-30
CASSAVA,24.32,63232.00,Mbeya Border Market,2025-06-30
CASSAVA,25.84,67184.00,Tanga Coastal Exchange,2025-06-30
CASSAVA,23.82,61932.00,Tabora Grain Yard,2025-06-30
CASSAVA,26.62,69212.00,Kigoma Lake Hub,2025-06-30
POTATO,29.99,77974.00,Dar Es Salaam Wholesale,2025-06-30
POTATO,28.50,74100.00,Mwanza Central Hub,2025-06-30
POTATO,30.80,80080.00,Arusha North Hub,2025-06-30
POTATO,29.33,76258.00,Dodoma Wholesale Hub,2025-06-30
POTATO,27.85,72410.00,Mbeya Border Market,2025-06-30
POTATO,29.57,76882.00,Tanga Coastal Exchange,2025-06-30
POTATO,27.23,70798.00,Tabora Grain Yard,2025-06-30
POTATO,30.39,79014.00,Kigoma Lake Hub,2025-06-30
GROUNDNUT,76.95,200070.00,Dar Es Salaam Wholesale,2025-06-30
GROUNDNUT,73.31,190606.00,Mwanza Central Hub,2025-06-30
GROUNDNUT,79.39,206414.00,Arusha North Hub,2025-06-30
GROUNDNUT,75.73,196898.00,Dodoma Wholesale Hub,2025-06-30
GROUNDNUT,72.07,187382.00,Mbeya Border Market,2025-06-30
GROUNDNUT,76.66,199316.00,Tanga Coastal Exchange,2025-06-30
GROUNDNUT,70.73,183898.00,Tabora Grain Yard,2025-06-30
GROUNDNUT,79.09,205634.00,Kigoma Lake Hub,2025-06-30
SUNFLOWER,60.94,158444.00,Dar Es Salaam Wholesale,2025-06-30
SUNFLOWER,57.90,150540.00,Mwanza Central Hub,2025-06-30
SUNFLOWER,62.53,162578.00,Arusha North Hub,2025-06-30
SUNFLOWER,59.49,154674.00,Dodoma Wholesale Hub,2025-06-30
SUNFLOWER,56.47,146822.00,Mbeya Border Market,2025-06-30
SUNFLOWER,59.91,155766.00,Tanga Coastal Exchange,2025-06-30
SUNFLOWER,55.13,143338.00,Tabora Grain Yard,2025-06-30
SUNFLOWER,61.50,159900.00,Kigoma Lake Hub,2025-06-30
COFFEE,84.00,218400.00,Dar Es Salaam Wholesale,2025-06-30
COFFEE,80.05,208130.00,Mwanza Central Hub,2025-06-30
COFFEE,86.73,225498.00,Arusha North Hub,2025-06-30
COFFEE,82.78,215228.00,Dodoma Wholesale Hub,2025-06-30
COFFEE,78.81,204906.00,Mbeya Border Market,2025-06-30
COFFEE,83.87,218062.00,Tanga Coastal Exchange,2025-06-30
COFFEE,77.42,201292.00,Tabora Grain Yard,2025-06-30
COFFEE,86.61,225186.00,Kigoma Lake Hub,2025-06-30
CASHEW,95.50,248300.00,Dar Es Salaam Wholesale,2025-06-30
CASHEW,90.72,235872.00,Mwanza Central Hub,2025-06-30
CASHEW,97.97,254722.00,Arusha North Hub,2025-06-30
CASHEW,93.20,242320.00,Dodoma Wholesale Hub,2025-06-30
CASHEW,88.45,229970.00,Mbeya Border Market,2025-06-30
CASHEW,93.82,243932.00,Tanga Coastal Exchange,2025-06-30
CASHEW,86.33,224458.00,Tabora Grain Yard,2025-06-30
CASHEW,96.27,250302.00,Kigoma Lake Hub,2025-06-30
COCONUT,83.52,217152.00,Dar Es Salaam Wholesale,2025-06-30
COCONUT,79.57,206882.00,Mwanza Central Hub,2025-06-30
COCONUT,86.19,224094.00,Arusha North Hub,2025-06-30
COCONUT,82.23,213798.00,Dodoma Wholesale Hub,2025-06-30
COCONUT,78.27,203502.00,Mbeya Border Market,2025-06-30
COCONUT,83.28,216528.00,Tanga Coastal Exchange,2025-06-30
COCONUT,76.86,199836.00,Tabora Grain Yard,2025-06-30
COCONUT,85.97,223522.00,Kigoma Lake Hub,2025-06-30
MAIZE,47.00,122200.00,Dar Es Salaam Wholesale,2025-07-07
MAIZE,44.65,116090.00,Mwanza Central Hub,2025-07-07
MAIZE,48.23,125398.00,Arusha North Hub,2025-07-07
MAIZE,45.89,119314.00,Dodoma Wholesale Hub,2025-07-07
MAIZE,43.56,113256.00,Mbeya Border Market,2025-07-07
MAIZE,46.21,120146.00,Tanga Coastal Exchange,2025-07-07
MAIZE,42.52,110552.00,Tabora Grain Yard,2025-07-07
MAIZE,47.43,123318.00,Kigoma Lake Hub,2025-07-07
RICE,60.43,157118.00,Dar Es Salaam Wholesale,2025-07-07
RICE,57.56,149656.00,Mwanza Central Hub,2025-07-07
RICE,62.33,162058.00,Arusha North Hub,2025-07-07
RICE,59.46,154596.00,Dodoma Wholesale Hub,2025-07-07
RICE,56.58,147108.00,Mbeya Border Market,2025-07-07
RICE,60.19,156494.00,Tanga Coastal Exchange,2025-07-07
RICE,55.53,144378.00,Tabora Grain Yard,2025-07-07
RICE,62.11,161486.00,Kigoma Lake Hub,2025-07-07
BEANS,67.76,176176.00,Dar Es Salaam Wholesale,2025-07-07
BEANS,64.43,167518.00,Mwanza Central Hub,2025-07-07
BEANS,69.64,181064.00,Arusha North Hub,2025-07-07
BEANS,66.31,172406.00,Dodoma Wholesale Hub,2025-07-07
BEANS,62.98,163748.00,Mbeya Border Market,2025-07-07
BEANS,66.86,173836.00,Tanga Coastal Exchange,2025-07-07
BEANS,61.57,160082.00,Tabora Grain Yard,2025-07-07
BEANS,68.72,178672.00,Kigoma Lake Hub,2025-07-07
WHEAT,40.39,105014.00,Dar Es Salaam Wholesale,2025-07-07
WHEAT,38.44,99944.00,Mwanza Central Hub,2025-07-07
WHEAT,41.58,108108.00,Arusha North Hub,2025-07-07
WHEAT,39.63,103038.00,Dodoma Wholesale Hub,2025-07-07
WHEAT,37.69,97994.00,Mbeya Border Market,2025-07-07
WHEAT,40.05,104130.00,Tanga Coastal Exchange,2025-07-07
WHEAT,36.93,96018.00,Tabora Grain Yard,2025-07-07
WHEAT,41.27,107302.00,Kigoma Lake Hub,2025-07-07
SORGHUM,36.21,94146.00,Dar Es Salaam Wholesale,2025-07-07
SORGHUM,34.46,89596.00,Mwanza Central Hub,2025-07-07
SORGHUM,37.29,96954.00,Arusha North Hub,2025-07-07
SORGHUM,35.53,92378.00,Dodoma Wholesale Hub,2025-07-07
SORGHUM,33.78,87828.00,Mbeya Border Market,2025-07-07
SORGHUM,35.90,93340.00,Tanga Coastal Exchange,2025-07-07
SORGHUM,33.08,86008.00,Tabora Grain Yard,2025-07-07
SORGHUM,36.96,96096.00,Kigoma Lake Hub,2025-07-07
CASSAVA,25.14,65364.00,Dar Es Salaam Wholesale,2025-07-07
CASSAVA,23.90,62140.00,Mwanza Central Hub,2025-07-07
CASSAVA,25.83,67158.00,Arusha North Hub,2025-07-07
CASSAVA,24.60,63960.00,Dodoma Wholesale Hub,2025-07-07
CASSAVA,23.37,60762.00,Mbeya Border Market,2025-07-07
CASSAVA,24.81,64506.00,Tanga Coastal Exchange,2025-07-07
CASSAVA,22.85,59410.00,Tabora Grain Yard,2025-07-07
CASSAVA,25.51,66326.00,Kigoma Lake Hub,2025-07-07
POTATO,32.60,84760.00,Dar Es Salaam Wholesale,2025-07-07
POTATO,31.05,80730.00,Mwanza Central Hub,2025-07-07
POTATO,33.62,87412.00,Arusha North Hub,2025-07-07
POTATO,32.07,83382.00,Dodoma Wholesale Hub,2025-07-07
POTATO,30.51,79326.00,Mbeya Border Market,2025-07-07
POTATO,32.45,84370.00,Tanga Coastal Exchange,2025-07-07
POTATO,29.94,77844.00,Tabora Grain Yard,2025-07-07
POTATO,33.47,87022.00,Kigoma Lake Hub,2025-07-07
GROUNDNUT,79.66,207116.00,Dar Es Salaam Wholesale,2025-07-07
GROUNDNUT,75.69,196794.00,Mwanza Central Hub,2025-07-07
GROUNDNUT,81.76,212576.00,Arusha North Hub,2025-07-07
GROUNDNUT,77.79,202254.00,Dodoma Wholesale Hub,2025-07-07
GROUNDNUT,73.84,191984.00,Mbeya Border Market,2025-07-07
GROUNDNUT,78.35,203710.00,Tanga Coastal Exchange,2025-07-07
GROUNDNUT,72.11,187486.00,Tabora Grain Yard,2025-07-07
GROUNDNUT,80.44,209144.00,Kigoma Lake Hub,2025-07-07
SUNFLOWER,60.25,156650.00,Dar Es Salaam Wholesale,2025-07-07
SUNFLOWER,57.42,149292.00,Mwanza Central Hub,2025-07-07
SUNFLOWER,62.21,161746.00,Arusha North Hub,2025-07-07
SUNFLOWER,59.37,154362.00,Dodoma Wholesale Hub,2025-07-07
SUNFLOWER,56.52,146952.00,Mbeya Border Market,2025-07-07
SUNFLOWER,60.14,156364.00,Tanga Coastal Exchange,2025-07-07
SUNFLOWER,55.51,144326.00,Tabora Grain Yard,2025-07-07
SUNFLOWER,62.11,161486.00,Kigoma Lake Hub,2025-07-07
COFFEE,85.59,222534.00,Dar Es Salaam Wholesale,2025-07-07
COFFEE,81.30,211380.00,Mwanza Central Hub,2025-07-07
COFFEE,87.80,228280.00,Arusha North Hub,2025-07-07
COFFEE,83.52,217152.00,Dodoma Wholesale Hub,2025-07-07
COFFEE,79.25,206050.00,Mbeya Border Market,2025-07-07
COFFEE,84.07,218582.00,Tanga Coastal Exchange,2025-07-07
COFFEE,77.35,201110.00,Tabora Grain Yard,2025-07-07
COFFEE,93.44,242944.00,Kigoma Lake Hub,2025-07-07
CASHEW,96.97,252122.00,Dar Es Salaam Wholesale,2025-07-07
CASHEW,92.39,240214.00,Mwanza Central Hub,2025-07-07
CASHEW,100.08,260208.00,Arusha North Hub,2025-07-07
CASHEW,95.50,248300.00,Dodoma Wholesale Hub,2025-07-07
CASHEW,90.90,236340.00,Mbeya Border Market,2025-07-07
CASHEW,96.73,251498.00,Tanga Coastal Exchange,2025-07-07
CASHEW,89.27,232102.00,Tabora Grain Yard,2025-07-07
CASHEW,99.87,259662.00,Kigoma Lake Hub,2025-07-07
COCONUT,82.76,215176.00,Dar Es Salaam Wholesale,2025-07-07
COCONUT,78.65,204490.00,Mwanza Central Hub,2025-07-07
COCONUT,84.97,220922.00,Arusha North Hub,2025-07-07
COCONUT,80.87,210262.00,Dodoma Wholesale Hub,2025-07-07
COCONUT,76.77,199602.00,Mbeya Border Market,2025-07-07
COCONUT,81.47,211822.00,Tanga Coastal Exchange,2025-07-07
COCONUT,74.98,194948.00,Tabora Grain Yard,2025-07-07
COCONUT,83.65,217490.00,Kigoma Lake Hub,2025-07-07
MAIZE,46.51,120926.00,Dar Es Salaam Wholesale,2025-07-14
MAIZE,44.31,115206.00,Mwanza Central Hub,2025-07-14
MAIZE,47.99,124774.00,Arusha North Hub,2025-07-14
MAIZE,45.78,119028.00,Dodoma Wholesale Hub,2025-07-14
MAIZE,43.57,113282.00,Mbeya Border Market,2025-07-14
MAIZE,46.36,120536.00,Tanga Coastal Exchange,2025-07-14
MAIZE,42.78,111228.00,Tabora Grain Yard,2025-07-14
MAIZE,47.85,124410.00,Kigoma Lake Hub,2025-07-14
RICE,63.31,164606.00,Dar Es Salaam Wholesale,2025-07-14
RICE,60.19,156494.00,Mwanza Central Hub,2025-07-14
RICE,65.05,169130.00,Arusha North Hub,2025-07-14
RICE,61.92,160992.00,Dodoma Wholesale Hub,2025-07-14
RICE,58.80,152880.00,Mbeya Border Market,2025-07-14
RICE,62.42,162292.00,Tanga Coastal Exchange,2025-07-14
RICE,57.47,149422.00,Tabora Grain Yard,2025-07-14
RICE,64.13,166738.00,Kigoma Lake Hub,2025-07-14
BEANS,63.23,164398.00,Dar Es Salaam Wholesale,2025-07-14
BEANS,60.18,156468.00,Mwanza Central Hub,2025-07-14
BEANS,65.13,169338.00,Arusha North Hub,2025-07-14
BEANS,62.09,161434.00,Dodoma Wholesale Hub,2025-07-14
BEANS,59.05,153530.00,Mbeya Border Market,2025-07-14
BEANS,62.77,163202.00,Tanga Coastal Exchange,2025-07-14
BEANS,57.88,150488.00,Tabora Grain Yard,2025-07-14
BEANS,64.70,168220.00,Kigoma Lake Hub,2025-07-14
WHEAT,43.75,113750.00,Dar Es Salaam Wholesale,2025-07-14
WHEAT,41.62,108212.00,Mwanza Central Hub,2025-07-14
WHEAT,45.02,117052.00,Arusha North Hub,2025-07-14
WHEAT,42.90,111540.00,Dodoma Wholesale Hub,2025-07-14
WHEAT,40.77,106002.00,Mbeya Border Market,2025-07-14
WHEAT,43.32,112632.00,Tanga Coastal Exchange,2025-07-14
WHEAT,39.92,103792.00,Tabora Grain Yard,2025-07-14
WHEAT,44.58,115908.00,Kigoma Lake Hub,2025-07-14
SORGHUM,33.66,87516.00,Dar Es Salaam Wholesale,2025-07-14
SORGHUM,32.01,83226.00,Mwanza Central Hub,2025-07-14
SORGHUM,34.60,89960.00,Arusha North Hub,2025-07-14
SORGHUM,32.95,85670.00,Dodoma Wholesale Hub,2025-07-14
SORGHUM,31.31,81406.00,Mbeya Border Market,2025-07-14
SORGHUM,33.25,86450.00,Tanga Coastal Exchange,2025-07-14
SORGHUM,30.63,79638.00,Tabora Grain Yard,2025-07-14
SORGHUM,34.20,88920.00,Kigoma Lake Hub,2025-07-14
CASSAVA,26.56,69056.00,Dar Es Salaam Wholesale,2025-07-14
CASSAVA,25.29,65754.00,Mwanza Central Hub,2025-07-14
CASSAVA,27.38,71188.00,Arusha North Hub,2025-07-14
CASSAVA,26.12,67912.00,Dodoma Wholesale Hub,2025-07-14
CASSAVA,24.84,64584.00,Mbeya Border Market,2025-07-14
CASSAVA,26.42,68692.00,Tanga Coastal Exchange,2025-07-14
CASSAVA,24.37,63362.00,Tabora Grain Yard,2025-07-14
CASSAVA,27.24,70824.00,Kigoma Lake Hub,2025-07-14
POTATO,31.92,82992.00,Dar Es Salaam Wholesale,2025-07-14
POTATO,30.33,78858.00,Mwanza Central Hub,2025-07-14
POTATO,32.76,85176.00,Arusha North Hub,2025-07-14
POTATO,31.18,81068.00,Dodoma Wholesale Hub,2025-07-14
POTATO,29.60,76960.00,Mbeya Border Market,2025-07-14
POTATO,31.41,81666.00,Tanga Coastal Exchange,2025-07-14
POTATO,28.91,75166.00,Tabora Grain Yard,2025-07-14
POTATO,32.25,83850.00,Kigoma Lake Hub,2025-07-14
GROUNDNUT,78.13,203138.00,Dar Es Salaam Wholesale,2025-07-14
GROUNDNUT,74.45,193570.00,Mwanza Central Hub,2025-07-14
GROUNDNUT,80.66,209716.00,Arusha North Hub,2025-07-14
GROUNDNUT,76.97,200122.00,Dodoma Wholesale Hub,2025-07-14
GROUNDNUT,73.27,190502.00,Mbeya Border Market,2025-07-14
GROUNDNUT,77.96,202696.00,Tanga Coastal Exchange,2025-07-14
GROUNDNUT,71.95,187070.00,Tabora Grain Yard,2025-07-14
GROUNDNUT,80.49,209274.00,Kigoma Lake Hub,2025-07-14
SUNFLOWER,59.50,154700.00,Dar Es Salaam Wholesale,2025-07-14
SUNFLOWER,61.24,159224.00,Mwanza Central Hub,2025-07-14
SUNFLOWER,66.13,171938.00,Arusha North Hub,2025-07-14
SUNFLOWER,62.92,163592.00,Dodoma Wholesale Hub,2025-07-14
SUNFLOWER,59.71,155246.00,Mbeya Border Market,2025-07-14
SUNFLOWER,63.35,164710.00,Tanga Coastal Exchange,2025-07-14
SUNFLOWER,58.29,151554.00,Tabora Grain Yard,2025-07-14
SUNFLOWER,65.01,169026.00,Kigoma Lake Hub,2025-07-14
COFFEE,89.54,232804.00,Dar Es Salaam Wholesale,2025-07-14
COFFEE,85.32,221832.00,Mwanza Central Hub,2025-07-14
COFFEE,92.42,240292.00,Arusha North Hub,2025-07-14
COFFEE,88.19,229294.00,Dodoma Wholesale Hub,2025-07-14
COFFEE,83.95,218270.00,Mbeya Border Market,2025-07-14
COFFEE,89.34,232284.00,Tanga Coastal Exchange,2025-07-14
COFFEE,82.45,214370.00,Tabora Grain Yard,2025-07-14
COFFEE,92.24,239824.00,Kigoma Lake Hub,2025-07-14
CASHEW,97.13,252538.00,Dar Es Salaam Wholesale,2025-07-14
CASHEW,92.30,239980.00,Mwanza Central Hub,2025-07-14
CASHEW,99.70,259220.00,Arusha North Hub,2025-07-14
CASHEW,94.87,246662.00,Dodoma Wholesale Hub,2025-07-14
CASHEW,90.05,234130.00,Mbeya Border Market,2025-07-14
CASHEW,95.55,248430.00,Tanga Coastal Exchange,2025-07-14
CASHEW,87.94,228644.00,Tabora Grain Yard,2025-07-14
CASHEW,98.09,255034.00,Kigoma Lake Hub,2025-07-14
COCONUT,79.65,207090.00,Dar Es Salaam Wholesale,2025-07-14
COCONUT,75.86,197236.00,Mwanza Central Hub,2025-07-14
COCONUT,82.13,213538.00,Arusha North Hub,2025-07-14
COCONUT,78.34,203684.00,Dodoma Wholesale Hub,2025-07-14
COCONUT,74.54,193804.00,Mbeya Border Market,2025-07-14
COCONUT,79.29,206154.00,Tanga Coastal Exchange,2025-07-14
COCONUT,73.15,190190.00,Tabora Grain Yard,2025-07-14
COCONUT,81.80,212680.00,Kigoma Lake Hub,2025-07-14
MAIZE,48.08,125008.00,Dar Es Salaam Wholesale,2025-07-21
MAIZE,45.70,118820.00,Mwanza Central Hub,2025-07-21
MAIZE,49.38,128388.00,Arusha North Hub,2025-07-21
MAIZE,47.00,122200.00,Dodoma Wholesale Hub,2025-07-21
MAIZE,44.62,116012.00,Mbeya Border Market,2025-07-21
MAIZE,47.36,123136.00,Tanga Coastal Exchange,2025-07-21
MAIZE,43.59,113334.00,Tabora Grain Yard,2025-07-21
MAIZE,48.64,126464.00,Kigoma Lake Hub,2025-07-21
RICE,59.57,154882.00,Dar Es Salaam Wholesale,2025-07-21
RICE,56.71,147446.00,Mwanza Central Hub,2025-07-21
RICE,61.38,159588.00,Arusha North Hub,2025-07-21
RICE,58.53,152178.00,Dodoma Wholesale Hub,2025-07-21
RICE,55.67,144742.00,Mbeya Border Market,2025-07-21
RICE,59.19,153894.00,Tanga Coastal Exchange,2025-07-21
RICE,54.59,141934.00,Tabora Grain Yard,2025-07-21
RICE,61.03,158678.00,Kigoma Lake Hub,2025-07-21
BEANS,68.33,177658.00,Dar Es Salaam Wholesale,2025-07-21
BEANS,65.00,169000.00,Mwanza Central Hub,2025-07-21
BEANS,70.30,182780.00,Arusha North Hub,2025-07-21
BEANS,66.97,174122.00,Dodoma Wholesale Hub,2025-07-21
BEANS,63.64,165464.00,Mbeya Border Market,2025-07-21
BEANS,67.60,175760.00,Tanga Coastal Exchange,2025-07-21
BEANS,62.28,161928.00,Tabora Grain Yard,2025-07-21
BEANS,69.54,180804.00,Kigoma Lake Hub,2025-07-21
WHEAT,40.49,105274.00,Dar Es Salaam Wholesale,2025-07-21
WHEAT,38.51,100126.00,Mwanza Central Hub,2025-07-21
WHEAT,41.64,108264.00,Arusha North Hub,2025-07-21
WHEAT,39.67,103142.00,Dodoma Wholesale Hub,2025-07-21
WHEAT,37.70,98020.00,Mbeya Border Market,2025-07-21
WHEAT,40.04,104104.00,Tanga Coastal Exchange,2025-07-21
WHEAT,36.89,95914.00,Tabora Grain Yard,2025-07-21
WHEAT,41.21,107146.00,Kigoma Lake Hub,2025-07-21
SORGHUM,35.92,93392.00,Dar Es Salaam Wholesale,2025-07-21
SORGHUM,34.20,88920.00,Mwanza Central Hub,2025-07-21
SORGHUM,37.02,96252.00,Arusha North Hub,2025-07-21
SORGHUM,35.30,91780.00,Dodoma Wholesale Hub,2025-07-21
SORGHUM,33.58,87308.00,Mbeya Border Market,2025-07-21
SORGHUM,35.70,92820.00,Tanga Coastal Exchange,2025-07-21
SORGHUM,32.92,85592.00,Tabora Grain Yard,2025-07-21
SORGHUM,36.79,95654.00,Kigoma Lake Hub,2025-07-21
CASSAVA,25.62,66612.00,Dar Es Salaam Wholesale,2025-07-21
CASSAVA,24.35,63310.00,Mwanza Central Hub,2025-07-21
CASSAVA,26.31,68406.00,Arusha North Hub,2025-07-21
CASSAVA,25.04,65104.00,Dodoma Wholesale Hub,2025-07-21
CASSAVA,23.77,61802.00,Mbeya Border Market,2025-07-21
CASSAVA,25.23,65598.00,Tanga Coastal Exchange,2025-07-21
CASSAVA,23.22,60372.00,Tabora Grain Yard,2025-07-21
CASSAVA,25.91,67366.00,Kigoma Lake Hub,2025-07-21
POTATO,31.89,82914.00,Dar Es Salaam Wholesale,2025-07-21
POTATO,30.39,79014.00,Mwanza Central Hub,2025-07-21
POTATO,32.92,85592.00,Arusha North Hub,2025-07-21
POTATO,31.41,81666.00,Dodoma Wholesale Hub,2025-07-21
POTATO,29.90,77740.00,Mbeya Border Market,2025-07-21
POTATO,31.81,82706.00,Tanga Coastal Exchange,2025-07-21
POTATO,29.35,76310.00,Tabora Grain Yard,2025-07-21
POTATO,32.83,85358.00,Kigoma Lake Hub,2025-07-21
GROUNDNUT,81.91,212966.00,Dar Es Salaam Wholesale,2025-07-21
GROUNDNUT,77.82,202332.00,Mwanza Central Hub,2025-07-21
GROUNDNUT,84.04,218504.00,Arusha North Hub,2025-07-21
GROUNDNUT,79.95,207870.00,Dodoma Wholesale Hub,2025-07-21
GROUNDNUT,75.88,197288.00,Mbeya Border Market,2025-07-21
GROUNDNUT,80.50,209300.00,Tanga Coastal Exchange,2025-07-21
GROUNDNUT,74.07,192582.00,Tabora Grain Yard,2025-07-21
GROUNDNUT,82.62,214812.00,Kigoma Lake Hub,2025-07-21
SUNFLOWER,63.54,165204.00,Dar Es Salaam Wholesale,2025-07-21
SUNFLOWER,60.54,157404.00,Mwanza Central Hub,2025-07-21
SUNFLOWER,65.59,170534.00,Arusha North Hub,2025-07-21
SUNFLOWER,62.59,162734.00,Dodoma Wholesale Hub,2025-07-21
SUNFLOWER,59.58,154908.00,Mbeya Border Market,2025-07-21
SUNFLOWER,63.40,164840.00,Tanga Coastal Exchange,2025-07-21
SUNFLOWER,58.52,152152.00,Tabora Grain Yard,2025-07-21
SUNFLOWER,65.47,170222.00,Kigoma Lake Hub,2025-07-21
COFFEE,88.07,228982.00,Dar Es Salaam Wholesale,2025-07-21
COFFEE,83.68,217568.00,Mwanza Central Hub,2025-07-21
COFFEE,90.38,234988.00,Arusha North Hub,2025-07-21
COFFEE,85.99,223574.00,Dodoma Wholesale Hub,2025-07-21
COFFEE,81.61,212186.00,Mbeya Border Market,2025-07-21
COFFEE,86.59,225134.00,Tanga Coastal Exchange,2025-07-21
COFFEE,79.68,207168.00,Tabora Grain Yard,2025-07-21
COFFEE,88.87,231062.00,Kigoma Lake Hub,2025-07-21
CASHEW,94.87,246662.00,Dar Es Salaam Wholesale,2025-07-21
CASHEW,90.37,234962.00,Mwanza Central Hub,2025-07-21
CASHEW,97.86,254436.00,Arusha North Hub,2025-07-21
CASHEW,93.35,242710.00,Dodoma Wholesale Hub,2025-07-21
CASHEW,88.84,230984.00,Mbeya Border Market,2025-07-21
CASHEW,94.51,245726.00,Tanga Coastal Exchange,2025-07-21
CASHEW,87.20,226720.00,Tabora Grain Yard,2025-07-21
CASHEW,97.53,253578.00,Kigoma Lake Hub,2025-07-21
COCONUT,84.25,219050.00,Dar Es Salaam Wholesale,2025-07-21
COCONUT,80.10,208260.00,Mwanza Central Hub,2025-07-21
COCONUT,86.57,225082.00,Arusha North Hub,2025-07-21
COCONUT,82.43,214318.00,Dodoma Wholesale Hub,2025-07-21
COCONUT,78.29,203554.00,Mbeya Border Market,2025-07-21
COCONUT,83.11,216086.00,Tanga Coastal Exchange,2025-07-21
COCONUT,76.53,198978.00,Tabora Grain Yard,2025-07-21
COCONUT,85.41,222066.00,Kigoma Lake Hub,2025-07-21
MAIZE,45.72,118872.00,Dar Es Salaam Wholesale,2025-07-28
MAIZE,43.53,113178.00,Mwanza Central Hub,2025-07-28
MAIZE,47.13,122538.00,Arusha North Hub,2025-07-28
MAIZE,44.94,116844.00,Dodoma Wholesale Hub,2025-07-28
MAIZE,42.76,111176.00,Mbeya Border Market,2025-07-28
MAIZE,45.47,118222.00,Tanga Coastal Exchange,2025-07-28
MAIZE,41.95,109070.00,Tabora Grain Yard,2025-07-28
MAIZE,46.90,121940.00,Kigoma Lake Hub,2025-07-28
RICE,64.06,166556.00,Dar Es Salaam Wholesale,2025-07-28
RICE,60.93,158418.00,Mwanza Central Hub,2025-07-28
RICE,65.88,171288.00,Arusha North Hub,2025-07-28
RICE,62.74,163124.00,Dodoma Wholesale Hub,2025-07-28
RICE,59.61,154986.00,Mbeya Border Market,2025-07-28
RICE,63.31,164606.00,Tanga Coastal Exchange,2025-07-28
RICE,58.31,151606.00,Tabora Grain Yard,2025-07-28
RICE,65.11,169286.00,Kigoma Lake Hub,2025-07-28
BEANS,63.15,164190.00,Dar Es Salaam Wholesale,2025-07-28
BEANS,60.08,156208.00,Mwanza Central Hub,2025-07-28
BEANS,64.97,168922.00,Arusha North Hub,2025-07-28
BEANS,61.91,160966.00,Dodoma Wholesale Hub,2025-07-28
BEANS,58.84,152984.00,Mbeya Border Market,2025-07-28
BEANS,62.52,162552.00,Tanga Coastal Exchange,2025-07-28
BEANS,57.61,149786.00,Tabora Grain Yard,2025-07-28
BEANS,64.36,167336.00,Kigoma Lake Hub,2025-07-28
WHEAT,43.54,113204.00,Dar Es Salaam Wholesale,2025-07-28
WHEAT,41.45,107770.00,Mwanza Central Hub,2025-07-28
WHEAT,44.86,116636.00,Arusha North Hub,2025-07-28
WHEAT,42.76,111176.00,Dodoma Wholesale Hub,2025-07-28
WHEAT,40.67,105742.00,Mbeya Border Market,2025-07-28
WHEAT,43.23,112398.00,Tanga Coastal Exchange,2025-07-28
WHEAT,39.86,103636.00,Tabora Grain Yard,2025-07-28
WHEAT,44.54,115804.00,Kigoma Lake Hub,2025-07-28
SORGHUM,34.20,88920.00,Dar Es Salaam Wholesale,2025-07-28
SORGHUM,32.51,84526.00,Mwanza Central Hub,2025-07-28
SORGHUM,35.13,91338.00,Arusha North Hub,2025-07-28
SORGHUM,33.44,86944.00,Dodoma Wholesale Hub,2025-07-28
SORGHUM,31.75,82550.00,Mbeya Border Market,2025-07-28
SORGHUM,33.70,87620.00,Tanga Coastal Exchange,2025-07-28
SORGHUM,31.03,80678.00,Tabora Grain Yard,2025-07-28
SORGHUM,34.63,90038.00,Kigoma Lake Hub,2025-07-28
CASSAVA,26.05,67730.00,Dar Es Salaam Wholesale,2025-07-28
CASSAVA,24.82,64532.00,Mwanza Central Hub,2025-07-28
CASSAVA,26.88,69888.00,Arusha North Hub,2025-07-28
CASSAVA,25.64,66664.00,Dodoma Wholesale Hub,2025-07-28
CASSAVA,24.41,63466.00,Mbeya Border Market,2025-07-28
CASSAVA,25.96,67496.00,Tanga Coastal Exchange,2025-07-28
CASSAVA,23.96,62296.00,Tabora Grain Yard,2025-07-28
CASSAVA,26.79,69654.00,Kigoma Lake Hub,2025-07-28
POTATO,32.79,85254.00,Dar Es Salaam Wholesale,2025-07-28
POTATO,31.15,80990.00,Mwanza Central Hub,2025-07-28
POTATO,33.64,87464.00,Arusha North Hub,2025-07-28
POTATO,32.00,83200.00,Dodoma Wholesale Hub,2025-07-28
POTATO,30.38,78988.00,Mbeya Border Market,2025-07-28
POTATO,32.23,83798.00,Tanga Coastal Exchange,2025-07-28
POTATO,29.65,77090.00,Tabora Grain Yard,2025-07-28
POTATO,33.08,86008.00,Kigoma Lake Hub,2025-07-28
GROUNDNUT,82.36,214136.00,Dar Es Salaam Wholesale,2025-07-28
GROUNDNUT,78.48,204048.00,Mwanza Central Hub,2025-07-28
GROUNDNUT,85.02,221052.00,Arusha North Hub,2025-07-28
GROUNDNUT,74.90,194740.00,Dodoma Wholesale Hub,2025-07-28
GROUNDNUT,71.31,185406.00,Mbeya Border Market,2025-07-28
GROUNDNUT,75.89,197314.00,Tanga Coastal Exchange,2025-07-28
GROUNDNUT,70.05,182130.00,Tabora Grain Yard,2025-07-28
GROUNDNUT,78.38,203788.00,Kigoma Lake Hub,2025-07-28
SUNFLOWER,61.30,159380.00,Dar Es Salaam Wholesale,2025-07-28
SUNFLOWER,58.24,151424.00,Mwanza Central Hub,2025-07-28
SUNFLOWER,62.90,163540.00,Arusha North Hub,2025-07-28
SUNFLOWER,59.84,155584.00,Dodoma Wholesale Hub,2025-07-28
SUNFLOWER,56.79,147654.00,Mbeya Border Market,2025-07-28
SUNFLOWER,60.24,156624.00,Tanga Coastal Exchange,2025-07-28
SUNFLOWER,55.43,144118.00,Tabora Grain Yard,2025-07-28
SUNFLOWER,61.82,160732.00,Kigoma Lake Hub,2025-07-28
COFFEE,87.45,227370.00,Dar Es Salaam Wholesale,2025-07-28
COFFEE,83.31,216606.00,Mwanza Central Hub,2025-07-28
COFFEE,90.23,234598.00,Arusha North Hub,2025-07-28
COFFEE,86.08,223808.00,Dodoma Wholesale Hub,2025-07-28
COFFEE,81.93,213018.00,Mbeya Border Market,2025-07-28
COFFEE,87.17,226642.00,Tanga Coastal Exchange,2025-07-28
COFFEE,80.44,209144.00,Tabora Grain Yard,2025-07-28
COFFEE,89.97,233922.00,Kigoma Lake Hub,2025-07-28
CASHEW,99.16,257816.00,Dar Es Salaam Wholesale,2025-07-28
CASHEW,94.26,245076.00,Mwanza Central Hub,2025-07-28
CASHEW,101.86,264836.00,Arusha North Hub,2025-07-28
CASHEW,96.97,252122.00,Dodoma Wholesale Hub,2025-07-28
CASHEW,92.08,239408.00,Mbeya Border Market,2025-07-28
CASHEW,97.74,254124.00,Tanga Coastal Exchange,2025-07-28
CASHEW,89.98,233948.00,Tabora Grain Yard,2025-07-28
CASHEW,100.41,261066.00,Kigoma Lake Hub,2025-07-28
COCONUT,78.72,204672.00,Dar Es Salaam Wholesale,2025-07-28
COCONUT,74.93,194818.00,Mwanza Central Hub,2025-07-28
COCONUT,81.09,210834.00,Arusha North Hub,2025-07-28
COCONUT,77.31,201006.00,Dodoma Wholesale Hub,2025-07-28
COCONUT,73.52,191152.00,Mbeya Border Market,2025-07-28
COCONUT,78.17,203242.00,Tanga Coastal Exchange,2025-07-28
COCONUT,72.08,187408.00,Tabora Grain Yard,2025-07-28
COCONUT,80.57,209482.00,Kigoma Lake Hub,2025-07-28
MAIZE,46.85,121810.00,Dar Es Salaam Wholesale,2025-08-04
MAIZE,44.55,115830.00,Mwanza Central Hub,2025-08-04
MAIZE,48.16,125216.00,Arusha North Hub,2025-08-04
MAIZE,45.86,119236.00,Dodoma Wholesale Hub,2025-08-04
MAIZE,43.56,113256.00,Mbeya Border Market,2025-08-04
MAIZE,46.26,120276.00,Tanga Coastal Exchange,2025-08-04
MAIZE,42.60,110760.00,Tabora Grain Yard,2025-08-04
MAIZE,47.55,123630.00,Kigoma Lake Hub,2025-08-04
RICE,57.46,149396.00,Dar Es Salaam Wholesale,2025-08-04
RICE,54.68,142168.00,Mwanza Central Hub,2025-08-04
RICE,59.15,153790.00,Arusha North Hub,2025-08-04
RICE,56.37,146562.00,Dodoma Wholesale Hub,2025-08-04
RICE,53.59,139334.00,Mbeya Border Market,2025-08-04
RICE,56.95,148070.00,Tanga Coastal Exchange,2025-08-04
RICE,52.49,136474.00,Tabora Grain Yard,2025-08-04
RICE,58.65,152490.00,Kigoma Lake Hub,2025-08-04
BEANS,67.45,175370.00,Dar Es Salaam Wholesale,2025-08-04
BEANS,64.20,166920.00,Mwanza Central Hub,2025-08-04
BEANS,69.47,180622.00,Arusha North Hub,2025-08-04
BEANS,66.22,172172.00,Dodoma Wholesale Hub,2025-08-04
BEANS,62.96,163696.00,Mbeya Border Market,2025-08-04
BEANS,66.91,173966.00,Tanga Coastal Exchange,2025-08-04
BEANS,61.68,160368.00,Tabora Grain Yard,2025-08-04
BEANS,68.91,179166.00,Kigoma Lake Hub,2025-08-04
WHEAT,41.49,107874.00,Dar Es Salaam Wholesale,2025-08-04
WHEAT,39.44,102544.00,Mwanza Central Hub,2025-08-04
WHEAT,42.62,110812.00,Arusha North Hub,2025-08-04
WHEAT,40.58,105508.00,Dodoma Wholesale Hub,2025-08-04
WHEAT,38.54,100204.00,Mbeya Border Market,2025-08-04
WHEAT,40.91,106366.00,Tanga Coastal Exchange,2025-08-04
WHEAT,37.68,97968.00,Tabora Grain Yard,2025-08-04
WHEAT,42.06,109356.00,Kigoma Lake Hub,2025-08-04
SORGHUM,36.43,94718.00,Dar Es Salaam Wholesale,2025-08-04
SORGHUM,34.71,90246.00,Mwanza Central Hub,2025-08-04
SORGHUM,37.58,97708.00,Arusha North Hub,2025-08-04
SORGHUM,35.85,93210.00,Dodoma Wholesale Hub,2025-08-04
SORGHUM,34.12,88712.00,Mbeya Border Market,2025-08-04
SORGHUM,36.29,94354.00,Tanga Coastal Exchange,2025-08-04
SORGHUM,33.48,87048.00,Tabora Grain Yard,2025-08-04
SORGHUM,37.44,97344.00,Kigoma Lake Hub,2025-08-04
CASSAVA,27.37,71162.00,Dar Es Salaam Wholesale,2025-08-04
CASSAVA,26.01,67626.00,Mwanza Central Hub,2025-08-04
CASSAVA,28.09,73034.00,Arusha North Hub,2025-08-04
CASSAVA,26.72,69472.00,Dodoma Wholesale Hub,2025-08-04
CASSAVA,25.37,65962.00,Mbeya Border Market,2025-08-04
CASSAVA,26.91,69966.00,Tanga Coastal Exchange,2025-08-04
CASSAVA,24.77,64402.00,Tabora Grain Yard,2025-08-04
CASSAVA,27.63,71838.00,Kigoma Lake Hub,2025-08-04
POTATO,32.30,83980.00,Dar Es Salaam Wholesale,2025-08-04
POTATO,30.78,80028.00,Mwanza Central Hub,2025-08-04
POTATO,33.35,86710.00,Arusha North Hub,2025-08-04
POTATO,31.82,82732.00,Dodoma Wholesale Hub,2025-08-04
POTATO,30.30,78780.00,Mbeya Border Market,2025-08-04
POTATO,32.24,83824.00,Tanga Coastal Exchange,2025-08-04
POTATO,29.76,77376.00,Tabora Grain Yard,2025-08-04
POTATO,33.30,86580.00,Kigoma Lake Hub,2025-08-04
GROUNDNUT,80.09,208234.00,Dar Es Salaam Wholesale,2025-08-04
GROUNDNUT,76.08,197808.00,Mwanza Central Hub,2025-08-04
GROUNDNUT,82.16,213616.00,Arusha North Hub,2025-08-04
GROUNDNUT,78.16,203216.00,Dodoma Wholesale Hub,2025-08-04
GROUNDNUT,74.17,192842.00,Mbeya Border Market,2025-08-04
GROUNDNUT,78.68,204568.00,Tanga Coastal Exchange,2025-08-04
GROUNDNUT,72.39,188214.00,Tabora Grain Yard,2025-08-04
GROUNDNUT,80.73,209898.00,Kigoma Lake Hub,2025-08-04
SUNFLOWER,62.60,162760.00,Dar Es Salaam Wholesale,2025-08-04
SUNFLOWER,59.64,155064.00,Mwanza Central Hub,2025-08-04
SUNFLOWER,64.60,167960.00,Arusha North Hub,2025-08-04
SUNFLOWER,61.64,160264.00,Dodoma Wholesale Hub,2025-08-04
SUNFLOWER,58.67,152542.00,Mbeya Border Market,2025-08-04
SUNFLOWER,62.43,162318.00,Tanga Coastal Exchange,2025-08-04
SUNFLOWER,57.61,149786.00,Tabora Grain Yard,2025-08-04
SUNFLOWER,64.45,167570.00,Kigoma Lake Hub,2025-08-04
COFFEE,89.24,232024.00,Dar Es Salaam Wholesale,2025-08-04
COFFEE,84.82,220532.00,Mwanza Central Hub,2025-08-04
COFFEE,91.65,238290.00,Arusha North Hub,2025-08-04
COFFEE,87.23,226798.00,Dodoma Wholesale Hub,2025-08-04
COFFEE,82.82,215332.00,Mbeya Border Market,2025-08-04
COFFEE,87.89,228514.00,Tanga Coastal Exchange,2025-08-04
COFFEE,80.91,210366.00,Tabora Grain Yard,2025-08-04
COFFEE,90.27,234702.00,Kigoma Lake Hub,2025-08-04
CASHEW,90.90,236340.00,Dar Es Salaam Wholesale,2025-08-04
CASHEW,86.55,225030.00,Mwanza Central Hub,2025-08-04
CASHEW,93.68,243568.00,Arusha North Hub,2025-08-04
CASHEW,89.33,232258.00,Dodoma Wholesale Hub,2025-08-04
CASHEW,84.97,220922.00,Mbeya Border Market,2025-08-04
CASHEW,90.35,234910.00,Tanga Coastal Exchange,2025-08-04
CASHEW,83.34,216684.00,Tabora Grain Yard,2025-08-04
CASHEW,93.17,242242.00,Kigoma Lake Hub,2025-08-04
COCONUT,81.73,212498.00,Dar Es Salaam Wholesale,2025-08-04
COCONUT,77.75,202150.00,Mwanza Central Hub,2025-08-04
COCONUT,84.08,218608.00,Arusha North Hub,2025-08-04
COCONUT,80.10,208260.00,Dodoma Wholesale Hub,2025-08-04
COCONUT,76.11,197886.00,Mbeya Border Market,2025-08-04
COCONUT,80.84,210184.00,Tanga Coastal Exchange,2025-08-04
COCONUT,74.48,193648.00,Tabora Grain Yard,2025-08-04
COCONUT,83.16,216216.00,Kigoma Lake Hub,2025-08-04
MAIZE,43.51,113126.00,Dar Es Salaam Wholesale,2025-08-11
MAIZE,41.41,107666.00,Mwanza Central Hub,2025-08-11
MAIZE,44.81,116506.00,Arusha North Hub,2025-08-11
MAIZE,42.71,111046.00,Dodoma Wholesale Hub,2025-08-11
MAIZE,40.61,105586.00,Mbeya Border Market,2025-08-11
MAIZE,43.17,112242.00,Tanga Coastal Exchange,2025-08-11
MAIZE,39.80,103480.00,Tabora Grain Yard,2025-08-11
MAIZE,44.48,115648.00,Kigoma Lake Hub,2025-08-11
RICE,62.24,161824.00,Dar Es Salaam Wholesale,2025-08-11
RICE,59.23,153998.00,Mwanza Central Hub,2025-08-11
RICE,64.08,166608.00,Arusha North Hub,2025-08-11
RICE,61.06,158756.00,Dodoma Wholesale Hub,2025-08-11
RICE,58.05,150930.00,Mbeya Border Market,2025-08-11
RICE,61.68,160368.00,Tanga Coastal Exchange,2025-08-11
RICE,56.84,147784.00,Tabora Grain Yard,2025-08-11
RICE,63.50,165100.00,Kigoma Lake Hub,2025-08-11
BEANS,63.00,163800.00,Dar Es Salaam Wholesale,2025-08-11
BEANS,59.90,155740.00,Mwanza Central Hub,2025-08-11
BEANS,64.74,168324.00,Arusha North Hub,2025-08-11
BEANS,61.65,160290.00,Dodoma Wholesale Hub,2025-08-11
BEANS,58.56,152256.00,Mbeya Border Market,2025-08-11
BEANS,62.19,161694.00,Tanga Coastal Exchange,2025-08-11
BEANS,57.28,148928.00,Tabora Grain Yard,2025-08-11
BEANS,63.95,166270.00,Kigoma Lake Hub,2025-08-11
WHEAT,43.44,112944.00,Dar Es Salaam Wholesale,2025-08-11
WHEAT,41.37,107562.00,Mwanza Central Hub,2025-08-11
WHEAT,44.80,116480.00,Arusha North Hub,2025-08-11
WHEAT,42.73,111098.00,Dodoma Wholesale Hub,2025-08-11
WHEAT,40.65,105690.00,Mbeya Border Market,2025-08-11
WHEAT,43.24,112424.00,Tanga Coastal Exchange,2025-08-11
WHEAT,39.88,103688.00,Tabora Grain Yard,2025-08-11
WHEAT,44.59,115934.00,Kigoma Lake Hub,2025-08-11
SORGHUM,36.11,93886.00,Dar Es Salaam Wholesale,2025-08-11
SORGHUM,34.31,89206.00,Mwanza Central Hub,2025-08-11
SORGHUM,37.06,96356.00,Arusha North Hub,2025-08-11
SORGHUM,35.27,91702.00,Dodoma Wholesale Hub,2025-08-11
SORGHUM,33.47,87022.00,Mbeya Border Market,2025-08-11
SORGHUM,35.52,92352.00,Tanga Coastal Exchange,2025-08-11
SORGHUM,32.69,84994.00,Tabora Grain Yard,2025-08-11
SORGHUM,36.47,94822.00,Kigoma Lake Hub,2025-08-11
CASSAVA,26.46,68796.00,Dar Es Salaam Wholesale,2025-08-11
CASSAVA,25.21,65546.00,Mwanza Central Hub,2025-08-11
CASSAVA,27.31,71006.00,Arusha North Hub,2025-08-11
CASSAVA,26.07,67782.00,Dodoma Wholesale Hub,2025-08-11
CASSAVA,24.81,64506.00,Mbeya Border Market,2025-08-11
CASSAVA,26.41,68666.00,Tanga Coastal Exchange,2025-08-11
CASSAVA,24.37,63362.00,Tabora Grain Yard,2025-08-11
CASSAVA,27.27,70902.00,Kigoma Lake Hub,2025-08-11
POTATO,32.41,84266.00,Dar Es Salaam Wholesale,2025-08-11
POTATO,30.78,80028.00,Mwanza Central Hub,2025-08-11
POTATO,33.24,86424.00,Arusha North Hub,2025-08-11
POTATO,31.62,82212.00,Dodoma Wholesale Hub,2025-08-11
POTATO,30.01,78026.00,Mbeya Border Market,2025-08-11
POTATO,31.83,82758.00,Tanga Coastal Exchange,2025-08-11
POTATO,31.73,82498.00,Tabora Grain Yard,2025-08-11
POTATO,35.39,92014.00,Kigoma Lake Hub,2025-08-11
GROUNDNUT,82.54,214604.00,Dar Es Salaam Wholesale,2025-08-11
GROUNDNUT,78.64,204464.00,Mwanza Central Hub,2025-08-11
GROUNDNUT,85.19,221494.00,Arusha North Hub,2025-08-11
GROUNDNUT,81.29,211354.00,Dodoma Wholesale Hub,2025-08-11
GROUNDNUT,77.38,201188.00,Mbeya Border Market,2025-08-11
GROUNDNUT,82.34,214084.00,Tanga Coastal Exchange,2025-08-11
GROUNDNUT,75.99,197574.00,Tabora Grain Yard,2025-08-11
GROUNDNUT,85.01,221026.00,Kigoma Lake Hub,2025-08-11
SUNFLOWER,63.51,165126.00,Dar Es Salaam Wholesale,2025-08-11
SUNFLOWER,60.36,156936.00,Mwanza Central Hub,2025-08-11
SUNFLOWER,65.21,169546.00,Arusha North Hub,2025-08-11
SUNFLOWER,62.05,161330.00,Dodoma Wholesale Hub,2025-08-11
SUNFLOWER,58.91,153166.00,Mbeya Border Market,2025-08-11
SUNFLOWER,62.51,162526.00,Tanga Coastal Exchange,2025-08-11
SUNFLOWER,57.53,149578.00,Tabora Grain Yard,2025-08-11
SUNFLOWER,64.18,166868.00,Kigoma Lake Hub,2025-08-11
COFFEE,85.06,221156.00,Dar Es Salaam Wholesale,2025-08-11
COFFEE,81.00,210600.00,Mwanza Central Hub,2025-08-11
COFFEE,87.69,227994.00,Arusha North Hub,2025-08-11
COFFEE,83.63,217438.00,Dodoma Wholesale Hub,2025-08-11
COFFEE,79.56,206856.00,Mbeya Border Market,2025-08-11
COFFEE,84.62,220012.00,Tanga Coastal Exchange,2025-08-11
COFFEE,78.06,202956.00,Tabora Grain Yard,2025-08-11
COFFEE,87.28,226928.00,Kigoma Lake Hub,2025-08-11
CASHEW,97.64,253864.00,Dar Es Salaam Wholesale,2025-08-11
CASHEW,92.86,241436.00,Mwanza Central Hub,2025-08-11
CASHEW,100.40,261040.00,Arusha North Hub,2025-08-11
CASHEW,95.62,248612.00,Dodoma Wholesale Hub,2025-08-11
CASHEW,90.85,236210.00,Mbeya Border Market,2025-08-11
CASHEW,96.48,250848.00,Tanga Coastal Exchange,2025-08-11
CASHEW,88.86,231036.00,Tabora Grain Yard,2025-08-11
CASHEW,99.21,257946.00,Kigoma Lake Hub,2025-08-11
COCONUT,75.54,196404.00,Dar Es Salaam Wholesale,2025-08-11
COCONUT,71.87,186862.00,Mwanza Central Hub,2025-08-11
COCONUT,77.73,202098.00,Arusha North Hub,2025-08-11
COCONUT,74.06,192556.00,Dodoma Wholesale Hub,2025-08-11
COCONUT,70.40,183040.00,Mbeya Border Market,2025-08-11
COCONUT,74.80,194480.00,Tanga Coastal Exchange,2025-08-11
COCONUT,68.94,179244.00,Tabora Grain Yard,2025-08-11
COCONUT,77.01,200226.00,Kigoma Lake Hub,2025-08-11
MAIZE,47.12,122512.00,Dar Es Salaam Wholesale,2025-08-18
MAIZE,44.83,116558.00,Mwanza Central Hub,2025-08-18
MAIZE,48.49,126074.00,Arusha North Hub,2025-08-18
MAIZE,46.20,120120.00,Dodoma Wholesale Hub,2025-08-18
MAIZE,43.91,114166.00,Mbeya Border Market,2025-08-18
MAIZE,46.64,121264.00,Tanga Coastal Exchange,2025-08-18
MAIZE,42.98,111748.00,Tabora Grain Yard,2025-08-18
MAIZE,48.00,124800.00,Kigoma Lake Hub,2025-08-18
RICE,57.78,150228.00,Dar Es Salaam Wholesale,2025-08-18
RICE,54.94,142844.00,Mwanza Central Hub,2025-08-18
RICE,59.40,154440.00,Arusha North Hub,2025-08-18
RICE,56.57,147082.00,Dodoma Wholesale Hub,2025-08-18
RICE,53.75,139750.00,Mbeya Border Market,2025-08-18
RICE,57.09,148434.00,Tanga Coastal Exchange,2025-08-18
RICE,52.59,136734.00,Tabora Grain Yard,2025-08-18
RICE,58.73,152698.00,Kigoma Lake Hub,2025-08-18
BEANS,66.74,173524.00,Dar Es Salaam Wholesale,2025-08-18
BEANS,63.56,165256.00,Mwanza Central Hub,2025-08-18
BEANS,68.80,178880.00,Arusha North Hub,2025-08-18
BEANS,65.61,170586.00,Dodoma Wholesale Hub,2025-08-18
BEANS,62.42,162292.00,Mbeya Border Market,2025-08-18
BEANS,66.37,172562.00,Tanga Coastal Exchange,2025-08-18
BEANS,61.21,159146.00,Tabora Grain Yard,2025-08-18
BEANS,68.42,177892.00,Kigoma Lake Hub,2025-08-18
WHEAT,42.37,110162.00,Dar Es Salaam Wholesale,2025-08-18
WHEAT,40.26,104676.00,Mwanza Central Hub,2025-08-18
WHEAT,43.49,113074.00,Arusha North Hub,2025-08-18
WHEAT,41.39,107614.00,Dodoma Wholesale Hub,2025-08-18
WHEAT,39.29,102154.00,Mbeya Border Market,2025-08-18
WHEAT,41.69,108394.00,Tanga Coastal Exchange,2025-08-18
WHEAT,38.38,99788.00,Tabora Grain Yard,2025-08-18
WHEAT,42.82,111332.00,Kigoma Lake Hub,2025-08-18
SORGHUM,35.59,92534.00,Dar Es Salaam Wholesale,2025-08-18
SORGHUM,33.91,88166.00,Mwanza Central Hub,2025-08-18
SORGHUM,36.73,95498.00,Arusha North Hub,2025-08-18
SORGHUM,35.05,91130.00,Dodoma Wholesale Hub,2025-08-18
SORGHUM,33.37,86762.00,Mbeya Border Market,2025-08-18
SORGHUM,35.51,92326.00,Tanga Coastal Exchange,2025-08-18
SORGHUM,32.77,85202.00,Tabora Grain Yard,2025-08-18
SORGHUM,36.66,95316.00,Kigoma Lake Hub,2025-08-18
CASSAVA,28.16,73216.00,Dar Es Salaam Wholesale,2025-08-18
CASSAVA,26.75,69550.00,Mwanza Central Hub,2025-08-18
CASSAVA,28.89,75114.00,Arusha North Hub,2025-08-18
CASSAVA,27.48,71448.00,Dodoma Wholesale Hub,2025-08-18
CASSAVA,26.08,67808.00,Mbeya Border Market,2025-08-18
CASSAVA,27.67,71942.00,Tanga Coastal Exchange,2025-08-18
CASSAVA,25.46,66196.00,Tabora Grain Yard,2025-08-18
CASSAVA,28.40,73840.00,Kigoma Lake Hub,2025-08-18
POTATO,34.07,88582.00,Dar Es Salaam Wholesale,2025-08-18
POTATO,32.47,84422.00,Mwanza Central Hub,2025-08-18
POTATO,35.17,91442.00,Arusha North Hub,2025-08-18
POTATO,33.56,87256.00,Dodoma Wholesale Hub,2025-08-18
POTATO,31.95,83070.00,Mbeya Border Market,2025-08-18
POTATO,34.00,88400.00,Tanga Coastal Exchange,2025-08-18
POTATO,31.38,81588.00,Tabora Grain Yard,2025-08-18
POTATO,35.11,91286.00,Kigoma Lake Hub,2025-08-18
GROUNDNUT,82.31,214006.00,Dar Es Salaam Wholesale,2025-08-18
GROUNDNUT,78.21,203346.00,Mwanza Central Hub,2025-08-18
GROUNDNUT,84.48,219648.00,Arusha North Hub,2025-08-18
GROUNDNUT,80.39,209014.00,Dodoma Wholesale Hub,2025-08-18
GROUNDNUT,76.30,198380.00,Mbeya Border Market,2025-08-18
GROUNDNUT,80.96,210496.00,Tanga Coastal Exchange,2025-08-18
GROUNDNUT,74.50,193700.00,Tabora Grain Yard,2025-08-18
GROUNDNUT,83.10,216060.00,Kigoma Lake Hub,2025-08-18
SUNFLOWER,61.34,159484.00,Dar Es Salaam Wholesale,2025-08-18
SUNFLOWER,58.42,151892.00,Mwanza Central Hub,2025-08-18
SUNFLOWER,63.26,164476.00,Arusha North Hub,2025-08-18
SUNFLOWER,60.34,156884.00,Dodoma Wholesale Hub,2025-08-18
SUNFLOWER,57.42,149292.00,Mbeya Border Market,2025-08-18
SUNFLOWER,61.07,158782.00,Tanga Coastal Exchange,2025-08-18
SUNFLOWER,56.35,146510.00,Tabora Grain Yard,2025-08-18
SUNFLOWER,63.02,163852.00,Kigoma Lake Hub,2025-08-18
COFFEE,90.64,235664.00,Dar Es Salaam Wholesale,2025-08-18
COFFEE,86.19,224094.00,Mwanza Central Hub,2025-08-18
COFFEE,93.17,242242.00,Arusha North Hub,2025-08-18
COFFEE,88.72,230672.00,Dodoma Wholesale Hub,2025-08-18
COFFEE,84.27,219102.00,Mbeya Border Market,2025-08-18
COFFEE,89.48,232648.00,Tanga Coastal Exchange,2025-08-18
COFFEE,82.40,214240.00,Tabora Grain Yard,2025-08-18
COFFEE,91.98,239148.00,Kigoma Lake Hub,2025-08-18
CASHEW,90.39,235014.00,Dar Es Salaam Wholesale,2025-08-18
CASHEW,86.01,223626.00,Mwanza Central Hub,2025-08-18
CASHEW,93.05,241930.00,Arusha North Hub,2025-08-18
CASHEW,88.68,230568.00,Dodoma Wholesale Hub,2025-08-18
CASHEW,84.30,219180.00,Mbeya Border Market,2025-08-18
CASHEW,89.60,232960.00,Tanga Coastal Exchange,2025-08-18
CASHEW,82.59,214734.00,Tabora Grain Yard,2025-08-18
CASHEW,92.29,239954.00,Kigoma Lake Hub,2025-08-18
COCONUT,81.68,212368.00,Dar Es Salaam Wholesale,2025-08-18
COCONUT,77.75,202150.00,Mwanza Central Hub,2025-08-18
COCONUT,84.12,218712.00,Arusha North Hub,2025-08-18
COCONUT,80.18,208468.00,Dodoma Wholesale Hub,2025-08-18
COCONUT,76.23,198198.00,Mbeya Border Market,2025-08-18
COCONUT,81.01,210626.00,Tanga Coastal Exchange,2025-08-18
COCONUT,74.67,194142.00,Tabora Grain Yard,2025-08-18
COCONUT,83.43,216918.00,Kigoma Lake Hub,2025-08-18
MAIZE,43.58,113308.00,Dar Es Salaam Wholesale,2025-08-25
MAIZE,41.46,107796.00,Mwanza Central Hub,2025-08-25
MAIZE,44.83,116558.00,Arusha North Hub,2025-08-25
MAIZE,42.70,111020.00,Dodoma Wholesale Hub,2025-08-25
MAIZE,40.58,105508.00,Mbeya Border Market,2025-08-25
MAIZE,43.11,112086.00,Tanga Coastal Exchange,2025-08-25
MAIZE,39.72,103272.00,Tabora Grain Yard,2025-08-25
MAIZE,44.37,115362.00,Kigoma Lake Hub,2025-08-25
RICE,61.78,160628.00,Dar Es Salaam Wholesale,2025-08-25
RICE,58.83,152958.00,Mwanza Central Hub,2025-08-25
RICE,63.67,165542.00,Arusha North Hub,2025-08-25
RICE,60.71,157846.00,Dodoma Wholesale Hub,2025-08-25
RICE,57.74,150124.00,Mbeya Border Market,2025-08-25
RICE,61.39,159614.00,Tanga Coastal Exchange,2025-08-25
RICE,56.61,147186.00,Tabora Grain Yard,2025-08-25
RICE,63.27,164502.00,Kigoma Lake Hub,2025-08-25
BEANS,64.16,166816.00,Dar Es Salaam Wholesale,2025-08-25
BEANS,60.97,158522.00,Mwanza Central Hub,2025-08-25
BEANS,65.87,171262.00,Arusha North Hub,2025-08-25
BEANS,62.70,163020.00,Dodoma Wholesale Hub,2025-08-25
BEANS,59.53,154778.00,Mbeya Border Market,2025-08-25
BEANS,63.18,164268.00,Tanga Coastal Exchange,2025-08-25
BEANS,58.17,151242.00,Tabora Grain Yard,2025-08-25
BEANS,64.91,168766.00,Kigoma Lake Hub,2025-08-25
WHEAT,42.52,110552.00,Dar Es Salaam Wholesale,2025-08-25
WHEAT,40.52,105352.00,Mwanza Central Hub,2025-08-25
WHEAT,43.89,114114.00,Arusha North Hub,2025-08-25
WHEAT,41.87,108862.00,Dodoma Wholesale Hub,2025-08-25
WHEAT,39.86,103636.00,Mbeya Border Market,2025-08-25
WHEAT,42.40,110240.00,Tanga Coastal Exchange,2025-08-25
WHEAT,39.13,101738.00,Tabora Grain Yard,2025-08-25
WHEAT,43.77,113802.00,Kigoma Lake Hub,2025-08-25
SORGHUM,37.12,96512.00,Dar Es Salaam Wholesale,2025-08-25
SORGHUM,35.27,91702.00,Mwanza Central Hub,2025-08-25
SORGHUM,38.09,99034.00,Arusha North Hub,2025-08-25
SORGHUM,36.24,94224.00,Dodoma Wholesale Hub,2025-08-25
SORGHUM,34.39,89414.00,Mbeya Border Market,2025-08-25
SORGHUM,36.48,94848.00,Tanga Coastal Exchange,2025-08-25
SORGHUM,33.57,87282.00,Tabora Grain Yard,2025-08-25
SORGHUM,37.44,97344.00,Kigoma Lake Hub,2025-08-25
CASSAVA,27.89,72514.00,Dar Es Salaam Wholesale,2025-08-25
CASSAVA,26.58,69108.00,Mwanza Central Hub,2025-08-25
CASSAVA,28.79,74854.00,Arusha North Hub,2025-08-25
CASSAVA,27.48,71448.00,Dodoma Wholesale Hub,2025-08-25
CASSAVA,26.16,68016.00,Mbeya Border Market,2025-08-25
CASSAVA,27.83,72358.00,Tanga Coastal Exchange,2025-08-25
CASSAVA,25.69,66794.00,Tabora Grain Yard,2025-08-25
CASSAVA,28.74,74724.00,Kigoma Lake Hub,2025-08-25
POTATO,33.36,86736.00,Dar Es Salaam Wholesale,2025-08-25
POTATO,31.69,82394.00,Mwanza Central Hub,2025-08-25
POTATO,34.23,88998.00,Arusha North Hub,2025-08-25
POTATO,32.57,84682.00,Dodoma Wholesale Hub,2025-08-25
POTATO,30.91,80366.00,Mbeya Border Market,2025-08-25
POTATO,32.79,85254.00,Tanga Coastal Exchange,2025-08-25
POTATO,30.17,78442.00,Tabora Grain Yard,2025-08-25
POTATO,33.65,87490.00,Kigoma Lake Hub,2025-08-25
GROUNDNUT,80.71,209846.00,Dar Es Salaam Wholesale,2025-08-25
GROUNDNUT,76.89,199914.00,Mwanza Central Hub,2025-08-25
GROUNDNUT,83.26,216476.00,Arusha North Hub,2025-08-25
GROUNDNUT,79.43,206518.00,Dodoma Wholesale Hub,2025-08-25
GROUNDNUT,75.59,196534.00,Mbeya Border Market,2025-08-25
GROUNDNUT,80.42,209092.00,Tanga Coastal Exchange,2025-08-25
GROUNDNUT,74.20,192920.00,Tabora Grain Yard,2025-08-25
GROUNDNUT,82.99,215774.00,Kigoma Lake Hub,2025-08-25
SUNFLOWER,64.70,168220.00,Dar Es Salaam Wholesale,2025-08-25
SUNFLOWER,61.51,159926.00,Mwanza Central Hub,2025-08-25
SUNFLOWER,66.48,172848.00,Arusha North Hub,2025-08-25
SUNFLOWER,63.30,164580.00,Dodoma Wholesale Hub,2025-08-25
SUNFLOWER,60.11,156286.00,Mbeya Border Market,2025-08-25
SUNFLOWER,63.82,165932.00,Tanga Coastal Exchange,2025-08-25
SUNFLOWER,58.76,152776.00,Tabora Grain Yard,2025-08-25
SUNFLOWER,65.57,170482.00,Kigoma Lake Hub,2025-08-25
COFFEE,84.27,219102.00,Dar Es Salaam Wholesale,2025-08-25
COFFEE,80.21,208546.00,Mwanza Central Hub,2025-08-25
COFFEE,86.79,225654.00,Arusha North Hub,2025-08-25
COFFEE,82.73,215098.00,Dodoma Wholesale Hub,2025-08-25
COFFEE,78.66,204516.00,Mbeya Border Market,2025-08-25
COFFEE,83.62,217412.00,Tanga Coastal Exchange,2025-08-25
COFFEE,77.10,200460.00,Tabora Grain Yard,2025-08-25
COFFEE,86.16,224016.00,Kigoma Lake Hub,2025-08-25
CASHEW,97.92,254592.00,Dar Es Salaam Wholesale,2025-08-25
CASHEW,93.18,242268.00,Mwanza Central Hub,2025-08-25
CASHEW,100.80,262080.00,Arusha North Hub,2025-08-25
CASHEW,96.06,249756.00,Dodoma Wholesale Hub,2025-08-25
CASHEW,91.31,237406.00,Mbeya Border Market,2025-08-25
CASHEW,97.02,252252.00,Tanga Coastal Exchange,2025-08-25
CASHEW,89.41,232466.00,Tabora Grain Yard,2025-08-25
CASHEW,99.87,259662.00,Kigoma Lake Hub,2025-08-25
COCONUT,76.18,198068.00,Dar Es Salaam Wholesale,2025-08-25
COCONUT,72.44,188344.00,Mwanza Central Hub,2025-08-25
COCONUT,78.30,203580.00,Arusha North Hub,2025-08-25
COCONUT,74.56,193856.00,Dodoma Wholesale Hub,2025-08-25
COCONUT,70.83,184158.00,Mbeya Border Market,2025-08-25
COCONUT,75.22,195572.00,Tanga Coastal Exchange,2025-08-25
COCONUT,69.28,180128.00,Tabora Grain Yard,2025-08-25
COCONUT,77.35,201110.00,Kigoma Lake Hub,2025-08-25
MAIZE,45.50,118300.00,Dar Es Salaam Wholesale,2025-09-01
MAIZE,43.31,112606.00,Mwanza Central Hub,2025-09-01
MAIZE,46.87,121862.00,Arusha North Hub,2025-09-01
MAIZE,44.68,116168.00,Dodoma Wholesale Hub,2025-09-01
MAIZE,42.49,110474.00,Mbeya Border Market,2025-09-01
MAIZE,45.17,117442.00,Tanga Coastal Exchange,2025-09-01
MAIZE,41.64,108264.00,Tabora Grain Yard,2025-09-01
MAIZE,46.53,120978.00,Kigoma Lake Hub,2025-09-01
RICE,57.98,150748.00,Dar Es Salaam Wholesale,2025-09-01
RICE,55.11,143286.00,Mwanza Central Hub,2025-09-01
RICE,59.55,154830.00,Arusha North Hub,2025-09-01
RICE,56.69,147394.00,Dodoma Wholesale Hub,2025-09-01
RICE,53.83,139958.00,Mbeya Border Market,2025-09-01
RICE,57.15,148590.00,Tanga Coastal Exchange,2025-09-01
RICE,52.62,136812.00,Tabora Grain Yard,2025-09-01
RICE,58.73,152698.00,Kigoma Lake Hub,2025-09-01
BEANS,66.26,172276.00,Dar Es Salaam Wholesale,2025-09-01
BEANS,63.12,164112.00,Mwanza Central Hub,2025-09-01
BEANS,68.36,177736.00,Arusha North Hub,2025-09-01
BEANS,65.22,169572.00,Dodoma Wholesale Hub,2025-09-01
BEANS,62.07,161382.00,Mbeya Border Market,2025-09-01
BEANS,66.03,171678.00,Tanga Coastal Exchange,2025-09-01
BEANS,60.93,158418.00,Tabora Grain Yard,2025-09-01
BEANS,68.14,177164.00,Kigoma Lake Hub,2025-09-01
WHEAT,44.87,116662.00,Dar Es Salaam Wholesale,2025-09-01
WHEAT,42.63,110838.00,Mwanza Central Hub,2025-09-01
WHEAT,46.04,119704.00,Arusha North Hub,2025-09-01
WHEAT,43.80,113880.00,Dodoma Wholesale Hub,2025-09-01
WHEAT,41.57,108082.00,Mbeya Border Market,2025-09-01
WHEAT,44.11,114686.00,Tanga Coastal Exchange,2025-09-01
WHEAT,40.59,105534.00,Tabora Grain Yard,2025-09-01
WHEAT,45.27,117702.00,Kigoma Lake Hub,2025-09-01
SORGHUM,39.08,101608.00,Dar Es Salaam Wholesale,2025-09-01
SORGHUM,37.24,96824.00,Mwanza Central Hub,2025-09-01
SORGHUM,37.24,96824.00,Arusha North Hub,2025-09-01
SORGHUM,35.54,92404.00,Dodoma Wholesale Hub,2025-09-01
SORGHUM,33.84,87984.00,Mbeya Border Market,2025-09-01
SORGHUM,36.01,93626.00,Tanga Coastal Exchange,2025-09-01
SORGHUM,33.24,86424.00,Tabora Grain Yard,2025-09-01
SORGHUM,37.19,96694.00,Kigoma Lake Hub,2025-09-01
CASSAVA,27.85,72410.00,Dar Es Salaam Wholesale,2025-09-01
CASSAVA,26.46,68796.00,Mwanza Central Hub,2025-09-01
CASSAVA,28.57,74282.00,Arusha North Hub,2025-09-01
CASSAVA,27.18,70668.00,Dodoma Wholesale Hub,2025-09-01
CASSAVA,25.80,67080.00,Mbeya Border Market,2025-09-01
CASSAVA,27.37,71162.00,Tanga Coastal Exchange,2025-09-01
CASSAVA,25.18,65468.00,Tabora Grain Yard,2025-09-01
CASSAVA,28.08,73008.00,Kigoma Lake Hub,2025-09-01
POTATO,34.20,88920.00,Dar Es Salaam Wholesale,2025-09-01
POTATO,32.59,84734.00,Mwanza Central Hub,2025-09-01
POTATO,35.29,91754.00,Arusha North Hub,2025-09-01
POTATO,33.67,87542.00,Dodoma Wholesale Hub,2025-09-01
POTATO,32.05,83330.00,Mbeya Border Market,2025-09-01
POTATO,34.10,88660.00,Tanga Coastal Exchange,2025-09-01
POTATO,31.47,81822.00,Tabora Grain Yard,2025-09-01
POTATO,35.20,91520.00,Kigoma Lake Hub,2025-09-01
GROUNDNUT,84.92,220792.00,Dar Es Salaam Wholesale,2025-09-01
GROUNDNUT,80.73,209898.00,Mwanza Central Hub,2025-09-01
GROUNDNUT,87.23,226798.00,Arusha North Hub,2025-09-01
GROUNDNUT,83.04,215904.00,Dodoma Wholesale Hub,2025-09-01
GROUNDNUT,78.85,205010.00,Mbeya Border Market,2025-09-01
GROUNDNUT,83.69,217594.00,Tanga Coastal Exchange,2025-09-01
GROUNDNUT,77.05,200330.00,Tabora Grain Yard,2025-09-01
GROUNDNUT,85.97,223522.00,Kigoma Lake Hub,2025-09-01
SUNFLOWER,59.97,155922.00,Dar Es Salaam Wholesale,2025-09-01
SUNFLOWER,57.09,148434.00,Mwanza Central Hub,2025-09-01
SUNFLOWER,61.79,160654.00,Arusha North Hub,2025-09-01
SUNFLOWER,58.91,153166.00,Dodoma Wholesale Hub,2025-09-01
SUNFLOWER,56.03,145678.00,Mbeya Border Market,2025-09-01
SUNFLOWER,59.57,154882.00,Tanga Coastal Exchange,2025-09-01
SUNFLOWER,54.93,142818.00,Tabora Grain Yard,2025-09-01
SUNFLOWER,61.40,159640.00,Kigoma Lake Hub,2025-09-01
COFFEE,88.72,230672.00,Dar Es Salaam Wholesale,2025-09-01
COFFEE,84.41,219466.00,Mwanza Central Hub,2025-09-01
COFFEE,91.29,237354.00,Arusha North Hub,2025-09-01
COFFEE,86.98,226148.00,Dodoma Wholesale Hub,2025-09-01
COFFEE,82.66,214916.00,Mbeya Border Market,2025-09-01
COFFEE,87.82,228332.00,Tanga Coastal Exchange,2025-09-01
COFFEE,80.91,210366.00,Tabora Grain Yard,2025-09-01
COFFEE,90.36,234936.00,Kigoma Lake Hub,2025-09-01
CASHEW,87.32,227032.00,Dar Es Salaam Wholesale,2025-09-01
CASHEW,83.05,215930.00,Mwanza Central Hub,2025-09-01
CASHEW,89.79,233454.00,Arusha North Hub,2025-09-01
CASHEW,85.52,222352.00,Dodoma Wholesale Hub,2025-09-01
CASHEW,81.25,211250.00,Mbeya Border Market,2025-09-01
CASHEW,86.30,224380.00,Tanga Coastal Exchange,2025-09-01
CASHEW,79.51,206726.00,Tabora Grain Yard,2025-09-01
CASHEW,88.79,230854.00,Kigoma Lake Hub,2025-09-01
COCONUT,77.63,201838.00,Dar Es Salaam Wholesale,2025-09-01
COCONUT,73.93,192218.00,Mwanza Central Hub,2025-09-01
COCONUT,80.03,208078.00,Arusha North Hub,2025-09-01
COCONUT,76.32,198432.00,Dodoma Wholesale Hub,2025-09-01
COCONUT,72.60,188760.00,Mbeya Border Market,2025-09-01
COCONUT,77.19,200694.00,Tanga Coastal Exchange,2025-09-01
COCONUT,71.19,185094.00,Tabora Grain Yard,2025-09-01
COCONUT,79.58,206908.00,Kigoma Lake Hub,2025-09-01
MAIZE,42.76,111176.00,Dar Es Salaam Wholesale,2025-09-08
MAIZE,40.65,105690.00,Mwanza Central Hub,2025-09-08
MAIZE,43.93,114218.00,Arusha North Hub,2025-09-08
MAIZE,41.82,108732.00,Dodoma Wholesale Hub,2025-09-08
MAIZE,39.72,103272.00,Mbeya Border Market,2025-09-08
MAIZE,42.18,109668.00,Tanga Coastal Exchange,2025-09-08
MAIZE,38.84,100984.00,Tabora Grain Yard,2025-09-08
MAIZE,43.36,112736.00,Kigoma Lake Hub,2025-09-08
RICE,60.10,156260.00,Dar Es Salaam Wholesale,2025-09-08
RICE,57.25,148850.00,Mwanza Central Hub,2025-09-08
RICE,62.00,161200.00,Arusha North Hub,2025-09-08
RICE,59.14,153764.00,Dodoma Wholesale Hub,2025-09-08
RICE,56.27,146302.00,Mbeya Border Market,2025-09-08
RICE,59.85,155610.00,Tanga Coastal Exchange,2025-09-08
RICE,55.22,143572.00,Tabora Grain Yard,2025-09-08
RICE,61.74,160524.00,Kigoma Lake Hub,2025-09-08
BEANS,66.54,173004.00,Dar Es Salaam Wholesale,2025-09-08
BEANS,63.21,164346.00,Mwanza Central Hub,2025-09-08
BEANS,68.28,177528.00,Arusha North Hub,2025-09-08
BEANS,64.96,168896.00,Dodoma Wholesale Hub,2025-09-08
BEANS,61.66,160316.00,Mbeya Border Market,2025-09-08
BEANS,65.42,170092.00,Tanga Coastal Exchange,2025-09-08
BEANS,60.21,156546.00,Tabora Grain Yard,2025-09-08
BEANS,67.16,174616.00,Kigoma Lake Hub,2025-09-08
WHEAT,42.72,111072.00,Dar Es Salaam Wholesale,2025-09-08
WHEAT,40.71,105846.00,Mwanza Central Hub,2025-09-08
WHEAT,44.11,114686.00,Arusha North Hub,2025-09-08
WHEAT,42.09,109434.00,Dodoma Wholesale Hub,2025-09-08
WHEAT,40.07,104182.00,Mbeya Border Market,2025-09-08
WHEAT,42.65,110890.00,Tanga Coastal Exchange,2025-09-08
WHEAT,39.37,102362.00,Tabora Grain Yard,2025-09-08
WHEAT,44.04,114504.00,Kigoma Lake Hub,2025-09-08
SORGHUM,36.77,95602.00,Dar Es Salaam Wholesale,2025-09-08
SORGHUM,34.93,90818.00,Mwanza Central Hub,2025-09-08
SORGHUM,37.72,98072.00,Arusha North Hub,2025-09-08
SORGHUM,35.88,93288.00,Dodoma Wholesale Hub,2025-09-08
SORGHUM,34.05,88530.00,Mbeya Border Market,2025-09-08
SORGHUM,36.12,93912.00,Tanga Coastal Exchange,2025-09-08
SORGHUM,33.23,86398.00,Tabora Grain Yard,2025-09-08
SORGHUM,37.06,96356.00,Kigoma Lake Hub,2025-09-08
CASSAVA,28.29,73554.00,Dar Es Salaam Wholesale,2025-09-08
CASSAVA,26.95,70070.00,Mwanza Central Hub,2025-09-08
CASSAVA,29.20,75920.00,Arusha North Hub,2025-09-08
CASSAVA,27.86,72436.00,Dodoma Wholesale Hub,2025-09-08
CASSAVA,26.52,68952.00,Mbeya Border Market,2025-09-08
CASSAVA,28.21,73346.00,Tanga Coastal Exchange,2025-09-08
CASSAVA,26.04,67704.00,Tabora Grain Yard,2025-09-08
CASSAVA,29.13,75738.00,Kigoma Lake Hub,2025-09-08
POTATO,35.12,91312.00,Dar Es Salaam Wholesale,2025-09-08
POTATO,33.38,86788.00,Mwanza Central Hub,2025-09-08
POTATO,36.07,93782.00,Arusha North Hub,2025-09-08
POTATO,34.33,89258.00,Dodoma Wholesale Hub,2025-09-08
POTATO,32.59,84734.00,Mbeya Border Market,2025-09-08
POTATO,34.58,89908.00,Tanga Coastal Exchange,2025-09-08
POTATO,31.83,82758.00,Tabora Grain Yard,2025-09-08
POTATO,35.52,92352.00,Kigoma Lake Hub,2025-09-08
GROUNDNUT,80.25,208650.00,Dar Es Salaam Wholesale,2025-09-08
GROUNDNUT,76.41,198666.00,Mwanza Central Hub,2025-09-08
GROUNDNUT,82.71,215046.00,Arusha North Hub,2025-09-08
GROUNDNUT,78.87,205062.00,Dodoma Wholesale Hub,2025-09-08
GROUNDNUT,75.03,195078.00,Mbeya Border Market,2025-09-08
GROUNDNUT,79.79,207454.00,Tanga Coastal Exchange,2025-09-08
GROUNDNUT,73.59,191334.00,Tabora Grain Yard,2025-09-08
GROUNDNUT,82.28,213928.00,Kigoma Lake Hub,2025-09-08
SUNFLOWER,64.69,168194.00,Dar Es Salaam Wholesale,2025-09-08
SUNFLOWER,61.54,160004.00,Mwanza Central Hub,2025-09-08
SUNFLOWER,66.54,173004.00,Arusha North Hub,2025-09-08
SUNFLOWER,63.38,164788.00,Dodoma Wholesale Hub,2025-09-08
SUNFLOWER,60.23,156598.00,Mbeya Border Market,2025-09-08
SUNFLOWER,63.97,166322.00,Tanga Coastal Exchange,2025-09-08
SUNFLOWER,58.93,153218.00,Tabora Grain Yard,2025-09-08
SUNFLOWER,65.80,171080.00,Kigoma Lake Hub,2025-09-08
COFFEE,82.04,213304.00,Dar Es Salaam Wholesale,2025-09-08
COFFEE,78.04,202904.00,Mwanza Central Hub,2025-09-08
COFFEE,84.39,219414.00,Arusha North Hub,2025-09-08
COFFEE,80.39,209014.00,Dodoma Wholesale Hub,2025-09-08
COFFEE,76.40,198640.00,Mbeya Border Market,2025-09-08
COFFEE,81.16,211016.00,Tanga Coastal Exchange,2025-09-08
COFFEE,74.79,194454.00,Tabora Grain Yard,2025-09-08
COFFEE,83.54,217204.00,Kigoma Lake Hub,2025-09-08
CASHEW,93.53,243178.00,Dar Es Salaam Wholesale,2025-09-08
CASHEW,89.05,231530.00,Mwanza Central Hub,2025-09-08
CASHEW,96.38,250588.00,Arusha North Hub,2025-09-08
CASHEW,91.89,238914.00,Dodoma Wholesale Hub,2025-09-08
CASHEW,87.40,227240.00,Mbeya Border Market,2025-09-08
CASHEW,92.91,241566.00,Tanga Coastal Exchange,2025-09-08
CASHEW,85.67,222742.00,Tabora Grain Yard,2025-09-08
CASHEW,95.75,248950.00,Kigoma Lake Hub,2025-09-08
COCONUT,74.44,193544.00,Dar Es Salaam Wholesale,2025-09-08
COCONUT,70.74,183924.00,Mwanza Central Hub,2025-09-08
COCONUT,76.44,198744.00,Arusha North Hub,2025-09-08
COCONUT,72.75,189150.00,Dodoma Wholesale Hub,2025-09-08
COCONUT,69.08,179608.00,Mbeya Border Market,2025-09-08
COCONUT,73.32,190632.00,Tanga Coastal Exchange,2025-09-08
COCONUT,67.50,175500.00,Tabora Grain Yard,2025-09-08
COCONUT,75.32,195832.00,Kigoma Lake Hub,2025-09-08
MAIZE,44.91,116766.00,Dar Es Salaam Wholesale,2025-09-15
MAIZE,42.77,111202.00,Mwanza Central Hub,2025-09-15
MAIZE,46.31,120406.00,Arusha North Hub,2025-09-15
MAIZE,44.17,114842.00,Dodoma Wholesale Hub,2025-09-15
MAIZE,42.02,109252.00,Mbeya Border Market,2025-09-15
MAIZE,44.69,116194.00,Tanga Coastal Exchange,2025-09-15
MAIZE,41.22,107172.00,Tabora Grain Yard,2025-09-15
MAIZE,46.09,119834.00,Kigoma Lake Hub,2025-09-15
RICE,59.32,154232.00,Dar Es Salaam Wholesale,2025-09-15
RICE,56.36,146536.00,Mwanza Central Hub,2025-09-15
RICE,60.88,158288.00,Arusha North Hub,2025-09-15
RICE,57.93,150618.00,Dodoma Wholesale Hub,2025-09-15
RICE,54.99,142974.00,Mbeya Border Market,2025-09-15
RICE,58.36,151736.00,Tanga Coastal Exchange,2025-09-15
RICE,53.71,139646.00,Tabora Grain Yard,2025-09-15
RICE,59.92,155792.00,Kigoma Lake Hub,2025-09-15
BEANS,64.63,168038.00,Dar Es Salaam Wholesale,2025-09-15
BEANS,61.59,160134.00,Mwanza Central Hub,2025-09-15
BEANS,66.72,173472.00,Arusha North Hub,2025-09-15
BEANS,63.67,165542.00,Dodoma Wholesale Hub,2025-09-15
BEANS,60.61,157586.00,Mbeya Border Market,2025-09-15
BEANS,64.50,167700.00,Tanga Coastal Exchange,2025-09-15
BEANS,59.53,154778.00,Tabora Grain Yard,2025-09-15
BEANS,66.60,173160.00,Kigoma Lake Hub,2025-09-15
WHEAT,42.64,110864.00,Dar Es Salaam Wholesale,2025-09-15
WHEAT,40.50,105300.00,Mwanza Central Hub,2025-09-15
WHEAT,43.73,113698.00,Arusha North Hub,2025-09-15
WHEAT,41.60,108160.00,Dodoma Wholesale Hub,2025-09-15
WHEAT,42.77,111202.00,Mbeya Border Market,2025-09-15
WHEAT,45.37,117962.00,Tanga Coastal Exchange,2025-09-15
WHEAT,41.75,108550.00,Tabora Grain Yard,2025-09-15
WHEAT,46.56,121056.00,Kigoma Lake Hub,2025-09-15
SORGHUM,38.08,99008.00,Dar Es Salaam Wholesale,2025-09-15
SORGHUM,36.29,94354.00,Mwanza Central Hub,2025-09-15
SORGHUM,39.31,102206.00,Arusha North Hub,2025-09-15
SORGHUM,37.51,97526.00,Dodoma Wholesale Hub,2025-09-15
SORGHUM,35.70,92820.00,Mbeya Border Market,2025-09-15
SORGHUM,37.99,98774.00,Tanga Coastal Exchange,2025-09-15
SORGHUM,35.07,91182.00,Tabora Grain Yard,2025-09-15
SORGHUM,39.23,101998.00,Kigoma Lake Hub,2025-09-15
CASSAVA,28.58,74308.00,Dar Es Salaam Wholesale,2025-09-15
CASSAVA,27.16,70616.00,Mwanza Central Hub,2025-09-15
CASSAVA,29.34,76284.00,Arusha North Hub,2025-09-15
CASSAVA,27.92,72592.00,Dodoma Wholesale Hub,2025-09-15
CASSAVA,26.51,68926.00,Mbeya Border Market,2025-09-15
CASSAVA,28.13,73138.00,Tanga Coastal Exchange,2025-09-15
CASSAVA,25.89,67314.00,Tabora Grain Yard,2025-09-15
CASSAVA,28.88,75088.00,Kigoma Lake Hub,2025-09-15
POTATO,33.58,87308.00,Dar Es Salaam Wholesale,2025-09-15
POTATO,31.98,83148.00,Mwanza Central Hub,2025-09-15
POTATO,34.62,90012.00,Arusha North Hub,2025-09-15
POTATO,33.02,85852.00,Dodoma Wholesale Hub,2025-09-15
POTATO,31.42,81692.00,Mbeya Border Market,2025-09-15
POTATO,33.41,86866.00,Tanga Coastal Exchange,2025-09-15
POTATO,30.82,80132.00,Tabora Grain Yard,2025-09-15
POTATO,34.47,89622.00,Kigoma Lake Hub,2025-09-15
GROUNDNUT,86.05,223730.00,Dar Es Salaam Wholesale,2025-09-15
GROUNDNUT,81.83,212758.00,Mwanza Central Hub,2025-09-15
GROUNDNUT,88.47,230022.00,Arusha North Hub,2025-09-15
GROUNDNUT,84.26,219076.00,Dodoma Wholesale Hub,2025-09-15
GROUNDNUT,80.05,208130.00,Mbeya Border Market,2025-09-15
GROUNDNUT,85.01,221026.00,Tanga Coastal Exchange,2025-09-15
GROUNDNUT,78.29,203554.00,Tabora Grain Yard,2025-09-15
GROUNDNUT,87.40,227240.00,Kigoma Lake Hub,2025-09-15
SUNFLOWER,59.80,155480.00,Dar Es Salaam Wholesale,2025-09-15
SUNFLOWER,56.89,147914.00,Mwanza Central Hub,2025-09-15
SUNFLOWER,61.54,160004.00,Arusha North Hub,2025-09-15
SUNFLOWER,58.64,152464.00,Dodoma Wholesale Hub,2025-09-15
SUNFLOWER,55.74,144924.00,Mbeya Border Market,2025-09-15
SUNFLOWER,59.23,153998.00,Tanga Coastal Exchange,2025-09-15
SUNFLOWER,54.59,141934.00,Tabora Grain Yard,2025-09-15
SUNFLOWER,60.98,158548.00,Kigoma Lake Hub,2025-09-15
COFFEE,88.43,229918.00,Dar Es Salaam Wholesale,2025-09-15
COFFEE,84.18,218868.00,Mwanza Central Hub,2025-09-15
COFFEE,91.10,236860.00,Arusha North Hub,2025-09-15
COFFEE,86.84,225784.00,Dodoma Wholesale Hub,2025-09-15
COFFEE,82.57,214682.00,Mbeya Border Market,2025-09-15
COFFEE,87.77,228202.00,Tanga Coastal Exchange,2025-09-15
COFFEE,80.91,210366.00,Tabora Grain Yard,2025-09-15
COFFEE,90.41,235066.00,Kigoma Lake Hub,2025-09-15
CASHEW,88.60,230360.00,Dar Es Salaam Wholesale,2025-09-15
CASHEW,84.22,218972.00,Mwanza Central Hub,2025-09-15
CASHEW,91.01,236626.00,Arusha North Hub,2025-09-15
CASHEW,86.63,225238.00,Dodoma Wholesale Hub,2025-09-15
CASHEW,82.27,213902.00,Mbeya Border Market,2025-09-15
CASHEW,87.34,227084.00,Tanga Coastal Exchange,2025-09-15
CASHEW,80.42,209092.00,Tabora Grain Yard,2025-09-15
CASHEW,89.76,233376.00,Kigoma Lake Hub,2025-09-15
COCONUT,76.23,198198.00,Dar Es Salaam Wholesale,2025-09-15
COCONUT,72.62,188812.00,Mwanza Central Hub,2025-09-15
COCONUT,78.65,204490.00,Arusha North Hub,2025-09-15
COCONUT,75.03,195078.00,Dodoma Wholesale Hub,2025-09-15
COCONUT,71.40,185640.00,Mbeya Border Market,2025-09-15
COCONUT,75.96,197496.00,Tanga Coastal Exchange,2025-09-15
COCONUT,70.08,182208.00,Tabora Grain Yard,2025-09-15
COCONUT,78.37,203762.00,Kigoma Lake Hub,2025-09-15
MAIZE,43.63,113438.00,Dar Es Salaam Wholesale,2025-09-22
MAIZE,41.46,107796.00,Mwanza Central Hub,2025-09-22
MAIZE,44.79,116454.00,Arusha North Hub,2025-09-22
MAIZE,42.63,110838.00,Dodoma Wholesale Hub,2025-09-22
MAIZE,40.47,105222.00,Mbeya Border Market,2025-09-22
MAIZE,42.95,111670.00,Tanga Coastal Exchange,2025-09-22
MAIZE,39.54,102804.00,Tabora Grain Yard,2025-09-22
MAIZE,44.11,114686.00,Kigoma Lake Hub,2025-09-22
RICE,58.74,152724.00,Dar Es Salaam Wholesale,2025-09-22
RICE,55.97,145522.00,Mwanza Central Hub,2025-09-22
RICE,60.63,157638.00,Arusha North Hub,2025-09-22
RICE,57.85,150410.00,Dodoma Wholesale Hub,2025-09-22
RICE,55.07,143182.00,Mbeya Border Market,2025-09-22
RICE,58.59,152334.00,Tanga Coastal Exchange,2025-09-22
RICE,54.08,140608.00,Tabora Grain Yard,2025-09-22
RICE,60.49,157274.00,Kigoma Lake Hub,2025-09-22
BEANS,68.44,177944.00,Dar Es Salaam Wholesale,2025-09-22
BEANS,65.01,169026.00,Mwanza Central Hub,2025-09-22
BEANS,70.21,182546.00,Arusha North Hub,2025-09-22
BEANS,66.80,173680.00,Dodoma Wholesale Hub,2025-09-22
BEANS,63.40,164840.00,Mbeya Border Market,2025-09-22
BEANS,67.25,174850.00,Tanga Coastal Exchange,2025-09-22
BEANS,61.88,160888.00,Tabora Grain Yard,2025-09-22
BEANS,69.02,179452.00,Kigoma Lake Hub,2025-09-22
WHEAT,45.06,117156.00,Dar Es Salaam Wholesale,2025-09-22
WHEAT,42.94,111644.00,Mwanza Central Hub,2025-09-22
WHEAT,46.51,120926.00,Arusha North Hub,2025-09-22
WHEAT,44.39,115414.00,Dodoma Wholesale Hub,2025-09-22
WHEAT,42.25,109850.00,Mbeya Border Market,2025-09-22
WHEAT,44.96,116896.00,Tanga Coastal Exchange,2025-09-22
WHEAT,41.50,107900.00,Tabora Grain Yard,2025-09-22
WHEAT,46.43,120718.00,Kigoma Lake Hub,2025-09-22
SORGHUM,37.80,98280.00,Dar Es Salaam Wholesale,2025-09-22
SORGHUM,35.92,93392.00,Mwanza Central Hub,2025-09-22
SORGHUM,38.80,100880.00,Arusha North Hub,2025-09-22
SORGHUM,36.92,95992.00,Dodoma Wholesale Hub,2025-09-22
SORGHUM,35.04,91104.00,Mbeya Border Market,2025-09-22
SORGHUM,37.18,96668.00,Tanga Coastal Exchange,2025-09-22
SORGHUM,34.21,88946.00,Tabora Grain Yard,2025-09-22
SORGHUM,38.16,99216.00,Kigoma Lake Hub,2025-09-22
CASSAVA,27.71,72046.00,Dar Es Salaam Wholesale,2025-09-22
CASSAVA,26.39,68614.00,Mwanza Central Hub,2025-09-22
CASSAVA,28.58,74308.00,Arusha North Hub,2025-09-22
CASSAVA,27.26,70876.00,Dodoma Wholesale Hub,2025-09-22
CASSAVA,25.94,67444.00,Mbeya Border Market,2025-09-22
CASSAVA,27.59,71734.00,Tanga Coastal Exchange,2025-09-22
CASSAVA,25.46,66196.00,Tabora Grain Yard,2025-09-22
CASSAVA,28.47,74022.00,Kigoma Lake Hub,2025-09-22
POTATO,35.70,92820.00,Dar Es Salaam Wholesale,2025-09-22
POTATO,33.94,88244.00,Mwanza Central Hub,2025-09-22
POTATO,36.69,95394.00,Arusha North Hub,2025-09-22
POTATO,34.94,90844.00,Dodoma Wholesale Hub,2025-09-22
POTATO,33.18,86268.00,Mbeya Border Market,2025-09-22
POTATO,35.23,91598.00,Tanga Coastal Exchange,2025-09-22
POTATO,32.45,84370.00,Tabora Grain Yard,2025-09-22
POTATO,36.21,94146.00,Kigoma Lake Hub,2025-09-22
GROUNDNUT,79.73,207298.00,Dar Es Salaam Wholesale,2025-09-22
GROUNDNUT,75.87,197262.00,Mwanza Central Hub,2025-09-22
GROUNDNUT,82.08,213408.00,Arusha North Hub,2025-09-22
GROUNDNUT,78.23,203398.00,Dodoma Wholesale Hub,2025-09-22
GROUNDNUT,74.37,193362.00,Mbeya Border Market,2025-09-22
GROUNDNUT,79.05,205530.00,Tanga Coastal Exchange,2025-09-22
GROUNDNUT,72.87,189462.00,Tabora Grain Yard,2025-09-22
GROUNDNUT,81.43,211718.00,Kigoma Lake Hub,2025-09-22
SUNFLOWER,64.71,168246.00,Dar Es Salaam Wholesale,2025-09-22
SUNFLOWER,61.58,160108.00,Mwanza Central Hub,2025-09-22
SUNFLOWER,66.63,173238.00,Arusha North Hub,2025-09-22
SUNFLOWER,63.50,165100.00,Dodoma Wholesale Hub,2025-09-22
SUNFLOWER,60.37,156962.00,Mbeya Border Market,2025-09-22
SUNFLOWER,64.16,166816.00,Tanga Coastal Exchange,2025-09-22
SUNFLOWER,59.14,153764.00,Tabora Grain Yard,2025-09-22
SUNFLOWER,66.06,171756.00,Kigoma Lake Hub,2025-09-22
COFFEE,82.95,215670.00,Dar Es Salaam Wholesale,2025-09-22
COFFEE,78.86,205036.00,Mwanza Central Hub,2025-09-22
COFFEE,85.24,221624.00,Arusha North Hub,2025-09-22
COFFEE,81.16,211016.00,Dodoma Wholesale Hub,2025-09-22
COFFEE,77.08,200408.00,Mbeya Border Market,2025-09-22
COFFEE,81.84,212784.00,Tanga Coastal Exchange,2025-09-22
COFFEE,75.38,195988.00,Tabora Grain Yard,2025-09-22
COFFEE,84.14,218764.00,Kigoma Lake Hub,2025-09-22
CASHEW,92.09,239434.00,Dar Es Salaam Wholesale,2025-09-22
CASHEW,87.72,228072.00,Mwanza Central Hub,2025-09-22
CASHEW,94.99,246974.00,Arusha North Hub,2025-09-22
CASHEW,90.61,235586.00,Dodoma Wholesale Hub,2025-09-22
CASHEW,86.21,224146.00,Mbeya Border Market,2025-09-22
CASHEW,91.70,238420.00,Tanga Coastal Exchange,2025-09-22
CASHEW,84.59,219934.00,Tabora Grain Yard,2025-09-22
CASHEW,94.59,245934.00,Kigoma Lake Hub,2025-09-22
COCONUT,76.28,198328.00,Dar Es Salaam Wholesale,2025-09-22
COCONUT,72.48,188448.00,Mwanza Central Hub,2025-09-22
COCONUT,78.28,203528.00,Arusha North Hub,2025-09-22
COCONUT,74.48,193648.00,Dodoma Wholesale Hub,2025-09-22
COCONUT,70.70,183820.00,Mbeya Border Market,2025-09-22
COCONUT,75.01,195026.00,Tanga Coastal Exchange,2025-09-22
COCONUT,69.04,179504.00,Tabora Grain Yard,2025-09-22
COCONUT,77.01,200226.00,Kigoma Lake Hub,2025-09-22
MAIZE,43.99,114374.00,Dar Es Salaam Wholesale,2025-09-29
MAIZE,41.91,108966.00,Mwanza Central Hub,2025-09-29
MAIZE,45.40,118040.00,Arusha North Hub,2025-09-29
MAIZE,43.31,112606.00,Dodoma Wholesale Hub,2025-09-29
MAIZE,41.23,107198.00,Mbeya Border Market,2025-09-29
MAIZE,43.86,114036.00,Tanga Coastal Exchange,2025-09-29
MAIZE,40.47,105222.00,Tabora Grain Yard,2025-09-29
MAIZE,45.27,117702.00,Kigoma Lake Hub,2025-09-29
RICE,60.97,158522.00,Dar Es Salaam Wholesale,2025-09-29
RICE,57.92,150592.00,Mwanza Central Hub,2025-09-29
RICE,62.55,162630.00,Arusha North Hub,2025-09-29
RICE,59.51,154726.00,Dodoma Wholesale Hub,2025-09-29
RICE,56.48,146848.00,Mbeya Border Market,2025-09-29
RICE,59.92,155792.00,Tanga Coastal Exchange,2025-09-29
RICE,55.14,143364.00,Tabora Grain Yard,2025-09-29
RICE,61.50,159900.00,Kigoma Lake Hub,2025-09-29
BEANS,68.13,177138.00,Dar Es Salaam Wholesale,2025-09-29
BEANS,64.93,168818.00,Mwanza Central Hub,2025-09-29
BEANS,70.33,182858.00,Arusha North Hub,2025-09-29
BEANS,67.12,174512.00,Dodoma Wholesale Hub,2025-09-29
BEANS,63.89,166114.00,Mbeya Border Market,2025-09-29
BEANS,67.99,176774.00,Tanga Coastal Exchange,2025-09-29
BEANS,62.75,163150.00,Tabora Grain Yard,2025-09-29
BEANS,64.81,168506.00,Kigoma Lake Hub,2025-09-29
WHEAT,43.90,114140.00,Dar Es Salaam Wholesale,2025-09-29
WHEAT,41.71,108446.00,Mwanza Central Hub,2025-09-29
WHEAT,45.05,117130.00,Arusha North Hub,2025-09-29
WHEAT,42.86,111436.00,Dodoma Wholesale Hub,2025-09-29
WHEAT,40.67,105742.00,Mbeya Border Market,2025-09-29
WHEAT,43.15,112190.00,Tanga Coastal Exchange,2025-09-29
WHEAT,39.70,103220.00,Tabora Grain Yard,2025-09-29
WHEAT,44.28,115128.00,Kigoma Lake Hub,2025-09-29
SORGHUM,37.22,96772.00,Dar Es Salaam Wholesale,2025-09-29
SORGHUM,35.46,92196.00,Mwanza Central Hub,2025-09-29
SORGHUM,38.40,99840.00,Arusha North Hub,2025-09-29
SORGHUM,36.64,95264.00,Dodoma Wholesale Hub,2025-09-29
SORGHUM,34.87,90662.00,Mbeya Border Market,2025-09-29
SORGHUM,37.09,96434.00,Tanga Coastal Exchange,2025-09-29
SORGHUM,34.23,88998.00,Tabora Grain Yard,2025-09-29
SORGHUM,38.28,99528.00,Kigoma Lake Hub,2025-09-29
CASSAVA,29.14,75764.00,Dar Es Salaam Wholesale,2025-09-29
CASSAVA,27.70,72020.00,Mwanza Central Hub,2025-09-29
CASSAVA,29.94,77844.00,Arusha North Hub,2025-09-29
CASSAVA,28.50,74100.00,Dodoma Wholesale Hub,2025-09-29
CASSAVA,27.07,70382.00,Mbeya Border Market,2025-09-29
CASSAVA,28.73,74698.00,Tanga Coastal Exchange,2025-09-29
CASSAVA,26.46,68796.00,Tabora Grain Yard,2025-09-29
CASSAVA,29.52,76752.00,Kigoma Lake Hub,2025-09-29
POTATO,33.24,86424.00,Dar Es Salaam Wholesale,2025-09-29
POTATO,31.64,82264.00,Mwanza Central Hub,2025-09-29
POTATO,34.24,89024.00,Arusha North Hub,2025-09-29
POTATO,32.64,84864.00,Dodoma Wholesale Hub,2025-09-29
POTATO,31.04,80704.00,Mbeya Border Market,2025-09-29
POTATO,32.99,85774.00,Tanga Coastal Exchange,2025-09-29
POTATO,30.42,79092.00,Tabora Grain Yard,2025-09-29
POTATO,34.00,88400.00,Kigoma Lake Hub,2025-09-29
GROUNDNUT,86.37,224562.00,Dar Es Salaam Wholesale,2025-09-29
GROUNDNUT,82.19,213694.00,Mwanza Central Hub,2025-09-29
GROUNDNUT,88.90,231140.00,Arusha North Hub,2025-09-29
GROUNDNUT,84.72,220272.00,Dodoma Wholesale Hub,2025-09-29
GROUNDNUT,80.52,209352.00,Mbeya Border Market,2025-09-29
GROUNDNUT,85.56,222456.00,Tanga Coastal Exchange,2025-09-29
GROUNDNUT,78.84,204984.00,Tabora Grain Yard,2025-09-29
GROUNDNUT,88.06,228956.00,Kigoma Lake Hub,2025-09-29
SUNFLOWER,60.25,156650.00,Dar Es Salaam Wholesale,2025-09-29
SUNFLOWER,57.29,148954.00,Mwanza Central Hub,2025-09-29
SUNFLOWER,61.93,161018.00,Arusha North Hub,2025-09-29
SUNFLOWER,58.98,153348.00,Dodoma Wholesale Hub,2025-09-29
SUNFLOWER,56.03,145678.00,Mbeya Border Market,2025-09-29
SUNFLOWER,59.50,154700.00,Tanga Coastal Exchange,2025-09-29
SUNFLOWER,54.81,142506.00,Tabora Grain Yard,2025-09-29
SUNFLOWER,61.20,159120.00,Kigoma Lake Hub,2025-09-29
COFFEE,87.34,227084.00,Dar Es Salaam Wholesale,2025-09-29
COFFEE,83.18,216268.00,Mwanza Central Hub,2025-09-29
COFFEE,90.06,234156.00,Arusha North Hub,2025-09-29
COFFEE,85.89,223314.00,Dodoma Wholesale Hub,2025-09-29
COFFEE,81.71,212446.00,Mbeya Border Market,2025-09-29
COFFEE,86.90,225940.00,Tanga Coastal Exchange,2025-09-29
COFFEE,80.15,208390.00,Tabora Grain Yard,2025-09-29
COFFEE,89.61,232986.00,Kigoma Lake Hub,2025-09-29
CASHEW,90.60,235560.00,Dar Es Salaam Wholesale,2025-09-29
CASHEW,86.09,223834.00,Mwanza Central Hub,2025-09-29
CASHEW,92.99,241774.00,Arusha North Hub,2025-09-29
CASHEW,88.49,230074.00,Dodoma Wholesale Hub,2025-09-29
CASHEW,84.00,218400.00,Mbeya Border Market,2025-09-29
CASHEW,89.14,231764.00,Tanga Coastal Exchange,2025-09-29
CASHEW,82.04,213304.00,Tabora Grain Yard,2025-09-29
CASHEW,91.53,237978.00,Kigoma Lake Hub,2025-09-29
COCONUT,74.38,193388.00,Dar Es Salaam Wholesale,2025-09-29
COCONUT,70.88,184288.00,Mwanza Central Hub,2025-09-29
COCONUT,76.78,199628.00,Arusha North Hub,2025-09-29
COCONUT,73.27,190502.00,Dodoma Wholesale Hub,2025-09-29
COCONUT,69.75,181350.00,Mbeya Border Market,2025-09-29
COCONUT,74.23,192998.00,Tanga Coastal Exchange,2025-09-29
COCONUT,68.51,178126.00,Tabora Grain Yard,2025-09-29
COCONUT,76.64,199264.00,Kigoma Lake Hub,2025-09-29
MAIZE,44.27,115102.00,Dar Es Salaam Wholesale,2025-10-06
MAIZE,42.06,109356.00,Mwanza Central Hub,2025-10-06
MAIZE,45.43,118118.00,Arusha North Hub,2025-10-06
MAIZE,43.22,112372.00,Dodoma Wholesale Hub,2025-10-06
MAIZE,41.02,106652.00,Mbeya Border Market,2025-10-06
MAIZE,43.52,113152.00,Tanga Coastal Exchange,2025-10-06
MAIZE,40.05,104130.00,Tabora Grain Yard,2025-10-06
MAIZE,44.67,116142.00,Kigoma Lake Hub,2025-10-06
RICE,57.82,150332.00,Dar Es Salaam Wholesale,2025-10-06
RICE,55.11,143286.00,Mwanza Central Hub,2025-10-06
RICE,59.70,155220.00,Arusha North Hub,2025-10-06
RICE,56.98,148148.00,Dodoma Wholesale Hub,2025-10-06
RICE,54.25,141050.00,Mbeya Border Market,2025-10-06
RICE,57.73,150098.00,Tanga Coastal Exchange,2025-10-06
RICE,53.29,138554.00,Tabora Grain Yard,2025-10-06
RICE,59.63,155038.00,Kigoma Lake Hub,2025-10-06
BEANS,67.13,174538.00,Dar Es Salaam Wholesale,2025-10-06
BEANS,63.77,165802.00,Mwanza Central Hub,2025-10-06
BEANS,68.87,179062.00,Arusha North Hub,2025-10-06
BEANS,65.52,170352.00,Dodoma Wholesale Hub,2025-10-06
BEANS,62.18,161668.00,Mbeya Border Market,2025-10-06
BEANS,65.96,171496.00,Tanga Coastal Exchange,2025-10-06
BEANS,60.69,157794.00,Tabora Grain Yard,2025-10-06
BEANS,67.68,175968.00,Kigoma Lake Hub,2025-10-06
WHEAT,45.81,119106.00,Dar Es Salaam Wholesale,2025-10-06
WHEAT,43.65,113490.00,Mwanza Central Hub,2025-10-06
WHEAT,47.27,122902.00,Arusha North Hub,2025-10-06
WHEAT,45.10,117260.00,Dodoma Wholesale Hub,2025-10-06
WHEAT,42.93,111618.00,Mbeya Border Market,2025-10-06
WHEAT,45.68,118768.00,Tanga Coastal Exchange,2025-10-06
WHEAT,42.15,109590.00,Tabora Grain Yard,2025-10-06
WHEAT,47.15,122590.00,Kigoma Lake Hub,2025-10-06
SORGHUM,40.19,104494.00,Dar Es Salaam Wholesale,2025-10-06
SORGHUM,38.20,99320.00,Mwanza Central Hub,2025-10-06
SORGHUM,41.28,107328.00,Arusha North Hub,2025-10-06
SORGHUM,39.29,102154.00,Dodoma Wholesale Hub,2025-10-06
SORGHUM,37.31,97006.00,Mbeya Border Market,2025-10-06
SORGHUM,39.60,102960.00,Tanga Coastal Exchange,2025-10-06
SORGHUM,36.45,94770.00,Tabora Grain Yard,2025-10-06
SORGHUM,40.67,105742.00,Kigoma Lake Hub,2025-10-06
CASSAVA,28.11,73086.00,Dar Es Salaam Wholesale,2025-10-06
CASSAVA,26.76,69576.00,Mwanza Central Hub,2025-10-06
CASSAVA,28.96,75296.00,Arusha North Hub,2025-10-06
CASSAVA,27.61,71786.00,Dodoma Wholesale Hub,2025-10-06
CASSAVA,26.26,68276.00,Mbeya Border Market,2025-10-06
CASSAVA,27.92,72592.00,Tanga Coastal Exchange,2025-10-06
CASSAVA,25.75,66950.00,Tabora Grain Yard,2025-10-06
CASSAVA,28.79,74854.00,Kigoma Lake Hub,2025-10-06
POTATO,36.32,94432.00,Dar Es Salaam Wholesale,2025-10-06
POTATO,34.55,89830.00,Mwanza Central Hub,2025-10-06
POTATO,37.37,97162.00,Arusha North Hub,2025-10-06
POTATO,35.60,92560.00,Dodoma Wholesale Hub,2025-10-06
POTATO,33.83,87958.00,Mbeya Border Market,2025-10-06
POTATO,35.94,93444.00,Tanga Coastal Exchange,2025-10-06
POTATO,33.11,86086.00,Tabora Grain Yard,2025-10-06
POTATO,36.98,96148.00,Kigoma Lake Hub,2025-10-06
GROUNDNUT,79.23,205998.00,Dar Es Salaam Wholesale,2025-10-06
GROUNDNUT,75.36,195936.00,Mwanza Central Hub,2025-10-06
GROUNDNUT,81.48,211848.00,Arusha North Hub,2025-10-06
GROUNDNUT,77.61,201786.00,Dodoma Wholesale Hub,2025-10-06
GROUNDNUT,73.74,191724.00,Mbeya Border Market,2025-10-06
GROUNDNUT,78.33,203658.00,Tanga Coastal Exchange,2025-10-06
GROUNDNUT,72.16,187616.00,Tabora Grain Yard,2025-10-06
GROUNDNUT,80.59,209534.00,Kigoma Lake Hub,2025-10-06
SUNFLOWER,62.36,162136.00,Dar Es Salaam Wholesale,2025-10-06
SUNFLOWER,59.38,154388.00,Mwanza Central Hub,2025-10-06
SUNFLOWER,64.28,167128.00,Arusha North Hub,2025-10-06
SUNFLOWER,61.29,159354.00,Dodoma Wholesale Hub,2025-10-06
SUNFLOWER,58.30,151580.00,Mbeya Border Market,2025-10-06
SUNFLOWER,61.99,161174.00,Tanga Coastal Exchange,2025-10-06
SUNFLOWER,57.17,148642.00,Tabora Grain Yard,2025-10-06
SUNFLOWER,63.90,166140.00,Kigoma Lake Hub,2025-10-06
COFFEE,81.36,211536.00,Dar Es Salaam Wholesale,2025-10-06
COFFEE,77.32,201032.00,Mwanza Central Hub,2025-10-06
COFFEE,83.53,217178.00,Arusha North Hub,2025-10-06
COFFEE,79.49,206674.00,Dodoma Wholesale Hub,2025-10-06
COFFEE,75.47,196222.00,Mbeya Border Market,2025-10-06
COFFEE,80.09,208234.00,Tanga Coastal Exchange,2025-10-06
COFFEE,73.73,191698.00,Tabora Grain Yard,2025-10-06
COFFEE,82.27,213902.00,Kigoma Lake Hub,2025-10-06
CASHEW,86.43,224718.00,Dar Es Salaam Wholesale,2025-10-06
CASHEW,82.36,214136.00,Mwanza Central Hub,2025-10-06
CASHEW,89.21,231946.00,Arusha North Hub,2025-10-06
CASHEW,85.13,221338.00,Dodoma Wholesale Hub,2025-10-06
CASHEW,81.03,210678.00,Mbeya Border Market,2025-10-06
CASHEW,86.22,224172.00,Tanga Coastal Exchange,2025-10-06
CASHEW,79.57,206882.00,Tabora Grain Yard,2025-10-06
CASHEW,89.00,231400.00,Kigoma Lake Hub,2025-10-06
COCONUT,76.06,197756.00,Dar Es Salaam Wholesale,2025-10-06
COCONUT,72.26,187876.00,Mwanza Central Hub,2025-10-06
COCONUT,78.04,202904.00,Arusha North Hub,2025-10-06
COCONUT,74.24,193024.00,Dodoma Wholesale Hub,2025-10-06
COCONUT,70.46,183196.00,Mbeya Border Market,2025-10-06
COCONUT,74.75,194350.00,Tanga Coastal Exchange,2025-10-06
COCONUT,68.78,178828.00,Tabora Grain Yard,2025-10-06
COCONUT,76.71,199446.00,Kigoma Lake Hub,2025-10-06
MAIZE,42.36,110136.00,Dar Es Salaam Wholesale,2025-10-13
MAIZE,40.37,104962.00,Mwanza Central Hub,2025-10-13
MAIZE,43.74,113724.00,Arusha North Hub,2025-10-13
MAIZE,41.74,108524.00,Dodoma Wholesale Hub,2025-10-13
MAIZE,39.74,103324.00,Mbeya Border Market,2025-10-13
MAIZE,42.29,109954.00,Tanga Coastal Exchange,2025-10-13
MAIZE,39.04,101504.00,Tabora Grain Yard,2025-10-13
MAIZE,43.67,113542.00,Kigoma Lake Hub,2025-10-13
RICE,58.64,152464.00,Dar Es Salaam Wholesale,2025-10-13
RICE,55.70,144820.00,Mwanza Central Hub,2025-10-13
RICE,60.15,156390.00,Arusha North Hub,2025-10-13
RICE,57.22,148772.00,Dodoma Wholesale Hub,2025-10-13
RICE,54.30,141180.00,Mbeya Border Market,2025-10-13
RICE,57.60,149760.00,Tanga Coastal Exchange,2025-10-13
RICE,52.99,137774.00,Tabora Grain Yard,2025-10-13
RICE,59.10,153660.00,Kigoma Lake Hub,2025-10-13
BEANS,68.52,178152.00,Dar Es Salaam Wholesale,2025-10-13
BEANS,65.29,169754.00,Mwanza Central Hub,2025-10-13
BEANS,70.72,183872.00,Arusha North Hub,2025-10-13
BEANS,67.48,175448.00,Dodoma Wholesale Hub,2025-10-13
BEANS,64.23,166998.00,Mbeya Border Market,2025-10-13
BEANS,68.34,177684.00,Tanga Coastal Exchange,2025-10-13
BEANS,63.08,164008.00,Tabora Grain Yard,2025-10-13
BEANS,70.56,183456.00,Kigoma Lake Hub,2025-10-13
WHEAT,46.86,121836.00,Dar Es Salaam Wholesale,2025-10-13
WHEAT,44.53,115778.00,Mwanza Central Hub,2025-10-13
WHEAT,48.11,125086.00,Arusha North Hub,2025-10-13
WHEAT,45.79,119054.00,Dodoma Wholesale Hub,2025-10-13
WHEAT,43.47,113022.00,Mbeya Border Market,2025-10-13
WHEAT,46.13,119938.00,Tanga Coastal Exchange,2025-10-13
WHEAT,42.46,110396.00,Tabora Grain Yard,2025-10-13
WHEAT,47.37,123162.00,Kigoma Lake Hub,2025-10-13
SORGHUM,38.08,99008.00,Dar Es Salaam Wholesale,2025-10-13
SORGHUM,36.26,94276.00,Mwanza Central Hub,2025-10-13
SORGHUM,39.25,102050.00,Arusha North Hub,2025-10-13
SORGHUM,37.43,97318.00,Dodoma Wholesale Hub,2025-10-13
SORGHUM,35.61,92586.00,Mbeya Border Market,2025-10-13
SORGHUM,37.87,98462.00,Tanga Coastal Exchange,2025-10-13
SORGHUM,34.93,90818.00,Tabora Grain Yard,2025-10-13
SORGHUM,39.05,101530.00,Kigoma Lake Hub,2025-10-13
CASSAVA,30.28,78728.00,Dar Es Salaam Wholesale,2025-10-13
CASSAVA,28.80,74880.00,Mwanza Central Hub,2025-10-13
CASSAVA,31.14,80964.00,Arusha North Hub,2025-10-13
CASSAVA,29.66,77116.00,Dodoma Wholesale Hub,2025-10-13
CASSAVA,28.18,73268.00,Mbeya Border Market,2025-10-13
CASSAVA,29.93,77818.00,Tanga Coastal Exchange,2025-10-13
CASSAVA,27.57,71682.00,Tabora Grain Yard,2025-10-13
CASSAVA,30.79,80054.00,Kigoma Lake Hub,2025-10-13
POTATO,33.57,87282.00,Dar Es Salaam Wholesale,2025-10-13
POTATO,31.94,83044.00,Mwanza Central Hub,2025-10-13
POTATO,34.54,89804.00,Arusha North Hub,2025-10-13
POTATO,32.90,85540.00,Dodoma Wholesale Hub,2025-10-13
POTATO,31.27,81302.00,Mbeya Border Market,2025-10-13
POTATO,33.22,86372.00,Tanga Coastal Exchange,2025-10-13
POTATO,30.62,79612.00,Tabora Grain Yard,2025-10-13
POTATO,34.20,88920.00,Kigoma Lake Hub,2025-10-13
GROUNDNUT,85.02,221052.00,Dar Es Salaam Wholesale,2025-10-13
GROUNDNUT,80.94,210444.00,Mwanza Central Hub,2025-10-13
GROUNDNUT,87.60,227760.00,Arusha North Hub,2025-10-13
GROUNDNUT,83.52,217152.00,Dodoma Wholesale Hub,2025-10-13
GROUNDNUT,79.43,206518.00,Mbeya Border Market,2025-10-13
GROUNDNUT,84.44,219544.00,Tanga Coastal Exchange,2025-10-13
GROUNDNUT,77.85,202410.00,Tabora Grain Yard,2025-10-13
GROUNDNUT,87.01,226226.00,Kigoma Lake Hub,2025-10-13
SUNFLOWER,59.60,154960.00,Dar Es Salaam Wholesale,2025-10-13
SUNFLOWER,56.64,147264.00,Mwanza Central Hub,2025-10-13
SUNFLOWER,61.20,159120.00,Arusha North Hub,2025-10-13
SUNFLOWER,58.25,151450.00,Dodoma Wholesale Hub,2025-10-13
SUNFLOWER,55.31,143806.00,Mbeya Border Market,2025-10-13
SUNFLOWER,58.71,152646.00,Tanga Coastal Exchange,2025-10-13
SUNFLOWER,54.05,140530.00,Tabora Grain Yard,2025-10-13
SUNFLOWER,60.32,156832.00,Kigoma Lake Hub,2025-10-13
COFFEE,82.30,213980.00,Dar Es Salaam Wholesale,2025-10-13
COFFEE,78.41,203866.00,Mwanza Central Hub,2025-10-13
COFFEE,84.93,220818.00,Arusha North Hub,2025-10-13
COFFEE,81.03,210678.00,Dodoma Wholesale Hub,2025-10-13
COFFEE,77.12,200512.00,Mbeya Border Market,2025-10-13
COFFEE,82.04,213304.00,Tanga Coastal Exchange,2025-10-13
COFFEE,75.71,196846.00,Tabora Grain Yard,2025-10-13
COFFEE,84.67,220142.00,Kigoma Lake Hub,2025-10-13
CASHEW,89.37,232362.00,Dar Es Salaam Wholesale,2025-10-13
CASHEW,84.91,220766.00,Mwanza Central Hub,2025-10-13
CASHEW,91.70,238420.00,Arusha North Hub,2025-10-13
CASHEW,87.24,226824.00,Dodoma Wholesale Hub,2025-10-13
CASHEW,82.80,215280.00,Mbeya Border Market,2025-10-13
CASHEW,87.84,228384.00,Tanga Coastal Exchange,2025-10-13
CASHEW,80.83,210158.00,Tabora Grain Yard,2025-10-13
CASHEW,90.16,234416.00,Kigoma Lake Hub,2025-10-13
COCONUT,76.02,197652.00,Dar Es Salaam Wholesale,2025-10-13
COCONUT,72.44,188344.00,Mwanza Central Hub,2025-10-13
COCONUT,78.47,204022.00,Arusha North Hub,2025-10-13
COCONUT,74.88,194688.00,Dodoma Wholesale Hub,2025-10-13
COCONUT,71.29,185354.00,Mbeya Border Market,2025-10-13
COCONUT,70.02,182052.00,Tanga Coastal Exchange,2025-10-13
COCONUT,64.64,168064.00,Tabora Grain Yard,2025-10-13
COCONUT,72.32,188032.00,Kigoma Lake Hub,2025-10-13
MAIZE,42.06,109356.00,Dar Es Salaam Wholesale,2025-10-20
MAIZE,39.95,103870.00,Mwanza Central Hub,2025-10-20
MAIZE,43.14,112164.00,Arusha North Hub,2025-10-20
MAIZE,44.46,115596.00,Dodoma Wholesale Hub,2025-10-20
MAIZE,42.19,109694.00,Mbeya Border Market,2025-10-20
MAIZE,44.76,116376.00,Tanga Coastal Exchange,2025-10-20
MAIZE,41.19,107094.00,Tabora Grain Yard,2025-10-20
MAIZE,45.94,119444.00,Kigoma Lake Hub,2025-10-20
RICE,61.04,158704.00,Dar Es Salaam Wholesale,2025-10-20
RICE,58.16,151216.00,Mwanza Central Hub,2025-10-20
RICE,63.00,163800.00,Arusha North Hub,2025-10-20
RICE,60.12,156312.00,Dodoma Wholesale Hub,2025-10-20
RICE,57.23,148798.00,Mbeya Border Market,2025-10-20
RICE,60.90,158340.00,Tanga Coastal Exchange,2025-10-20
RICE,56.21,146146.00,Tabora Grain Yard,2025-10-20
RICE,62.88,163488.00,Kigoma Lake Hub,2025-10-20
BEANS,68.93,179218.00,Dar Es Salaam Wholesale,2025-10-20
BEANS,65.50,170300.00,Mwanza Central Hub,2025-10-20
BEANS,70.76,183976.00,Arusha North Hub,2025-10-20
BEANS,67.33,175058.00,Dodoma Wholesale Hub,2025-10-20
BEANS,63.92,166192.00,Mbeya Border Market,2025-10-20
BEANS,67.82,176332.00,Tanga Coastal Exchange,2025-10-20
BEANS,62.42,162292.00,Tabora Grain Yard,2025-10-20
BEANS,69.62,181012.00,Kigoma Lake Hub,2025-10-20
WHEAT,44.95,116870.00,Dar Es Salaam Wholesale,2025-10-20
WHEAT,42.81,111306.00,Mwanza Central Hub,2025-10-20
WHEAT,46.34,120484.00,Arusha North Hub,2025-10-20
WHEAT,44.20,114920.00,Dodoma Wholesale Hub,2025-10-20
WHEAT,42.06,109356.00,Mbeya Border Market,2025-10-20
WHEAT,44.73,116298.00,Tanga Coastal Exchange,2025-10-20
WHEAT,41.27,107302.00,Tabora Grain Yard,2025-10-20
WHEAT,46.15,119990.00,Kigoma Lake Hub,2025-10-20
SORGHUM,40.75,105950.00,Dar Es Salaam Wholesale,2025-10-20
SORGHUM,38.76,100776.00,Mwanza Central Hub,2025-10-20
SORGHUM,41.90,108940.00,Arusha North Hub,2025-10-20
SORGHUM,39.90,103740.00,Dodoma Wholesale Hub,2025-10-20
SORGHUM,37.90,98540.00,Mbeya Border Market,2025-10-20
SORGHUM,40.25,104650.00,Tanga Coastal Exchange,2025-10-20
SORGHUM,37.07,96382.00,Tabora Grain Yard,2025-10-20
SORGHUM,41.38,107588.00,Kigoma Lake Hub,2025-10-20
CASSAVA,28.00,72800.00,Dar Es Salaam Wholesale,2025-10-20
CASSAVA,26.64,69264.00,Mwanza Central Hub,2025-10-20
CASSAVA,28.82,74932.00,Arusha North Hub,2025-10-20
CASSAVA,27.46,71396.00,Dodoma Wholesale Hub,2025-10-20
CASSAVA,26.10,67860.00,Mbeya Border Market,2025-10-20
CASSAVA,27.74,72124.00,Tanga Coastal Exchange,2025-10-20
CASSAVA,25.57,66482.00,Tabora Grain Yard,2025-10-20
CASSAVA,28.57,74282.00,Kigoma Lake Hub,2025-10-20
POTATO,36.23,94198.00,Dar Es Salaam Wholesale,2025-10-20
POTATO,34.49,89674.00,Mwanza Central Hub,2025-10-20
POTATO,37.32,97032.00,Arusha North Hub,2025-10-20
POTATO,35.57,92482.00,Dodoma Wholesale Hub,2025-10-20
POTATO,33.83,87958.00,Mbeya Border Market,2025-10-20
POTATO,35.95,93470.00,Tanga Coastal Exchange,2025-10-20
POTATO,33.14,86164.00,Tabora Grain Yard,2025-10-20
POTATO,37.03,96278.00,Kigoma Lake Hub,2025-10-20
GROUNDNUT,80.32,208832.00,Dar Es Salaam Wholesale,2025-10-20
GROUNDNUT,76.35,198510.00,Mwanza Central Hub,2025-10-20
GROUNDNUT,82.51,214526.00,Arusha North Hub,2025-10-20
GROUNDNUT,78.55,204230.00,Dodoma Wholesale Hub,2025-10-20
GROUNDNUT,74.60,193960.00,Mbeya Border Market,2025-10-20
GROUNDNUT,79.19,205894.00,Tanga Coastal Exchange,2025-10-20
GROUNDNUT,72.93,189618.00,Tabora Grain Yard,2025-10-20
GROUNDNUT,81.40,211640.00,Kigoma Lake Hub,2025-10-20
SUNFLOWER,61.27,159302.00,Dar Es Salaam Wholesale,2025-10-20
SUNFLOWER,58.37,151762.00,Mwanza Central Hub,2025-10-20
SUNFLOWER,63.21,164346.00,Arusha North Hub,2025-10-20
SUNFLOWER,60.30,156780.00,Dodoma Wholesale Hub,2025-10-20
SUNFLOWER,57.38,149188.00,Mbeya Border Market,2025-10-20
SUNFLOWER,61.04,158704.00,Tanga Coastal Exchange,2025-10-20
SUNFLOWER,56.32,146432.00,Tabora Grain Yard,2025-10-20
SUNFLOWER,62.98,163748.00,Kigoma Lake Hub,2025-10-20
COFFEE,83.49,217074.00,Dar Es Salaam Wholesale,2025-10-20
COFFEE,79.32,206232.00,Mwanza Central Hub,2025-10-20
COFFEE,85.66,222716.00,Arusha North Hub,2025-10-20
COFFEE,81.50,211900.00,Dodoma Wholesale Hub,2025-10-20
COFFEE,77.36,201136.00,Mbeya Border Market,2025-10-20
COFFEE,82.07,213382.00,Tanga Coastal Exchange,2025-10-20
COFFEE,75.53,196378.00,Tabora Grain Yard,2025-10-20
COFFEE,84.25,219050.00,Kigoma Lake Hub,2025-10-20
CASHEW,84.13,218738.00,Dar Es Salaam Wholesale,2025-10-20
CASHEW,80.17,208442.00,Mwanza Central Hub,2025-10-20
CASHEW,86.86,225836.00,Arusha North Hub,2025-10-20
CASHEW,82.90,215540.00,Dodoma Wholesale Hub,2025-10-20
CASHEW,78.93,205218.00,Mbeya Border Market,2025-10-20
CASHEW,83.99,218374.00,Tanga Coastal Exchange,2025-10-20
CASHEW,77.53,201578.00,Tabora Grain Yard,2025-10-20
CASHEW,86.75,225550.00,Kigoma Lake Hub,2025-10-20
COCONUT,72.33,188058.00,Dar Es Salaam Wholesale,2025-10-20
COCONUT,68.71,178646.00,Mwanza Central Hub,2025-10-20
COCONUT,74.21,192946.00,Arusha North Hub,2025-10-20
COCONUT,70.59,183534.00,Dodoma Wholesale Hub,2025-10-20
COCONUT,66.99,174174.00,Mbeya Border Market,2025-10-20
COCONUT,71.06,184756.00,Tanga Coastal Exchange,2025-10-20
COCONUT,65.39,170014.00,Tabora Grain Yard,2025-10-20
COCONUT,72.92,189592.00,Kigoma Lake Hub,2025-10-20
MAIZE,44.68,116168.00,Dar Es Salaam Wholesale,2025-10-27
MAIZE,42.57,110682.00,Mwanza Central Hub,2025-10-27
MAIZE,46.12,119912.00,Arusha North Hub,2025-10-27
MAIZE,44.01,114426.00,Dodoma Wholesale Hub,2025-10-27
MAIZE,41.90,108940.00,Mbeya Border Market,2025-10-27
MAIZE,44.58,115908.00,Tanga Coastal Exchange,2025-10-27
MAIZE,41.15,106990.00,Tabora Grain Yard,2025-10-27
MAIZE,46.04,119704.00,Kigoma Lake Hub,2025-10-27
RICE,60.31,156806.00,Dar Es Salaam Wholesale,2025-10-27
RICE,57.31,149006.00,Mwanza Central Hub,2025-10-27
RICE,61.90,160940.00,Arusha North Hub,2025-10-27
RICE,58.89,153114.00,Dodoma Wholesale Hub,2025-10-27
RICE,55.90,145340.00,Mbeya Border Market,2025-10-27
RICE,59.30,154180.00,Tanga Coastal Exchange,2025-10-27
RICE,54.57,141882.00,Tabora Grain Yard,2025-10-27
RICE,60.87,158262.00,Kigoma Lake Hub,2025-10-27
BEANS,67.07,174382.00,Dar Es Salaam Wholesale,2025-10-27
BEANS,63.89,166114.00,Mwanza Central Hub,2025-10-27
BEANS,69.18,179868.00,Arusha North Hub,2025-10-27
BEANS,65.99,171574.00,Dodoma Wholesale Hub,2025-10-27
BEANS,62.80,163280.00,Mbeya Border Market,2025-10-27
BEANS,66.80,173680.00,Tanga Coastal Exchange,2025-10-27
BEANS,61.64,160264.00,Tabora Grain Yard,2025-10-27
BEANS,68.94,179244.00,Kigoma Lake Hub,2025-10-27
WHEAT,47.66,123916.00,Dar Es Salaam Wholesale,2025-10-27
WHEAT,45.32,117832.00,Mwanza Central Hub,2025-10-27
WHEAT,48.98,127348.00,Arusha North Hub,2025-10-27
WHEAT,46.64,121264.00,Dodoma Wholesale Hub,2025-10-27
WHEAT,44.30,115180.00,Mbeya Border Market,2025-10-27
WHEAT,47.03,122278.00,Tanga Coastal Exchange,2025-10-27
WHEAT,43.31,112606.00,Tabora Grain Yard,2025-10-27
WHEAT,48.34,125684.00,Kigoma Lake Hub,2025-10-27
SORGHUM,37.80,98280.00,Dar Es Salaam Wholesale,2025-10-27
SORGHUM,35.97,93522.00,Mwanza Central Hub,2025-10-27
SORGHUM,38.92,101192.00,Arusha North Hub,2025-10-27
SORGHUM,37.09,96434.00,Dodoma Wholesale Hub,2025-10-27
SORGHUM,35.27,91702.00,Mbeya Border Market,2025-10-27
SORGHUM,37.49,97474.00,Tanga Coastal Exchange,2025-10-27
SORGHUM,34.56,89856.00,Tabora Grain Yard,2025-10-27
SORGHUM,38.62,100412.00,Kigoma Lake Hub,2025-10-27
CASSAVA,30.31,78806.00,Dar Es Salaam Wholesale,2025-10-27
CASSAVA,28.85,75010.00,Mwanza Central Hub,2025-10-27
CASSAVA,31.21,81146.00,Arusha North Hub,2025-10-27
CASSAVA,29.75,77350.00,Dodoma Wholesale Hub,2025-10-27
CASSAVA,28.28,73528.00,Mbeya Border Market,2025-10-27
CASSAVA,30.05,78130.00,Tanga Coastal Exchange,2025-10-27
CASSAVA,27.70,72020.00,Tabora Grain Yard,2025-10-27
CASSAVA,30.94,80444.00,Kigoma Lake Hub,2025-10-27
POTATO,33.92,88192.00,Dar Es Salaam Wholesale,2025-10-27
POTATO,32.25,83850.00,Mwanza Central Hub,2025-10-27
POTATO,34.85,90610.00,Arusha North Hub,2025-10-27
POTATO,33.19,86294.00,Dodoma Wholesale Hub,2025-10-27
POTATO,31.52,81952.00,Mbeya Border Market,2025-10-27
POTATO,33.47,87022.00,Tanga Coastal Exchange,2025-10-27
POTATO,30.83,80158.00,Tabora Grain Yard,2025-10-27
POTATO,34.41,89466.00,Kigoma Lake Hub,2025-10-27
GROUNDNUT,83.77,217802.00,Dar Es Salaam Wholesale,2025-10-27
GROUNDNUT,79.79,207454.00,Mwanza Central Hub,2025-10-27
GROUNDNUT,86.40,224640.00,Arusha North Hub,2025-10-27
GROUNDNUT,82.41,214266.00,Dodoma Wholesale Hub,2025-10-27
GROUNDNUT,78.42,203892.00,Mbeya Border Market,2025-10-27
GROUNDNUT,83.40,216840.00,Tanga Coastal Exchange,2025-10-27
GROUNDNUT,76.94,200044.00,Tabora Grain Yard,2025-10-27
GROUNDNUT,86.02,223652.00,Kigoma Lake Hub,2025-10-27
SUNFLOWER,61.04,158704.00,Dar Es Salaam Wholesale,2025-10-27
SUNFLOWER,58.00,150800.00,Mwanza Central Hub,2025-10-27
SUNFLOWER,62.65,162890.00,Arusha North Hub,2025-10-27
SUNFLOWER,59.61,154986.00,Dodoma Wholesale Hub,2025-10-27
SUNFLOWER,56.58,147108.00,Mbeya Border Market,2025-10-27
SUNFLOWER,60.04,156104.00,Tanga Coastal Exchange,2025-10-27
SUNFLOWER,55.25,143650.00,Tabora Grain Yard,2025-10-27
SUNFLOWER,61.64,160264.00,Kigoma Lake Hub,2025-10-27
COFFEE,80.20,208520.00,Dar Es Salaam Wholesale,2025-10-27
COFFEE,76.43,198718.00,Mwanza Central Hub,2025-10-27
COFFEE,82.80,215280.00,Arusha North Hub,2025-10-27
COFFEE,79.02,205452.00,Dodoma Wholesale Hub,2025-10-27
COFFEE,75.23,195598.00,Mbeya Border Market,2025-10-27
COFFEE,80.06,208156.00,Tanga Coastal Exchange,2025-10-27
COFFEE,73.89,192114.00,Tabora Grain Yard,2025-10-27
COFFEE,82.67,214942.00,Kigoma Lake Hub,2025-10-27
CASHEW,84.96,220896.00,Dar Es Salaam Wholesale,2025-10-27
CASHEW,80.70,209820.00,Mwanza Central Hub,2025-10-27
CASHEW,87.15,226590.00,Arusha North Hub,2025-10-27
CASHEW,82.90,215540.00,Dodoma Wholesale Hub,2025-10-27
CASHEW,78.67,204542.00,Mbeya Border Market,2025-10-27
CASHEW,83.45,216970.00,Tanga Coastal Exchange,2025-10-27
CASHEW,76.78,199628.00,Tabora Grain Yard,2025-10-27
CASHEW,85.62,222612.00,Kigoma Lake Hub,2025-10-27
COCONUT,74.11,192686.00,Dar Es Salaam Wholesale,2025-10-27
COCONUT,70.61,183586.00,Mwanza Central Hub,2025-10-27
COCONUT,76.48,198848.00,Arusha North Hub,2025-10-27
COCONUT,72.98,189748.00,Dodoma Wholesale Hub,2025-10-27
COCONUT,69.47,180622.00,Mbeya Border Market,2025-10-27
COCONUT,73.92,192192.00,Tanga Coastal Exchange,2025-10-27
COCONUT,68.22,177372.00,Tabora Grain Yard,2025-10-27
COCONUT,76.32,198432.00,Kigoma Lake Hub,2025-10-27
MAIZE,43.82,113932.00,Dar Es Salaam Wholesale,2025-11-03
MAIZE,41.63,108238.00,Mwanza Central Hub,2025-11-03
MAIZE,44.96,116896.00,Arusha North Hub,2025-11-03
MAIZE,42.78,111228.00,Dodoma Wholesale Hub,2025-11-03
MAIZE,40.60,105560.00,Mbeya Border Market,2025-11-03
MAIZE,43.07,111982.00,Tanga Coastal Exchange,2025-11-03
MAIZE,39.63,103038.00,Tabora Grain Yard,2025-11-03
MAIZE,44.20,114920.00,Kigoma Lake Hub,2025-11-03
RICE,61.51,159926.00,Dar Es Salaam Wholesale,2025-11-03
RICE,58.60,152360.00,Mwanza Central Hub,2025-11-03
RICE,63.46,164996.00,Arusha North Hub,2025-11-03
RICE,60.55,157430.00,Dodoma Wholesale Hub,2025-11-03
RICE,57.62,149812.00,Mbeya Border Market,2025-11-03
RICE,61.31,159406.00,Tanga Coastal Exchange,2025-11-03
RICE,56.57,147082.00,Tabora Grain Yard,2025-11-03
RICE,63.28,164528.00,Kigoma Lake Hub,2025-11-03
BEANS,73.25,190450.00,Dar Es Salaam Wholesale,2025-11-03
BEANS,69.64,181064.00,Mwanza Central Hub,2025-11-03
BEANS,75.26,195676.00,Arusha North Hub,2025-11-03
BEANS,71.64,186264.00,Dodoma Wholesale Hub,2025-11-03
BEANS,68.03,176878.00,Mbeya Border Market,2025-11-03
BEANS,72.22,187772.00,Tanga Coastal Exchange,2025-11-03
BEANS,66.49,172874.00,Tabora Grain Yard,2025-11-03
BEANS,74.20,192920.00,Kigoma Lake Hub,2025-11-03
WHEAT,46.23,120198.00,Dar Es Salaam Wholesale,2025-11-03
WHEAT,44.01,114426.00,Mwanza Central Hub,2025-11-03
WHEAT,47.62,123812.00,Arusha North Hub,2025-11-03
WHEAT,45.40,118040.00,Dodoma Wholesale Hub,2025-11-03
WHEAT,43.17,112242.00,Mbeya Border Market,2025-11-03
WHEAT,45.90,119340.00,Tanga Coastal Exchange,2025-11-03
WHEAT,42.32,110032.00,Tabora Grain Yard,2025-11-03
WHEAT,47.31,123006.00,Kigoma Lake Hub,2025-11-03
SORGHUM,42.10,109460.00,Dar Es Salaam Wholesale,2025-11-03
SORGHUM,40.05,104130.00,Mwanza Central Hub,2025-11-03
SORGHUM,43.33,112658.00,Arusha North Hub,2025-11-03
SORGHUM,41.28,107328.00,Dodoma Wholesale Hub,2025-11-03
SORGHUM,39.24,102024.00,Mbeya Border Market,2025-11-03
SORGHUM,41.69,108394.00,Tanga Coastal Exchange,2025-11-03
SORGHUM,38.41,99866.00,Tabora Grain Yard,2025-11-03
SORGHUM,42.90,111540.00,Kigoma Lake Hub,2025-11-03
CASSAVA,28.47,74022.00,Dar Es Salaam Wholesale,2025-11-03
CASSAVA,27.07,70382.00,Mwanza Central Hub,2025-11-03
CASSAVA,29.26,76076.00,Arusha North Hub,2025-11-03
CASSAVA,27.87,72462.00,Dodoma Wholesale Hub,2025-11-03
CASSAVA,26.48,68848.00,Mbeya Border Market,2025-11-03
CASSAVA,28.12,73112.00,Tanga Coastal Exchange,2025-11-03
CASSAVA,25.90,67340.00,Tabora Grain Yard,2025-11-03
CASSAVA,28.92,75192.00,Kigoma Lake Hub,2025-11-03
POTATO,35.46,92196.00,Dar Es Salaam Wholesale,2025-11-03
POTATO,33.77,87802.00,Mwanza Central Hub,2025-11-03
POTATO,36.56,95056.00,Arusha North Hub,2025-11-03
POTATO,34.87,90662.00,Dodoma Wholesale Hub,2025-11-03
POTATO,33.17,86242.00,Mbeya Border Market,2025-11-03
POTATO,35.27,91702.00,Tanga Coastal Exchange,2025-11-03
POTATO,32.53,84578.00,Tabora Grain Yard,2025-11-03
POTATO,36.37,94562.00,Kigoma Lake Hub,2025-11-03
GROUNDNUT,79.84,207584.00,Dar Es Salaam Wholesale,2025-11-03
GROUNDNUT,75.87,197262.00,Mwanza Central Hub,2025-11-03
GROUNDNUT,81.95,213070.00,Arusha North Hub,2025-11-03
GROUNDNUT,77.99,202774.00,Dodoma Wholesale Hub,2025-11-03
GROUNDNUT,74.03,192478.00,Mbeya Border Market,2025-11-03
GROUNDNUT,78.56,204256.00,Tanga Coastal Exchange,2025-11-03
GROUNDNUT,72.31,188006.00,Tabora Grain Yard,2025-11-03
GROUNDNUT,80.68,209768.00,Kigoma Lake Hub,2025-11-03
SUNFLOWER,57.51,149526.00,Dar Es Salaam Wholesale,2025-11-03
SUNFLOWER,54.80,142480.00,Mwanza Central Hub,2025-11-03
SUNFLOWER,59.37,154362.00,Arusha North Hub,2025-11-03
SUNFLOWER,56.65,147290.00,Dodoma Wholesale Hub,2025-11-03
SUNFLOWER,53.93,140218.00,Mbeya Border Market,2025-11-03
SUNFLOWER,57.39,149214.00,Tanga Coastal Exchange,2025-11-03
SUNFLOWER,52.96,137696.00,Tabora Grain Yard,2025-11-03
SUNFLOWER,59.25,154050.00,Kigoma Lake Hub,2025-11-03
COFFEE,76.12,197912.00,Dar Es Salaam Wholesale,2025-11-03
COFFEE,78.33,203658.00,Mwanza Central Hub,2025-11-03
COFFEE,84.60,219960.00,Arusha North Hub,2025-11-03
COFFEE,80.48,209248.00,Dodoma Wholesale Hub,2025-11-03
COFFEE,76.38,198588.00,Mbeya Border Market,2025-11-03
COFFEE,81.03,210678.00,Tanga Coastal Exchange,2025-11-03
COFFEE,74.56,193856.00,Tabora Grain Yard,2025-11-03
COFFEE,83.16,216216.00,Kigoma Lake Hub,2025-11-03
CASHEW,86.08,223808.00,Dar Es Salaam Wholesale,2025-11-03
CASHEW,82.02,213252.00,Mwanza Central Hub,2025-11-03
CASHEW,88.85,231010.00,Arusha North Hub,2025-11-03
CASHEW,84.78,220428.00,Dodoma Wholesale Hub,2025-11-03
CASHEW,80.71,209846.00,Mbeya Border Market,2025-11-03
CASHEW,85.88,223288.00,Tanga Coastal Exchange,2025-11-03
CASHEW,79.27,206102.00,Tabora Grain Yard,2025-11-03
CASHEW,88.68,230568.00,Kigoma Lake Hub,2025-11-03
COCONUT,73.44,190944.00,Dar Es Salaam Wholesale,2025-11-03
COCONUT,69.79,181454.00,Mwanza Central Hub,2025-11-03
COCONUT,75.39,196014.00,Arusha North Hub,2025-11-03
COCONUT,71.74,186524.00,Dodoma Wholesale Hub,2025-11-03
COCONUT,68.09,177034.00,Mbeya Border Market,2025-11-03
COCONUT,72.25,187850.00,Tanga Coastal Exchange,2025-11-03
COCONUT,66.49,172874.00,Tabora Grain Yard,2025-11-03
COCONUT,74.17,192842.00,Kigoma Lake Hub,2025-11-03
MAIZE,44.10,114660.00,Dar Es Salaam Wholesale,2025-11-10
MAIZE,42.02,109252.00,Mwanza Central Hub,2025-11-10
MAIZE,45.51,118326.00,Arusha North Hub,2025-11-10
MAIZE,43.42,112892.00,Dodoma Wholesale Hub,2025-11-10
MAIZE,41.33,107458.00,Mbeya Border Market,2025-11-10
MAIZE,43.97,114322.00,Tanga Coastal Exchange,2025-11-10
MAIZE,40.58,105508.00,Tabora Grain Yard,2025-11-10
MAIZE,45.40,118040.00,Kigoma Lake Hub,2025-11-10
RICE,63.63,165438.00,Dar Es Salaam Wholesale,2025-11-10
RICE,60.48,157248.00,Mwanza Central Hub,2025-11-10
RICE,65.35,169910.00,Arusha North Hub,2025-11-10
RICE,62.20,161720.00,Dodoma Wholesale Hub,2025-11-10
RICE,59.06,153556.00,Mbeya Border Market,2025-11-10
RICE,62.68,162968.00,Tanga Coastal Exchange,2025-11-10
RICE,57.70,150020.00,Tabora Grain Yard,2025-11-10
RICE,64.38,167388.00,Kigoma Lake Hub,2025-11-10
BEANS,68.88,179088.00,Dar Es Salaam Wholesale,2025-11-10
BEANS,65.58,170508.00,Mwanza Central Hub,2025-11-10
BEANS,70.98,184548.00,Arusha North Hub,2025-11-10
BEANS,67.68,175968.00,Dodoma Wholesale Hub,2025-11-10
BEANS,64.37,167362.00,Mbeya Border Market,2025-11-10
BEANS,68.45,177970.00,Tanga Coastal Exchange,2025-11-10
BEANS,63.13,164138.00,Tabora Grain Yard,2025-11-10
BEANS,70.57,183482.00,Kigoma Lake Hub,2025-11-10
WHEAT,49.97,129922.00,Dar Es Salaam Wholesale,2025-11-10
WHEAT,47.54,123604.00,Mwanza Central Hub,2025-11-10
WHEAT,51.41,133666.00,Arusha North Hub,2025-11-10
WHEAT,48.98,127348.00,Dodoma Wholesale Hub,2025-11-10
WHEAT,46.54,121004.00,Mbeya Border Market,2025-11-10
WHEAT,49.44,128544.00,Tanga Coastal Exchange,2025-11-10
WHEAT,45.55,118430.00,Tabora Grain Yard,2025-11-10
WHEAT,50.86,132236.00,Kigoma Lake Hub,2025-11-10
SORGHUM,38.97,101322.00,Dar Es Salaam Wholesale,2025-11-10
SORGHUM,37.07,96382.00,Mwanza Central Hub,2025-11-10
SORGHUM,40.08,104208.00,Arusha North Hub,2025-11-10
SORGHUM,38.18,99268.00,Dodoma Wholesale Hub,2025-11-10
SORGHUM,36.28,94328.00,Mbeya Border Market,2025-11-10
SORGHUM,38.54,100204.00,Tanga Coastal Exchange,2025-11-10
SORGHUM,35.51,92326.00,Tabora Grain Yard,2025-11-10
SORGHUM,39.65,103090.00,Kigoma Lake Hub,2025-11-10
CASSAVA,30.36,78936.00,Dar Es Salaam Wholesale,2025-11-10
CASSAVA,28.91,75166.00,Mwanza Central Hub,2025-11-10
CASSAVA,31.29,81354.00,Arusha North Hub,2025-11-10
CASSAVA,29.84,77584.00,Dodoma Wholesale Hub,2025-11-10
CASSAVA,28.38,73788.00,Mbeya Border Market,2025-11-10
CASSAVA,30.18,78468.00,Tanga Coastal Exchange,2025-11-10
CASSAVA,27.83,72358.00,Tabora Grain Yard,2025-11-10
CASSAVA,31.10,80860.00,Kigoma Lake Hub,2025-11-10
POTATO,34.23,88998.00,Dar Es Salaam Wholesale,2025-11-10
POTATO,32.53,84578.00,Mwanza Central Hub,2025-11-10
POTATO,35.14,91364.00,Arusha North Hub,2025-11-10
POTATO,33.45,86970.00,Dodoma Wholesale Hub,2025-11-10
POTATO,31.75,82550.00,Mbeya Border Market,2025-11-10
POTATO,33.70,87620.00,Tanga Coastal Exchange,2025-11-10
POTATO,31.02,80652.00,Tabora Grain Yard,2025-11-10
POTATO,34.62,90012.00,Kigoma Lake Hub,2025-11-10
GROUNDNUT,79.71,207246.00,Dar Es Salaam Wholesale,2025-11-10
GROUNDNUT,75.95,197470.00,Mwanza Central Hub,2025-11-10
GROUNDNUT,82.26,213876.00,Arusha North Hub,2025-11-10
GROUNDNUT,78.50,204100.00,Dodoma Wholesale Hub,2025-11-10
GROUNDNUT,74.71,194246.00,Mbeya Border Market,2025-11-10
GROUNDNUT,79.49,206674.00,Tanga Coastal Exchange,2025-11-10
GROUNDNUT,73.36,190736.00,Tabora Grain Yard,2025-11-10
GROUNDNUT,82.06,213356.00,Kigoma Lake Hub,2025-11-10
SUNFLOWER,60.35,156910.00,Dar Es Salaam Wholesale,2025-11-10
SUNFLOWER,57.34,149084.00,Mwanza Central Hub,2025-11-10
SUNFLOWER,61.92,160992.00,Arusha North Hub,2025-11-10
SUNFLOWER,58.91,153166.00,Dodoma Wholesale Hub,2025-11-10
SUNFLOWER,55.91,145366.00,Mbeya Border Market,2025-11-10
SUNFLOWER,59.31,154206.00,Tanga Coastal Exchange,2025-11-10
SUNFLOWER,54.58,141908.00,Tabora Grain Yard,2025-11-10
SUNFLOWER,60.87,158262.00,Kigoma Lake Hub,2025-11-10
COFFEE,81.19,211094.00,Dar Es Salaam Wholesale,2025-11-10
COFFEE,77.37,201162.00,Mwanza Central Hub,2025-11-10
COFFEE,83.81,217906.00,Arusha North Hub,2025-11-10
COFFEE,79.98,207948.00,Dodoma Wholesale Hub,2025-11-10
COFFEE,76.14,197964.00,Mbeya Border Market,2025-11-10
COFFEE,81.02,210652.00,Tanga Coastal Exchange,2025-11-10
COFFEE,74.78,194428.00,Tabora Grain Yard,2025-11-10
COFFEE,83.66,217516.00,Kigoma Lake Hub,2025-11-10
CASHEW,84.75,220350.00,Dar Es Salaam Wholesale,2025-11-10
CASHEW,80.52,209352.00,Mwanza Central Hub,2025-11-10
CASHEW,86.97,226122.00,Arusha North Hub,2025-11-10
CASHEW,82.75,215150.00,Dodoma Wholesale Hub,2025-11-10
CASHEW,78.54,204204.00,Mbeya Border Market,2025-11-10
CASHEW,83.32,216632.00,Tanga Coastal Exchange,2025-11-10
CASHEW,76.67,199342.00,Tabora Grain Yard,2025-11-10
CASHEW,85.52,222352.00,Kigoma Lake Hub,2025-11-10
COCONUT,71.68,186368.00,Dar Es Salaam Wholesale,2025-11-10
COCONUT,68.27,177502.00,Mwanza Central Hub,2025-11-10
COCONUT,73.93,192218.00,Arusha North Hub,2025-11-10
COCONUT,70.53,183378.00,Dodoma Wholesale Hub,2025-11-10
COCONUT,67.12,174512.00,Mbeya Border Market,2025-11-10
COCONUT,71.40,185640.00,Tanga Coastal Exchange,2025-11-10
COCONUT,65.88,171288.00,Tabora Grain Yard,2025-11-10
COCONUT,73.68,191568.00,Kigoma Lake Hub,2025-11-10
MAIZE,44.93,116818.00,Dar Es Salaam Wholesale,2025-11-17
MAIZE,42.70,111020.00,Mwanza Central Hub,2025-11-17
MAIZE,46.13,119938.00,Arusha North Hub,2025-11-17
MAIZE,43.90,114140.00,Dodoma Wholesale Hub,2025-11-17
MAIZE,41.67,108342.00,Mbeya Border Market,2025-11-17
MAIZE,44.22,114972.00,Tanga Coastal Exchange,2025-11-17
MAIZE,40.70,105820.00,Tabora Grain Yard,2025-11-17
MAIZE,45.41,118066.00,Kigoma Lake Hub,2025-11-17
RICE,60.47,157222.00,Dar Es Salaam Wholesale,2025-11-17
RICE,57.58,149708.00,Mwanza Central Hub,2025-11-17
RICE,62.33,162058.00,Arusha North Hub,2025-11-17
RICE,59.44,154544.00,Dodoma Wholesale Hub,2025-11-17
RICE,56.55,147030.00,Mbeya Border Market,2025-11-17
RICE,60.14,156364.00,Tanga Coastal Exchange,2025-11-17
RICE,55.48,144248.00,Tabora Grain Yard,2025-11-17
RICE,62.03,161278.00,Kigoma Lake Hub,2025-11-17
BEANS,74.10,192660.00,Dar Es Salaam Wholesale,2025-11-17
BEANS,70.48,183248.00,Mwanza Central Hub,2025-11-17
BEANS,76.20,198120.00,Arusha North Hub,2025-11-17
BEANS,72.58,188708.00,Dodoma Wholesale Hub,2025-11-17
BEANS,68.96,179296.00,Mbeya Border Market,2025-11-17
BEANS,73.24,190424.00,Tanga Coastal Exchange,2025-11-17
BEANS,67.46,175396.00,Tabora Grain Yard,2025-11-17
BEANS,75.32,195832.00,Kigoma Lake Hub,2025-11-17
WHEAT,46.19,120094.00,Dar Es Salaam Wholesale,2025-11-17
WHEAT,43.94,114244.00,Mwanza Central Hub,2025-11-17
WHEAT,47.52,123552.00,Arusha North Hub,2025-11-17
WHEAT,45.27,117702.00,Dodoma Wholesale Hub,2025-11-17
WHEAT,43.03,111878.00,Mbeya Border Market,2025-11-17
WHEAT,45.72,118872.00,Tanga Coastal Exchange,2025-11-17
WHEAT,42.13,109538.00,Tabora Grain Yard,2025-11-17
WHEAT,47.07,122382.00,Kigoma Lake Hub,2025-11-17
SORGHUM,41.89,108914.00,Dar Es Salaam Wholesale,2025-11-17
SORGHUM,39.88,103688.00,Mwanza Central Hub,2025-11-17
SORGHUM,43.16,112216.00,Arusha North Hub,2025-11-17
SORGHUM,41.14,106964.00,Dodoma Wholesale Hub,2025-11-17
SORGHUM,39.13,101738.00,Mbeya Border Market,2025-11-17
SORGHUM,41.59,108134.00,Tanga Coastal Exchange,2025-11-17
SORGHUM,38.35,99710.00,Tabora Grain Yard,2025-11-17
SORGHUM,42.85,111410.00,Kigoma Lake Hub,2025-11-17
CASSAVA,28.93,75218.00,Dar Es Salaam Wholesale,2025-11-17
CASSAVA,27.50,71500.00,Mwanza Central Hub,2025-11-17
CASSAVA,29.71,77246.00,Arusha North Hub,2025-11-17
CASSAVA,28.28,73528.00,Dodoma Wholesale Hub,2025-11-17
CASSAVA,26.85,69810.00,Mbeya Border Market,2025-11-17
CASSAVA,28.50,74100.00,Tanga Coastal Exchange,2025-11-17
CASSAVA,26.24,68224.00,Tabora Grain Yard,2025-11-17
CASSAVA,29.29,76154.00,Kigoma Lake Hub,2025-11-17
POTATO,34.77,90402.00,Dar Es Salaam Wholesale,2025-11-17
POTATO,33.13,86138.00,Mwanza Central Hub,2025-11-17
POTATO,35.88,93288.00,Arusha North Hub,2025-11-17
POTATO,34.23,88998.00,Dodoma Wholesale Hub,2025-11-17
POTATO,32.58,84708.00,Mbeya Border Market,2025-11-17
POTATO,34.66,90116.00,Tanga Coastal Exchange,2025-11-17
POTATO,31.98,83148.00,Tabora Grain Yard,2025-11-17
POTATO,35.76,92976.00,Kigoma Lake Hub,2025-11-17
GROUNDNUT,82.01,213226.00,Dar Es Salaam Wholesale,2025-11-17
GROUNDNUT,77.91,202566.00,Mwanza Central Hub,2025-11-17
GROUNDNUT,84.15,218790.00,Arusha North Hub,2025-11-17
GROUNDNUT,80.06,208156.00,Dodoma Wholesale Hub,2025-11-17
GROUNDNUT,75.98,197548.00,Mbeya Border Market,2025-11-17
GROUNDNUT,80.61,209586.00,Tanga Coastal Exchange,2025-11-17
GROUNDNUT,74.18,192868.00,Tabora Grain Yard,2025-11-17
GROUNDNUT,82.74,215124.00,Kigoma Lake Hub,2025-11-17
SUNFLOWER,60.62,157612.00,Dar Es Salaam Wholesale,2025-11-17
SUNFLOWER,57.77,150202.00,Mwanza Central Hub,2025-11-17
SUNFLOWER,62.58,162708.00,Arusha North Hub,2025-11-17
SUNFLOWER,59.72,155272.00,Dodoma Wholesale Hub,2025-11-17
SUNFLOWER,52.48,136448.00,Mbeya Border Market,2025-11-17
SUNFLOWER,55.86,145236.00,Tanga Coastal Exchange,2025-11-17
SUNFLOWER,51.56,134056.00,Tabora Grain Yard,2025-11-17
SUNFLOWER,57.69,149994.00,Kigoma Lake Hub,2025-11-17
COFFEE,78.41,203866.00,Dar Es Salaam Wholesale,2025-11-17
COFFEE,74.50,193700.00,Mwanza Central Hub,2025-11-17
COFFEE,80.45,209170.00,Arusha North Hub,2025-11-17
COFFEE,76.54,199004.00,Dodoma Wholesale Hub,2025-11-17
COFFEE,72.64,188864.00,Mbeya Border Market,2025-11-17
COFFEE,77.06,200356.00,Tanga Coastal Exchange,2025-11-17
COFFEE,70.91,184366.00,Tabora Grain Yard,2025-11-17
COFFEE,79.08,205608.00,Kigoma Lake Hub,2025-11-17
CASHEW,84.08,218608.00,Dar Es Salaam Wholesale,2025-11-17
CASHEW,80.10,208260.00,Mwanza Central Hub,2025-11-17
CASHEW,86.74,225524.00,Arusha North Hub,2025-11-17
CASHEW,82.76,215176.00,Dodoma Wholesale Hub,2025-11-17
CASHEW,78.77,204802.00,Mbeya Border Market,2025-11-17
CASHEW,83.80,217880.00,Tanga Coastal Exchange,2025-11-17
CASHEW,77.33,201058.00,Tabora Grain Yard,2025-11-17
CASHEW,86.50,224900.00,Kigoma Lake Hub,2025-11-17
COCONUT,74.96,194896.00,Dar Es Salaam Wholesale,2025-11-17
COCONUT,71.26,185276.00,Mwanza Central Hub,2025-11-17
COCONUT,77.01,200226.00,Arusha North Hub,2025-11-17
COCONUT,73.31,190606.00,Dodoma Wholesale Hub,2025-11-17
COCONUT,69.61,180986.00,Mbeya Border Market,2025-11-17
COCONUT,73.89,192114.00,Tanga Coastal Exchange,2025-11-17
COCONUT,68.03,176878.00,Tabora Grain Yard,2025-11-17
COCONUT,75.91,197366.00,Kigoma Lake Hub,2025-11-17
MAIZE,43.24,112424.00,Dar Es Salaam Wholesale,2025-11-24
MAIZE,41.18,107068.00,Mwanza Central Hub,2025-11-24
MAIZE,44.59,115934.00,Arusha North Hub,2025-11-24
MAIZE,42.53,110578.00,Dodoma Wholesale Hub,2025-11-24
MAIZE,40.47,105222.00,Mbeya Border Market,2025-11-24
MAIZE,43.04,111904.00,Tanga Coastal Exchange,2025-11-24
MAIZE,39.71,103246.00,Tabora Grain Yard,2025-11-24
MAIZE,44.41,115466.00,Kigoma Lake Hub,2025-11-24
RICE,64.57,167882.00,Dar Es Salaam Wholesale,2025-11-24
RICE,61.41,159666.00,Mwanza Central Hub,2025-11-24
RICE,66.38,172588.00,Arusha North Hub,2025-11-24
RICE,63.22,164372.00,Dodoma Wholesale Hub,2025-11-24
RICE,60.05,156130.00,Mbeya Border Market,2025-11-24
RICE,63.76,165776.00,Tanga Coastal Exchange,2025-11-24
RICE,58.72,152672.00,Tabora Grain Yard,2025-11-24
RICE,65.55,170430.00,Kigoma Lake Hub,2025-11-24
BEANS,68.55,178230.00,Dar Es Salaam Wholesale,2025-11-24
BEANS,65.23,169598.00,Mwanza Central Hub,2025-11-24
BEANS,70.56,183456.00,Arusha North Hub,2025-11-24
BEANS,67.24,174824.00,Dodoma Wholesale Hub,2025-11-24
BEANS,63.92,166192.00,Mbeya Border Market,2025-11-24
BEANS,67.93,176618.00,Tanga Coastal Exchange,2025-11-24
BEANS,62.62,162812.00,Tabora Grain Yard,2025-11-24
BEANS,69.96,181896.00,Kigoma Lake Hub,2025-11-24
WHEAT,49.90,129740.00,Dar Es Salaam Wholesale,2025-11-24
WHEAT,47.50,123500.00,Mwanza Central Hub,2025-11-24
WHEAT,51.39,133614.00,Arusha North Hub,2025-11-24
WHEAT,48.98,127348.00,Dodoma Wholesale Hub,2025-11-24
WHEAT,46.57,121082.00,Mbeya Border Market,2025-11-24
WHEAT,49.50,128700.00,Tanga Coastal Exchange,2025-11-24
WHEAT,45.63,118638.00,Tabora Grain Yard,2025-11-24
WHEAT,50.98,132548.00,Kigoma Lake Hub,2025-11-24
SORGHUM,39.47,102622.00,Dar Es Salaam Wholesale,2025-11-24
SORGHUM,37.52,97552.00,Mwanza Central Hub,2025-11-24
SORGHUM,40.55,105430.00,Arusha North Hub,2025-11-24
SORGHUM,38.61,100386.00,Dodoma Wholesale Hub,2025-11-24
SORGHUM,36.67,95342.00,Mbeya Border Market,2025-11-24
SORGHUM,38.93,101218.00,Tanga Coastal Exchange,2025-11-24
SORGHUM,35.85,93210.00,Tabora Grain Yard,2025-11-24
SORGHUM,40.01,104026.00,Kigoma Lake Hub,2025-11-24
CASSAVA,29.85,77610.00,Dar Es Salaam Wholesale,2025-11-24
CASSAVA,28.44,73944.00,Mwanza Central Hub,2025-11-24
CASSAVA,30.80,80080.00,Arusha North Hub,2025-11-24
CASSAVA,29.38,76388.00,Dodoma Wholesale Hub,2025-11-24
CASSAVA,27.96,72696.00,Mbeya Border Market,2025-11-24
CASSAVA,29.74,77324.00,Tanga Coastal Exchange,2025-11-24
CASSAVA,27.43,71318.00,Tabora Grain Yard,2025-11-24
CASSAVA,30.68,79768.00,Kigoma Lake Hub,2025-11-24
POTATO,35.11,91286.00,Dar Es Salaam Wholesale,2025-11-24
POTATO,33.35,86710.00,Mwanza Central Hub,2025-11-24
POTATO,36.03,93678.00,Arusha North Hub,2025-11-24
POTATO,34.28,89128.00,Dodoma Wholesale Hub,2025-11-24
POTATO,32.53,84578.00,Mbeya Border Market,2025-11-24
POTATO,34.52,89752.00,Tanga Coastal Exchange,2025-11-24
POTATO,31.77,82602.00,Tabora Grain Yard,2025-11-24
POTATO,35.43,92118.00,Kigoma Lake Hub,2025-11-24
GROUNDNUT,77.60,201760.00,Dar Es Salaam Wholesale,2025-11-24
GROUNDNUT,73.95,192270.00,Mwanza Central Hub,2025-11-24
GROUNDNUT,80.12,208312.00,Arusha North Hub,2025-11-24
GROUNDNUT,76.47,198822.00,Dodoma Wholesale Hub,2025-11-24
GROUNDNUT,72.80,189280.00,Mbeya Border Market,2025-11-24
GROUNDNUT,77.47,201422.00,Tanga Coastal Exchange,2025-11-24
GROUNDNUT,71.51,185926.00,Tabora Grain Yard,2025-11-24
GROUNDNUT,80.01,208026.00,Kigoma Lake Hub,2025-11-24
SUNFLOWER,57.39,149214.00,Dar Es Salaam Wholesale,2025-11-24
SUNFLOWER,54.52,141752.00,Mwanza Central Hub,2025-11-24
SUNFLOWER,58.88,153088.00,Arusha North Hub,2025-11-24
SUNFLOWER,56.01,145626.00,Dodoma Wholesale Hub,2025-11-24
SUNFLOWER,53.15,138190.00,Mbeya Border Market,2025-11-24
SUNFLOWER,56.38,146588.00,Tanga Coastal Exchange,2025-11-24
SUNFLOWER,51.88,134888.00,Tabora Grain Yard,2025-11-24
SUNFLOWER,57.85,150410.00,Kigoma Lake Hub,2025-11-24
COFFEE,79.20,205920.00,Dar Es Salaam Wholesale,2025-11-24
COFFEE,75.46,196196.00,Mwanza Central Hub,2025-11-24
COFFEE,81.73,212498.00,Arusha North Hub,2025-11-24
COFFEE,77.99,202774.00,Dodoma Wholesale Hub,2025-11-24
COFFEE,74.23,192998.00,Mbeya Border Market,2025-11-24
COFFEE,78.98,205348.00,Tanga Coastal Exchange,2025-11-24
COFFEE,72.89,189514.00,Tabora Grain Yard,2025-11-24
COFFEE,81.54,212004.00,Kigoma Lake Hub,2025-11-24
CASHEW,86.72,225472.00,Dar Es Salaam Wholesale,2025-11-24
CASHEW,82.43,214318.00,Mwanza Central Hub,2025-11-24
CASHEW,89.06,231556.00,Arusha North Hub,2025-11-24
CASHEW,84.77,220402.00,Dodoma Wholesale Hub,2025-11-24
CASHEW,80.48,209248.00,Mbeya Border Market,2025-11-24
CASHEW,85.42,222092.00,Tanga Coastal Exchange,2025-11-24
CASHEW,78.63,204438.00,Tabora Grain Yard,2025-11-24
CASHEW,87.73,228098.00,Kigoma Lake Hub,2025-11-24
COCONUT,70.62,183612.00,Dar Es Salaam Wholesale,2025-11-24
COCONUT,67.24,174824.00,Mwanza Central Hub,2025-11-24
COCONUT,72.78,189228.00,Arusha North Hub,2025-11-24
COCONUT,69.40,180440.00,Dodoma Wholesale Hub,2025-11-24
COCONUT,66.01,171626.00,Mbeya Border Market,2025-11-24
COCONUT,70.19,182494.00,Tanga Coastal Exchange,2025-11-24
COCONUT,64.74,168324.00,Tabora Grain Yard,2025-11-24
COCONUT,72.37,188162.00,Kigoma Lake Hub,2025-11-24
MAIZE,47.17,122642.00,Dar Es Salaam Wholesale,2025-12-01
MAIZE,44.85,116610.00,Mwanza Central Hub,2025-12-01
MAIZE,48.48,126048.00,Arusha North Hub,2025-12-01
MAIZE,46.15,119990.00,Dodoma Wholesale Hub,2025-12-01
MAIZE,43.83,113958.00,Mbeya Border Market,2025-12-01
MAIZE,46.54,121004.00,Tanga Coastal Exchange,2025-12-01
MAIZE,42.85,111410.00,Tabora Grain Yard,2025-12-01
MAIZE,47.82,124332.00,Kigoma Lake Hub,2025-12-01
RICE,62.46,162396.00,Dar Es Salaam Wholesale,2025-12-01
RICE,59.45,154570.00,Mwanza Central Hub,2025-12-01
RICE,64.32,167232.00,Arusha North Hub,2025-12-01
RICE,61.31,159406.00,Dodoma Wholesale Hub,2025-12-01
RICE,58.29,151554.00,Mbeya Border Market,2025-12-01
RICE,61.96,161096.00,Tanga Coastal Exchange,2025-12-01
RICE,57.13,148538.00,Tabora Grain Yard,2025-12-01
RICE,63.84,165984.00,Kigoma Lake Hub,2025-12-01
BEANS,77.22,200772.00,Dar Es Salaam Wholesale,2025-12-01
BEANS,73.48,191048.00,Mwanza Central Hub,2025-12-01
BEANS,79.50,206700.00,Arusha North Hub,2025-12-01
BEANS,75.76,196976.00,Dodoma Wholesale Hub,2025-12-01
BEANS,72.02,187252.00,Mbeya Border Market,2025-12-01
BEANS,76.53,198978.00,Tanga Coastal Exchange,2025-12-01
BEANS,70.53,183378.00,Tabora Grain Yard,2025-12-01
BEANS,78.78,204828.00,Kigoma Lake Hub,2025-12-01
WHEAT,47.93,124618.00,Dar Es Salaam Wholesale,2025-12-01
WHEAT,45.57,118482.00,Mwanza Central Hub,2025-12-01
WHEAT,49.26,128076.00,Arusha North Hub,2025-12-01
WHEAT,46.90,121940.00,Dodoma Wholesale Hub,2025-12-01
WHEAT,44.56,115856.00,Mbeya Border Market,2025-12-01
WHEAT,47.31,123006.00,Tanga Coastal Exchange,2025-12-01
WHEAT,43.58,113308.00,Tabora Grain Yard,2025-12-01
WHEAT,48.65,126490.00,Kigoma Lake Hub,2025-12-01
SORGHUM,41.72,108472.00,Dar Es Salaam Wholesale,2025-12-01
SORGHUM,39.74,103324.00,Mwanza Central Hub,2025-12-01
SORGHUM,43.03,111878.00,Arusha North Hub,2025-12-01
SORGHUM,41.04,106704.00,Dodoma Wholesale Hub,2025-12-01
SORGHUM,39.04,101504.00,Mbeya Border Market,2025-12-01
SORGHUM,41.53,107978.00,Tanga Coastal Exchange,2025-12-01
SORGHUM,38.30,99580.00,Tabora Grain Yard,2025-12-01
SORGHUM,42.83,111358.00,Kigoma Lake Hub,2025-12-01
CASSAVA,29.32,76232.00,Dar Es Salaam Wholesale,2025-12-01
CASSAVA,27.86,72436.00,Mwanza Central Hub,2025-12-01
CASSAVA,30.09,78234.00,Arusha North Hub,2025-12-01
CASSAVA,28.63,74438.00,Dodoma Wholesale Hub,2025-12-01
CASSAVA,27.18,70668.00,Mbeya Border Market,2025-12-01
CASSAVA,28.84,74984.00,Tanga Coastal Exchange,2025-12-01
CASSAVA,26.54,69004.00,Tabora Grain Yard,2025-12-01
CASSAVA,29.61,76986.00,Kigoma Lake Hub,2025-12-01
POTATO,32.97,85722.00,Dar Es Salaam Wholesale,2025-12-01
POTATO,31.42,81692.00,Mwanza Central Hub,2025-12-01
POTATO,34.04,88504.00,Arusha North Hub,2025-12-01
POTATO,32.48,84448.00,Dodoma Wholesale Hub,2025-12-01
POTATO,30.92,80392.00,Mbeya Border Market,2025-12-01
POTATO,32.91,85566.00,Tanga Coastal Exchange,2025-12-01
POTATO,30.37,78962.00,Tabora Grain Yard,2025-12-01
POTATO,33.98,88348.00,Kigoma Lake Hub,2025-12-01
GROUNDNUT,74.95,194870.00,Dar Es Salaam Wholesale,2025-12-01
GROUNDNUT,71.20,185120.00,Mwanza Central Hub,2025-12-01
GROUNDNUT,76.88,199888.00,Arusha North Hub,2025-12-01
GROUNDNUT,73.13,190138.00,Dodoma Wholesale Hub,2025-12-01
GROUNDNUT,69.40,180440.00,Mbeya Border Market,2025-12-01
GROUNDNUT,73.62,191412.00,Tanga Coastal Exchange,2025-12-01
GROUNDNUT,73.38,190788.00,Tabora Grain Yard,2025-12-01
GROUNDNUT,81.84,212784.00,Kigoma Lake Hub,2025-12-01
SUNFLOWER,56.73,147498.00,Dar Es Salaam Wholesale,2025-12-01
SUNFLOWER,54.05,140530.00,Mwanza Central Hub,2025-12-01
SUNFLOWER,58.55,152230.00,Arusha North Hub,2025-12-01
SUNFLOWER,55.87,145262.00,Dodoma Wholesale Hub,2025-12-01
SUNFLOWER,53.18,138268.00,Mbeya Border Market,2025-12-01
SUNFLOWER,56.59,147134.00,Tanga Coastal Exchange,2025-12-01
SUNFLOWER,52.23,135798.00,Tabora Grain Yard,2025-12-01
SUNFLOWER,58.43,151918.00,Kigoma Lake Hub,2025-12-01
COFFEE,77.97,202722.00,Dar Es Salaam Wholesale,2025-12-01
COFFEE,74.10,192660.00,Mwanza Central Hub,2025-12-01
COFFEE,80.05,208130.00,Arusha North Hub,2025-12-01
COFFEE,76.18,198068.00,Dodoma Wholesale Hub,2025-12-01
COFFEE,72.32,188032.00,Mbeya Border Market,2025-12-01
COFFEE,76.74,199524.00,Tanga Coastal Exchange,2025-12-01
COFFEE,70.63,183638.00,Tabora Grain Yard,2025-12-01
COFFEE,78.80,204880.00,Kigoma Lake Hub,2025-12-01
CASHEW,81.65,212290.00,Dar Es Salaam Wholesale,2025-12-01
CASHEW,77.75,202150.00,Mwanza Central Hub,2025-12-01
CASHEW,84.18,218868.00,Arusha North Hub,2025-12-01
CASHEW,80.28,208728.00,Dodoma Wholesale Hub,2025-12-01
CASHEW,76.37,198562.00,Mbeya Border Market,2025-12-01
CASHEW,81.23,211198.00,Tanga Coastal Exchange,2025-12-01
CASHEW,74.93,194818.00,Tabora Grain Yard,2025-12-01
CASHEW,83.78,217828.00,Kigoma Lake Hub,2025-12-01
COCONUT,76.76,199576.00,Dar Es Salaam Wholesale,2025-12-01
COCONUT,73.01,189826.00,Mwanza Central Hub,2025-12-01
COCONUT,78.94,205244.00,Arusha North Hub,2025-12-01
COCONUT,75.18,195468.00,Dodoma Wholesale Hub,2025-12-01
COCONUT,71.43,185718.00,Mbeya Border Market,2025-12-01
COCONUT,75.85,197210.00,Tanga Coastal Exchange,2025-12-01
COCONUT,69.87,181662.00,Tabora Grain Yard,2025-12-01
COCONUT,78.00,202800.00,Kigoma Lake Hub,2025-12-01
MAIZE,44.08,114608.00,Dar Es Salaam Wholesale,2025-12-08
MAIZE,41.96,109096.00,Mwanza Central Hub,2025-12-08
MAIZE,45.41,118066.00,Arusha North Hub,2025-12-08
MAIZE,43.29,112554.00,Dodoma Wholesale Hub,2025-12-08
MAIZE,41.17,107042.00,Mbeya Border Market,2025-12-08
MAIZE,43.77,113802.00,Tanga Coastal Exchange,2025-12-08
MAIZE,40.36,104936.00,Tabora Grain Yard,2025-12-08
MAIZE,45.11,117286.00,Kigoma Lake Hub,2025-12-08
RICE,67.64,175864.00,Dar Es Salaam Wholesale,2025-12-08
RICE,64.36,167336.00,Mwanza Central Hub,2025-12-08
RICE,69.61,180986.00,Arusha North Hub,2025-12-08
RICE,66.32,172432.00,Dodoma Wholesale Hub,2025-12-08
RICE,63.03,163878.00,Mbeya Border Market,2025-12-08
RICE,66.97,174122.00,Tanga Coastal Exchange,2025-12-08
RICE,61.71,160446.00,Tabora Grain Yard,2025-12-08
RICE,68.91,179166.00,Kigoma Lake Hub,2025-12-08
BEANS,71.70,186420.00,Dar Es Salaam Wholesale,2025-12-08
BEANS,68.18,177268.00,Mwanza Central Hub,2025-12-08
BEANS,73.71,191646.00,Arusha North Hub,2025-12-08
BEANS,70.20,182520.00,Dodoma Wholesale Hub,2025-12-08
BEANS,66.70,173420.00,Mbeya Border Market,2025-12-08
BEANS,70.84,184184.00,Tanga Coastal Exchange,2025-12-08
BEANS,65.26,169676.00,Tabora Grain Yard,2025-12-08
BEANS,72.87,189462.00,Kigoma Lake Hub,2025-12-08
WHEAT,50.75,131950.00,Dar Es Salaam Wholesale,2025-12-08
WHEAT,48.33,125658.00,Mwanza Central Hub,2025-12-08
WHEAT,52.32,136032.00,Arusha North Hub,2025-12-08
WHEAT,49.90,129740.00,Dodoma Wholesale Hub,2025-12-08
WHEAT,47.47,123422.00,Mbeya Border Market,2025-12-08
WHEAT,50.47,131222.00,Tanga Coastal Exchange,2025-12-08
WHEAT,46.55,121030.00,Tabora Grain Yard,2025-12-08
WHEAT,52.04,135304.00,Kigoma Lake Hub,2025-12-08
SORGHUM,40.72,105872.00,Dar Es Salaam Wholesale,2025-12-08
SORGHUM,38.69,100594.00,Mwanza Central Hub,2025-12-08
SORGHUM,41.80,108680.00,Arusha North Hub,2025-12-08
SORGHUM,39.78,103428.00,Dodoma Wholesale Hub,2025-12-08
SORGHUM,37.76,98176.00,Mbeya Border Market,2025-12-08
SORGHUM,40.07,104182.00,Tanga Coastal Exchange,2025-12-08
SORGHUM,36.89,95914.00,Tabora Grain Yard,2025-12-08
SORGHUM,41.15,106990.00,Kigoma Lake Hub,2025-12-08
CASSAVA,28.87,75062.00,Dar Es Salaam Wholesale,2025-12-08
CASSAVA,27.51,71526.00,Mwanza Central Hub,2025-12-08
CASSAVA,29.80,77480.00,Arusha North Hub,2025-12-08
CASSAVA,28.44,73944.00,Dodoma Wholesale Hub,2025-12-08
CASSAVA,27.07,70382.00,Mbeya Border Market,2025-12-08
CASSAVA,28.80,74880.00,Tanga Coastal Exchange,2025-12-08
CASSAVA,26.58,69108.00,Tabora Grain Yard,2025-12-08
CASSAVA,29.74,77324.00,Kigoma Lake Hub,2025-12-08
POTATO,35.13,91338.00,Dar Es Salaam Wholesale,2025-12-08
POTATO,33.37,86762.00,Mwanza Central Hub,2025-12-08
POTATO,36.04,93704.00,Arusha North Hub,2025-12-08
POTATO,34.29,89154.00,Dodoma Wholesale Hub,2025-12-08
POTATO,32.54,84604.00,Mbeya Border Market,2025-12-08
POTATO,34.52,89752.00,Tanga Coastal Exchange,2025-12-08
POTATO,31.76,82576.00,Tabora Grain Yard,2025-12-08
POTATO,35.43,92118.00,Kigoma Lake Hub,2025-12-08
GROUNDNUT,78.72,204672.00,Dar Es Salaam Wholesale,2025-12-08
GROUNDNUT,75.02,195052.00,Mwanza Central Hub,2025-12-08
GROUNDNUT,81.26,211276.00,Arusha North Hub,2025-12-08
GROUNDNUT,77.55,201630.00,Dodoma Wholesale Hub,2025-12-08
GROUNDNUT,73.82,191932.00,Mbeya Border Market,2025-12-08
GROUNDNUT,78.55,204230.00,Tanga Coastal Exchange,2025-12-08
GROUNDNUT,72.50,188500.00,Tabora Grain Yard,2025-12-08
GROUNDNUT,81.11,210886.00,Kigoma Lake Hub,2025-12-08
SUNFLOWER,56.62,147212.00,Dar Es Salaam Wholesale,2025-12-08
SUNFLOWER,53.80,139880.00,Mwanza Central Hub,2025-12-08
SUNFLOWER,58.12,151112.00,Arusha North Hub,2025-12-08
SUNFLOWER,55.30,143780.00,Dodoma Wholesale Hub,2025-12-08
SUNFLOWER,52.49,136474.00,Mbeya Border Market,2025-12-08
SUNFLOWER,55.69,144794.00,Tanga Coastal Exchange,2025-12-08
SUNFLOWER,51.25,133250.00,Tabora Grain Yard,2025-12-08
SUNFLOWER,57.17,148642.00,Kigoma Lake Hub,2025-12-08
COFFEE,75.25,195650.00,Dar Es Salaam Wholesale,2025-12-08
COFFEE,71.67,186342.00,Mwanza Central Hub,2025-12-08
COFFEE,77.60,201760.00,Arusha North Hub,2025-12-08
COFFEE,74.02,192452.00,Dodoma Wholesale Hub,2025-12-08
COFFEE,70.44,183144.00,Mbeya Border Market,2025-12-08
COFFEE,74.92,194792.00,Tanga Coastal Exchange,2025-12-08
COFFEE,69.12,179712.00,Tabora Grain Yard,2025-12-08
COFFEE,77.30,200980.00,Kigoma Lake Hub,2025-12-08
CASHEW,87.05,226330.00,Dar Es Salaam Wholesale,2025-12-08
CASHEW,82.78,215228.00,Mwanza Central Hub,2025-12-08
CASHEW,89.48,232648.00,Arusha North Hub,2025-12-08
CASHEW,85.21,221546.00,Dodoma Wholesale Hub,2025-12-08
CASHEW,80.94,210444.00,Mbeya Border Market,2025-12-08
CASHEW,85.94,223444.00,Tanga Coastal Exchange,2025-12-08
CASHEW,79.14,205764.00,Tabora Grain Yard,2025-12-08
CASHEW,88.34,229684.00,Kigoma Lake Hub,2025-12-08
COCONUT,71.05,184730.00,Dar Es Salaam Wholesale,2025-12-08
COCONUT,67.61,175786.00,Mwanza Central Hub,2025-12-08
COCONUT,73.14,190164.00,Arusha North Hub,2025-12-08
COCONUT,69.70,181220.00,Dodoma Wholesale Hub,2025-12-08
COCONUT,66.27,172302.00,Mbeya Border Market,2025-12-08
COCONUT,70.42,183092.00,Tanga Coastal Exchange,2025-12-08
COCONUT,64.92,168792.00,Tabora Grain Yard,2025-12-08
COCONUT,72.54,188604.00,Kigoma Lake Hub,2025-12-08
MAIZE,47.60,123760.00,Dar Es Salaam Wholesale,2025-12-15
MAIZE,45.28,117728.00,Mwanza Central Hub,2025-12-15
MAIZE,48.96,127296.00,Arusha North Hub,2025-12-15
MAIZE,46.64,121264.00,Dodoma Wholesale Hub,2025-12-15
MAIZE,44.32,115232.00,Mbeya Border Market,2025-12-15
MAIZE,47.08,122408.00,Tanga Coastal Exchange,2025-12-15
MAIZE,43.37,112762.00,Tabora Grain Yard,2025-12-15
MAIZE,48.43,125918.00,Kigoma Lake Hub,2025-12-15
RICE,62.58,162708.00,Dar Es Salaam Wholesale,2025-12-15
RICE,59.52,154752.00,Mwanza Central Hub,2025-12-15
RICE,64.36,167336.00,Arusha North Hub,2025-12-15
RICE,61.31,159406.00,Dodoma Wholesale Hub,2025-12-15
RICE,58.26,151476.00,Mbeya Border Market,2025-12-15
RICE,61.89,160914.00,Tanga Coastal Exchange,2025-12-15
RICE,57.03,148278.00,Tabora Grain Yard,2025-12-15
RICE,63.70,165620.00,Kigoma Lake Hub,2025-12-15
BEANS,76.64,199264.00,Dar Es Salaam Wholesale,2025-12-15
BEANS,72.97,189722.00,Mwanza Central Hub,2025-12-15
BEANS,78.98,205348.00,Arusha North Hub,2025-12-15
BEANS,75.31,195806.00,Dodoma Wholesale Hub,2025-12-15
BEANS,71.63,186238.00,Mbeya Border Market,2025-12-15
BEANS,76.15,197990.00,Tanga Coastal Exchange,2025-12-15
BEANS,70.22,182572.00,Tabora Grain Yard,2025-12-15
BEANS,78.48,204048.00,Kigoma Lake Hub,2025-12-15
WHEAT,48.82,126932.00,Dar Es Salaam Wholesale,2025-12-15
WHEAT,46.40,120640.00,Mwanza Central Hub,2025-12-15
WHEAT,50.13,130338.00,Arusha North Hub,2025-12-15
WHEAT,47.71,124046.00,Dodoma Wholesale Hub,2025-12-15
WHEAT,45.30,117780.00,Mbeya Border Market,2025-12-15
WHEAT,48.08,125008.00,Tanga Coastal Exchange,2025-12-15
WHEAT,44.26,115076.00,Tabora Grain Yard,2025-12-15
WHEAT,49.39,128414.00,Kigoma Lake Hub,2025-12-15
SORGHUM,40.83,106158.00,Dar Es Salaam Wholesale,2025-12-15
SORGHUM,38.91,101166.00,Mwanza Central Hub,2025-12-15
SORGHUM,42.14,109564.00,Arusha North Hub,2025-12-15
SORGHUM,40.21,104546.00,Dodoma Wholesale Hub,2025-12-15
SORGHUM,38.27,99502.00,Mbeya Border Market,2025-12-15
SORGHUM,40.72,105872.00,Tanga Coastal Exchange,2025-12-15
SORGHUM,37.58,97708.00,Tabora Grain Yard,2025-12-15
SORGHUM,42.03,109278.00,Kigoma Lake Hub,2025-12-15
CASSAVA,30.14,78364.00,Dar Es Salaam Wholesale,2025-12-15
CASSAVA,28.64,74464.00,Mwanza Central Hub,2025-12-15
CASSAVA,30.93,80418.00,Arusha North Hub,2025-12-15
CASSAVA,29.42,76492.00,Dodoma Wholesale Hub,2025-12-15
CASSAVA,27.92,72592.00,Mbeya Border Market,2025-12-15
CASSAVA,29.62,77012.00,Tanga Coastal Exchange,2025-12-15
CASSAVA,27.26,70876.00,Tabora Grain Yard,2025-12-15
CASSAVA,30.40,79040.00,Kigoma Lake Hub,2025-12-15
POTATO,34.76,90376.00,Dar Es Salaam Wholesale,2025-12-15
POTATO,33.12,86112.00,Mwanza Central Hub,2025-12-15
POTATO,35.88,93288.00,Arusha North Hub,2025-12-15
POTATO,34.24,89024.00,Dodoma Wholesale Hub,2025-12-15
POTATO,32.60,84760.00,Mbeya Border Market,2025-12-15
POTATO,34.69,90194.00,Tanga Coastal Exchange,2025-12-15
POTATO,32.02,83252.00,Tabora Grain Yard,2025-12-15
POTATO,35.82,93132.00,Kigoma Lake Hub,2025-12-15
GROUNDNUT,77.14,200564.00,Dar Es Salaam Wholesale,2025-12-15
GROUNDNUT,73.29,190554.00,Mwanza Central Hub,2025-12-15
GROUNDNUT,79.16,205816.00,Arusha North Hub,2025-12-15
GROUNDNUT,75.32,195832.00,Dodoma Wholesale Hub,2025-12-15
GROUNDNUT,71.48,185848.00,Mbeya Border Market,2025-12-15
GROUNDNUT,75.84,197184.00,Tanga Coastal Exchange,2025-12-15
GROUNDNUT,69.78,181428.00,Tabora Grain Yard,2025-12-15
GROUNDNUT,77.83,202358.00,Kigoma Lake Hub,2025-12-15
SUNFLOWER,55.48,144248.00,Dar Es Salaam Wholesale,2025-12-15
SUNFLOWER,52.85,137410.00,Mwanza Central Hub,2025-12-15
SUNFLOWER,57.23,148798.00,Arusha North Hub,2025-12-15
SUNFLOWER,54.60,141960.00,Dodoma Wholesale Hub,2025-12-15
SUNFLOWER,51.96,135096.00,Mbeya Border Market,2025-12-15
SUNFLOWER,55.27,143702.00,Tanga Coastal Exchange,2025-12-15
SUNFLOWER,51.00,132600.00,Tabora Grain Yard,2025-12-15
SUNFLOWER,57.04,148304.00,Kigoma Lake Hub,2025-12-15
COFFEE,79.42,206492.00,Dar Es Salaam Wholesale,2025-12-15
COFFEE,75.51,196326.00,Mwanza Central Hub,2025-12-15
COFFEE,81.61,212186.00,Arusha North Hub,2025-12-15
COFFEE,77.70,202020.00,Dodoma Wholesale Hub,2025-12-15
COFFEE,73.79,191854.00,Mbeya Border Market,2025-12-15
COFFEE,78.34,203684.00,Tanga Coastal Exchange,2025-12-15
COFFEE,72.13,187538.00,Tabora Grain Yard,2025-12-15
COFFEE,80.50,209300.00,Kigoma Lake Hub,2025-12-15
CASHEW,80.91,210366.00,Dar Es Salaam Wholesale,2025-12-15
CASHEW,77.01,200226.00,Mwanza Central Hub,2025-12-15
CASHEW,83.33,216658.00,Arusha North Hub,2025-12-15
CASHEW,79.43,206518.00,Dodoma Wholesale Hub,2025-12-15
CASHEW,75.53,196378.00,Mbeya Border Market,2025-12-15
CASHEW,80.28,208728.00,Tanga Coastal Exchange,2025-12-15
CASHEW,74.02,192452.00,Tabora Grain Yard,2025-12-15
CASHEW,82.72,215072.00,Kigoma Lake Hub,2025-12-15
COCONUT,76.97,200122.00,Dar Es Salaam Wholesale,2025-12-15
COCONUT,73.25,190450.00,Mwanza Central Hub,2025-12-15
COCONUT,79.24,206024.00,Arusha North Hub,2025-12-15
COCONUT,75.51,196326.00,Dodoma Wholesale Hub,2025-12-15
COCONUT,71.77,186602.00,Mbeya Border Market,2025-12-15
COCONUT,76.26,198276.00,Tanga Coastal Exchange,2025-12-15
COCONUT,70.28,182728.00,Tabora Grain Yard,2025-12-15
COCONUT,78.51,204126.00,Kigoma Lake Hub,2025-12-15
MAIZE,43.99,114374.00,Dar Es Salaam Wholesale,2025-12-22
MAIZE,41.85,108810.00,Mwanza Central Hub,2025-12-22
MAIZE,45.26,117676.00,Arusha North Hub,2025-12-22
MAIZE,43.13,112138.00,Dodoma Wholesale Hub,2025-12-22
MAIZE,40.99,106574.00,Mbeya Border Market,2025-12-22
MAIZE,43.56,113256.00,Tanga Coastal Exchange,2025-12-22
MAIZE,40.14,104364.00,Tabora Grain Yard,2025-12-22
MAIZE,44.85,116610.00,Kigoma Lake Hub,2025-12-22
RICE,67.36,175136.00,Dar Es Salaam Wholesale,2025-12-22
RICE,64.13,166738.00,Mwanza Central Hub,2025-12-22
RICE,69.40,180440.00,Arusha North Hub,2025-12-22
RICE,66.16,172016.00,Dodoma Wholesale Hub,2025-12-22
RICE,62.91,163566.00,Mbeya Border Market,2025-12-22
RICE,66.87,173862.00,Tanga Coastal Exchange,2025-12-22
RICE,61.65,160290.00,Tabora Grain Yard,2025-12-22
RICE,68.89,179114.00,Kigoma Lake Hub,2025-12-22
BEANS,72.80,189280.00,Dar Es Salaam Wholesale,2025-12-22
BEANS,69.20,179920.00,Mwanza Central Hub,2025-12-22
BEANS,74.77,194402.00,Arusha North Hub,2025-12-22
BEANS,71.18,185068.00,Dodoma Wholesale Hub,2025-12-22
BEANS,67.59,175734.00,Mbeya Border Market,2025-12-22
BEANS,71.75,186550.00,Tanga Coastal Exchange,2025-12-22
BEANS,66.06,171756.00,Tabora Grain Yard,2025-12-22
BEANS,73.73,191698.00,Kigoma Lake Hub,2025-12-22
WHEAT,49.80,129480.00,Dar Es Salaam Wholesale,2025-12-22
WHEAT,47.44,123344.00,Mwanza Central Hub,2025-12-22
WHEAT,51.38,133588.00,Arusha North Hub,2025-12-22
WHEAT,49.02,127452.00,Dodoma Wholesale Hub,2025-12-22
WHEAT,46.65,121290.00,Mbeya Border Market,2025-12-22
WHEAT,49.63,129038.00,Tanga Coastal Exchange,2025-12-22
WHEAT,45.79,119054.00,Tabora Grain Yard,2025-12-22
WHEAT,51.21,133146.00,Kigoma Lake Hub,2025-12-22
SORGHUM,41.81,108706.00,Dar Es Salaam Wholesale,2025-12-22
SORGHUM,39.72,103272.00,Mwanza Central Hub,2025-12-22
SORGHUM,42.90,111540.00,Arusha North Hub,2025-12-22
SORGHUM,40.82,106132.00,Dodoma Wholesale Hub,2025-12-22
SORGHUM,38.74,100724.00,Mbeya Border Market,2025-12-22
SORGHUM,41.10,106860.00,Tanga Coastal Exchange,2025-12-22
SORGHUM,37.82,98332.00,Tabora Grain Yard,2025-12-22
SORGHUM,42.19,109694.00,Kigoma Lake Hub,2025-12-22
CASSAVA,30.43,79118.00,Dar Es Salaam Wholesale,2025-12-22
CASSAVA,29.00,75400.00,Mwanza Central Hub,2025-12-22
CASSAVA,29.00,75400.00,Arusha North Hub,2025-12-22
CASSAVA,27.68,71968.00,Dodoma Wholesale Hub,2025-12-22
CASSAVA,26.35,68510.00,Mbeya Border Market,2025-12-22
CASSAVA,28.04,72904.00,Tanga Coastal Exchange,2025-12-22
CASSAVA,25.88,67288.00,Tabora Grain Yard,2025-12-22
CASSAVA,28.96,75296.00,Kigoma Lake Hub,2025-12-22
POTATO,33.41,86866.00,Dar Es Salaam Wholesale,2025-12-22
POTATO,31.74,82524.00,Mwanza Central Hub,2025-12-22
POTATO,34.27,89102.00,Arusha North Hub,2025-12-22
POTATO,32.61,84786.00,Dodoma Wholesale Hub,2025-12-22
POTATO,30.94,80444.00,Mbeya Border Market,2025-12-22
POTATO,32.83,85358.00,Tanga Coastal Exchange,2025-12-22
POTATO,30.20,78520.00,Tabora Grain Yard,2025-12-22
POTATO,33.68,87568.00,Kigoma Lake Hub,2025-12-22
GROUNDNUT,76.87,199862.00,Dar Es Salaam Wholesale,2025-12-22
GROUNDNUT,73.23,190398.00,Mwanza Central Hub,2025-12-22
GROUNDNUT,79.31,206206.00,Arusha North Hub,2025-12-22
GROUNDNUT,75.67,196742.00,Dodoma Wholesale Hub,2025-12-22
GROUNDNUT,72.02,187252.00,Mbeya Border Market,2025-12-22
GROUNDNUT,76.63,199238.00,Tanga Coastal Exchange,2025-12-22
GROUNDNUT,70.71,183846.00,Tabora Grain Yard,2025-12-22
GROUNDNUT,79.10,205660.00,Kigoma Lake Hub,2025-12-22
SUNFLOWER,57.83,150358.00,Dar Es Salaam Wholesale,2025-12-22
SUNFLOWER,54.97,142922.00,Mwanza Central Hub,2025-12-22
SUNFLOWER,59.41,154466.00,Arusha North Hub,2025-12-22
SUNFLOWER,56.55,147030.00,Dodoma Wholesale Hub,2025-12-22
SUNFLOWER,53.70,139620.00,Mbeya Border Market,2025-12-22
SUNFLOWER,56.99,148174.00,Tanga Coastal Exchange,2025-12-22
SUNFLOWER,52.47,136422.00,Tabora Grain Yard,2025-12-22
SUNFLOWER,58.55,152230.00,Kigoma Lake Hub,2025-12-22
COFFEE,74.32,193232.00,Dar Es Salaam Wholesale,2025-12-22
COFFEE,70.75,183950.00,Mwanza Central Hub,2025-12-22
COFFEE,76.57,199082.00,Arusha North Hub,2025-12-22
COFFEE,73.00,189800.00,Dodoma Wholesale Hub,2025-12-22
COFFEE,69.43,180518.00,Mbeya Border Market,2025-12-22
COFFEE,73.81,191906.00,Tanga Coastal Exchange,2025-12-22
COFFEE,68.07,176982.00,Tabora Grain Yard,2025-12-22
COFFEE,76.09,197834.00,Kigoma Lake Hub,2025-12-22
CASHEW,87.59,227734.00,Dar Es Salaam Wholesale,2025-12-22
CASHEW,83.34,216684.00,Mwanza Central Hub,2025-12-22
CASHEW,90.13,234338.00,Arusha North Hub,2025-12-22
CASHEW,85.88,223288.00,Dodoma Wholesale Hub,2025-12-22
CASHEW,81.61,212186.00,Mbeya Border Market,2025-12-22
CASHEW,86.70,225420.00,Tanga Coastal Exchange,2025-12-22
CASHEW,79.89,207714.00,Tabora Grain Yard,2025-12-22
CASHEW,89.22,231972.00,Kigoma Lake Hub,2025-12-22
COCONUT,71.40,185640.00,Dar Es Salaam Wholesale,2025-12-22
COCONUT,67.90,176540.00,Mwanza Central Hub,2025-12-22
COCONUT,73.41,190866.00,Arusha North Hub,2025-12-22
COCONUT,69.92,181792.00,Dodoma Wholesale Hub,2025-12-22
COCONUT,66.44,172744.00,Mbeya Border Market,2025-12-22
COCONUT,70.56,183456.00,Tanga Coastal Exchange,2025-12-22
COCONUT,65.01,169026.00,Tabora Grain Yard,2025-12-22
COCONUT,72.59,188734.00,Kigoma Lake Hub,2025-12-22
MAIZE,47.57,123682.00,Dar Es Salaam Wholesale,2025-12-29
MAIZE,45.27,117702.00,Mwanza Central Hub,2025-12-29
MAIZE,48.99,127374.00,Arusha North Hub,2025-12-29
MAIZE,46.69,121394.00,Dodoma Wholesale Hub,2025-12-29
MAIZE,44.39,115414.00,Mbeya Border Market,2025-12-29
MAIZE,47.18,122668.00,Tanga Coastal Exchange,2025-12-29
MAIZE,43.48,113048.00,Tabora Grain Yard,2025-12-29
MAIZE,48.58,126308.00,Kigoma Lake Hub,2025-12-29
RICE,63.33,164658.00,Dar Es Salaam Wholesale,2025-12-29
RICE,60.20,156520.00,Mwanza Central Hub,2025-12-29
RICE,65.06,169156.00,Arusha North Hub,2025-12-29
RICE,61.95,161070.00,Dodoma Wholesale Hub,2025-12-29
RICE,58.83,152958.00,Mbeya Border Market,2025-12-29
RICE,62.47,162422.00,Tanga Coastal Exchange,2025-12-29
RICE,57.53,149578.00,Tabora Grain Yard,2025-12-29
RICE,64.21,166946.00,Kigoma Lake Hub,2025-12-29
BEANS,75.41,196066.00,Dar Es Salaam Wholesale,2025-12-29
BEANS,71.83,186758.00,Mwanza Central Hub,2025-12-29
BEANS,77.78,202228.00,Arusha North Hub,2025-12-29
BEANS,74.20,192920.00,Dodoma Wholesale Hub,2025-12-29
BEANS,70.60,183560.00,Mbeya Border Market,2025-12-29
BEANS,75.10,195260.00,Tanga Coastal Exchange,2025-12-29
BEANS,69.28,180128.00,Tabora Grain Yard,2025-12-29
BEANS,77.47,201422.00,Kigoma Lake Hub,2025-12-29
WHEAT,50.05,130130.00,Dar Es Salaam Wholesale,2025-12-29
WHEAT,47.55,123630.00,Mwanza Central Hub,2025-12-29
WHEAT,51.36,133536.00,Arusha North Hub,2025-12-29
WHEAT,48.87,127062.00,Dodoma Wholesale Hub,2025-12-29
WHEAT,46.39,120614.00,Mbeya Border Market,2025-12-29
WHEAT,49.22,127972.00,Tanga Coastal Exchange,2025-12-29
WHEAT,45.29,117754.00,Tabora Grain Yard,2025-12-29
WHEAT,50.52,131352.00,Kigoma Lake Hub,2025-12-29
SORGHUM,39.77,103402.00,Dar Es Salaam Wholesale,2025-12-29
SORGHUM,37.90,98540.00,Mwanza Central Hub,2025-12-29
SORGHUM,41.06,106756.00,Arusha North Hub,2025-12-29
SORGHUM,39.19,101894.00,Dodoma Wholesale Hub,2025-12-29
SORGHUM,37.31,97006.00,Mbeya Border Market,2025-12-29
SORGHUM,39.70,103220.00,Tanga Coastal Exchange,2025-12-29
SORGHUM,36.65,95290.00,Tabora Grain Yard,2025-12-29
SORGHUM,41.00,106600.00,Kigoma Lake Hub,2025-12-29
CASSAVA,28.66,74516.00,Dar Es Salaam Wholesale,2025-12-29
CASSAVA,27.23,70798.00,Mwanza Central Hub,2025-12-29
CASSAVA,29.40,76440.00,Arusha North Hub,2025-12-29
CASSAVA,27.97,72722.00,Dodoma Wholesale Hub,2025-12-29
CASSAVA,26.54,69004.00,Mbeya Border Market,2025-12-29
CASSAVA,28.16,73216.00,Tanga Coastal Exchange,2025-12-29
CASSAVA,25.90,67340.00,Tabora Grain Yard,2025-12-29
CASSAVA,28.89,75114.00,Kigoma Lake Hub,2025-12-29
POTATO,33.90,88140.00,Dar Es Salaam Wholesale,2025-12-29
POTATO,32.30,83980.00,Mwanza Central Hub,2025-12-29
POTATO,34.99,90974.00,Arusha North Hub,2025-12-29
POTATO,33.38,86788.00,Dodoma Wholesale Hub,2025-12-29
POTATO,31.78,82628.00,Mbeya Border Market,2025-12-29
POTATO,33.81,87906.00,Tanga Coastal Exchange,2025-12-29
POTATO,31.20,81120.00,Tabora Grain Yard,2025-12-29
POTATO,34.91,90766.00,Kigoma Lake Hub,2025-12-29
GROUNDNUT,78.99,205374.00,Dar Es Salaam Wholesale,2025-12-29
GROUNDNUT,75.07,195182.00,Mwanza Central Hub,2025-12-29
GROUNDNUT,81.11,210886.00,Arusha North Hub,2025-12-29
GROUNDNUT,77.20,200720.00,Dodoma Wholesale Hub,2025-12-29
GROUNDNUT,73.29,190554.00,Mbeya Border Market,2025-12-29
GROUNDNUT,77.78,202228.00,Tanga Coastal Exchange,2025-12-29
GROUNDNUT,71.60,186160.00,Tabora Grain Yard,2025-12-29
GROUNDNUT,79.88,207688.00,Kigoma Lake Hub,2025-12-29
SUNFLOWER,54.62,142012.00,Dar Es Salaam Wholesale,2025-12-29
SUNFLOWER,52.01,135226.00,Mwanza Central Hub,2025-12-29
SUNFLOWER,56.29,146354.00,Arusha North Hub,2025-12-29
SUNFLOWER,53.68,139568.00,Dodoma Wholesale Hub,2025-12-29
SUNFLOWER,51.06,132756.00,Mbeya Border Market,2025-12-29
SUNFLOWER,54.30,141180.00,Tanga Coastal Exchange,2025-12-29
SUNFLOWER,50.08,130208.00,Tabora Grain Yard,2025-12-29
SUNFLOWER,56.00,145600.00,Kigoma Lake Hub,2025-12-29
COFFEE,80.19,208494.00,Dar Es Salaam Wholesale,2025-12-29
COFFEE,76.28,198328.00,Mwanza Central Hub,2025-12-29
COFFEE,82.48,214448.00,Arusha North Hub,2025-12-29
COFFEE,78.57,204282.00,Dodoma Wholesale Hub,2025-12-29
COFFEE,74.66,194116.00,Mbeya Border Market,2025-12-29
COFFEE,79.30,206180.00,Tanga Coastal Exchange,2025-12-29
COFFEE,73.05,189930.00,Tabora Grain Yard,2025-12-29
COFFEE,81.57,212082.00,Kigoma Lake Hub,2025-12-29
CASHEW,81.00,210600.00,Dar Es Salaam Wholesale,2025-12-29
CASHEW,77.05,200330.00,Mwanza Central Hub,2025-12-29
CASHEW,83.32,216632.00,Arusha North Hub,2025-12-29
CASHEW,79.37,206362.00,Dodoma Wholesale Hub,2025-12-29
CASHEW,75.43,196118.00,Mbeya Border Market,2025-12-29
CASHEW,80.13,208338.00,Tanga Coastal Exchange,2025-12-29
CASHEW,73.84,191984.00,Tabora Grain Yard,2025-12-29
CASHEW,82.48,214448.00,Kigoma Lake Hub,2025-12-29
COCONUT,76.44,198744.00,Dar Es Salaam Wholesale,2025-12-29
COCONUT,72.78,189228.00,Mwanza Central Hub,2025-12-29
COCONUT,78.78,204828.00,Arusha North Hub,2025-12-29
COCONUT,75.11,195286.00,Dodoma Wholesale Hub,2025-12-29
COCONUT,71.43,185718.00,Mbeya Border Market,2025-12-29
COCONUT,75.94,197444.00,Tanga Coastal Exchange,2025-12-29
COCONUT,70.03,182078.00,Tabora Grain Yard,2025-12-29
COCONUT,78.26,203476.00,Kigoma Lake Hub,2025-12-29
MAIZE,46.21,120146.00,Dar Es Salaam Wholesale,2026-01-05
MAIZE,43.94,114244.00,Mwanza Central Hub,2026-01-05
MAIZE,47.49,123474.00,Arusha North Hub,2026-01-05
MAIZE,45.23,117598.00,Dodoma Wholesale Hub,2026-01-05
MAIZE,42.96,111696.00,Mbeya Border Market,2026-01-05
MAIZE,45.62,118612.00,Tanga Coastal Exchange,2026-01-05
MAIZE,42.02,109252.00,Tabora Grain Yard,2026-01-05
MAIZE,46.92,121992.00,Kigoma Lake Hub,2026-01-05
RICE,69.14,179764.00,Dar Es Salaam Wholesale,2026-01-05
RICE,65.85,171210.00,Mwanza Central Hub,2026-01-05
RICE,71.29,185354.00,Arusha North Hub,2026-01-05
RICE,68.00,176800.00,Dodoma Wholesale Hub,2026-01-05
RICE,64.69,168194.00,Mbeya Border Market,2026-01-05
RICE,68.80,178880.00,Tanga Coastal Exchange,2026-01-05
RICE,63.46,164996.00,Tabora Grain Yard,2026-01-05
RICE,70.95,184470.00,Kigoma Lake Hub,2026-01-05
BEANS,76.59,199134.00,Dar Es Salaam Wholesale,2026-01-05
BEANS,72.77,189202.00,Mwanza Central Hub,2026-01-05
BEANS,78.60,204360.00,Arusha North Hub,2026-01-05
BEANS,74.80,194480.00,Dodoma Wholesale Hub,2026-01-05
BEANS,71.00,184600.00,Mbeya Border Market,2026-01-05
BEANS,75.34,195884.00,Tanga Coastal Exchange,2026-01-05
BEANS,69.34,180284.00,Tabora Grain Yard,2026-01-05
BEANS,77.36,201136.00,Kigoma Lake Hub,2026-01-05
WHEAT,49.06,127556.00,Dar Es Salaam Wholesale,2026-01-05
WHEAT,46.75,121550.00,Mwanza Central Hub,2026-01-05
WHEAT,50.64,131664.00,Arusha North Hub,2026-01-05
WHEAT,48.33,125658.00,Dodoma Wholesale Hub,2026-01-05
WHEAT,46.01,119626.00,Mbeya Border Market,2026-01-05
WHEAT,48.96,127296.00,Tanga Coastal Exchange,2026-01-05
WHEAT,45.19,117494.00,Tabora Grain Yard,2026-01-05
WHEAT,50.55,131430.00,Kigoma Lake Hub,2026-01-05
SORGHUM,39.34,102284.00,Dar Es Salaam Wholesale,2026-01-05
SORGHUM,37.37,97162.00,Mwanza Central Hub,2026-01-05
SORGHUM,40.35,104910.00,Arusha North Hub,2026-01-05
SORGHUM,38.38,99788.00,Dodoma Wholesale Hub,2026-01-05
SORGHUM,36.42,94692.00,Mbeya Border Market,2026-01-05
SORGHUM,41.86,108836.00,Tanga Coastal Exchange,2026-01-05
SORGHUM,38.52,100152.00,Tabora Grain Yard,2026-01-05
SORGHUM,42.96,111696.00,Kigoma Lake Hub,2026-01-05
CASSAVA,28.84,74984.00,Dar Es Salaam Wholesale,2026-01-05
CASSAVA,27.48,71448.00,Mwanza Central Hub,2026-01-05
CASSAVA,29.77,77402.00,Arusha North Hub,2026-01-05
CASSAVA,28.41,73866.00,Dodoma Wholesale Hub,2026-01-05
CASSAVA,27.04,70304.00,Mbeya Border Market,2026-01-05
CASSAVA,28.78,74828.00,Tanga Coastal Exchange,2026-01-05
CASSAVA,26.56,69056.00,Tabora Grain Yard,2026-01-05
CASSAVA,29.71,77246.00,Kigoma Lake Hub,2026-01-05
POTATO,32.96,85696.00,Dar Es Salaam Wholesale,2026-01-05
POTATO,31.32,81432.00,Mwanza Central Hub,2026-01-05
POTATO,33.84,87984.00,Arusha North Hub,2026-01-05
POTATO,32.20,83720.00,Dodoma Wholesale Hub,2026-01-05
POTATO,30.57,79482.00,Mbeya Border Market,2026-01-05
POTATO,32.44,84344.00,Tanga Coastal Exchange,2026-01-05
POTATO,29.85,77610.00,Tabora Grain Yard,2026-01-05
POTATO,33.30,86580.00,Kigoma Lake Hub,2026-01-05
GROUNDNUT,72.45,188370.00,Dar Es Salaam Wholesale,2026-01-05
GROUNDNUT,69.00,179400.00,Mwanza Central Hub,2026-01-05
GROUNDNUT,74.70,194220.00,Arusha North Hub,2026-01-05
GROUNDNUT,71.24,185224.00,Dodoma Wholesale Hub,2026-01-05
GROUNDNUT,67.78,176228.00,Mbeya Border Market,2026-01-05
GROUNDNUT,72.09,187434.00,Tanga Coastal Exchange,2026-01-05
GROUNDNUT,66.50,172900.00,Tabora Grain Yard,2026-01-05
GROUNDNUT,74.36,193336.00,Kigoma Lake Hub,2026-01-05
SUNFLOWER,56.80,147680.00,Dar Es Salaam Wholesale,2026-01-05
SUNFLOWER,54.02,140452.00,Mwanza Central Hub,2026-01-05
SUNFLOWER,58.40,151840.00,Arusha North Hub,2026-01-05
SUNFLOWER,55.62,144612.00,Dodoma Wholesale Hub,2026-01-05
SUNFLOWER,52.84,137384.00,Mbeya Border Market,2026-01-05
SUNFLOWER,56.11,145886.00,Tanga Coastal Exchange,2026-01-05
SUNFLOWER,51.68,134368.00,Tabora Grain Yard,2026-01-05
SUNFLOWER,57.70,150020.00,Kigoma Lake Hub,2026-01-05
COFFEE,73.27,190502.00,Dar Es Salaam Wholesale,2026-01-05
COFFEE,69.71,181246.00,Mwanza Central Hub,2026-01-05
COFFEE,75.40,196040.00,Arusha North Hub,2026-01-05
COFFEE,71.84,186784.00,Dodoma Wholesale Hub,2026-01-05
COFFEE,68.29,177554.00,Mbeya Border Market,2026-01-05
COFFEE,72.56,188656.00,Tanga Coastal Exchange,2026-01-05
COFFEE,66.88,173888.00,Tabora Grain Yard,2026-01-05
COFFEE,74.71,194246.00,Kigoma Lake Hub,2026-01-05
CASHEW,88.31,229606.00,Dar Es Salaam Wholesale,2026-01-05
CASHEW,84.06,218556.00,Mwanza Central Hub,2026-01-05
CASHEW,90.97,236522.00,Arusha North Hub,2026-01-05
CASHEW,86.72,225472.00,Dodoma Wholesale Hub,2026-01-05
CASHEW,82.46,214396.00,Mbeya Border Market,2026-01-05
CASHEW,87.65,227890.00,Tanga Coastal Exchange,2026-01-05
CASHEW,80.80,210080.00,Tabora Grain Yard,2026-01-05
CASHEW,90.29,234754.00,Kigoma Lake Hub,2026-01-05
COCONUT,74.74,194324.00,Dar Es Salaam Wholesale,2026-01-05
COCONUT,71.04,184704.00,Mwanza Central Hub,2026-01-05
COCONUT,76.76,199576.00,Arusha North Hub,2026-01-05
COCONUT,73.08,190008.00,Dodoma Wholesale Hub,2026-01-05
COCONUT,69.39,180414.00,Mbeya Border Market,2026-01-05
COCONUT,73.67,191542.00,Tanga Coastal Exchange,2026-01-05
COCONUT,67.83,176358.00,Tabora Grain Yard,2026-01-05
COCONUT,75.71,196846.00,Kigoma Lake Hub,2026-01-05
MAIZE,49.05,127530.00,Dar Es Salaam Wholesale,2026-01-12
MAIZE,46.71,121446.00,Mwanza Central Hub,2026-01-12
MAIZE,50.57,131482.00,Arusha North Hub,2026-01-12
MAIZE,48.22,125372.00,Dodoma Wholesale Hub,2026-01-12
MAIZE,45.87,119262.00,Mbeya Border Market,2026-01-12
MAIZE,48.78,126828.00,Tanga Coastal Exchange,2026-01-12
MAIZE,44.98,116948.00,Tabora Grain Yard,2026-01-12
MAIZE,50.28,130728.00,Kigoma Lake Hub,2026-01-12
RICE,67.22,174772.00,Dar Es Salaam Wholesale,2026-01-12
RICE,63.88,166088.00,Mwanza Central Hub,2026-01-12
RICE,69.01,179426.00,Arusha North Hub,2026-01-12
RICE,65.67,170742.00,Dodoma Wholesale Hub,2026-01-12
RICE,62.35,162110.00,Mbeya Border Market,2026-01-12
RICE,66.17,172042.00,Tanga Coastal Exchange,2026-01-12
RICE,60.91,158366.00,Tabora Grain Yard,2026-01-12
RICE,67.96,176696.00,Kigoma Lake Hub,2026-01-12
BEANS,75.76,196976.00,Dar Es Salaam Wholesale,2026-01-12
BEANS,72.19,187694.00,Mwanza Central Hub,2026-01-12
BEANS,78.20,203320.00,Arusha North Hub,2026-01-12
BEANS,74.62,194012.00,Dodoma Wholesale Hub,2026-01-12
BEANS,71.03,184678.00,Mbeya Border Market,2026-01-12
BEANS,75.58,196508.00,Tanga Coastal Exchange,2026-01-12
BEANS,69.75,181350.00,Tabora Grain Yard,2026-01-12
BEANS,78.02,202852.00,Kigoma Lake Hub,2026-01-12
WHEAT,52.00,135200.00,Dar Es Salaam Wholesale,2026-01-12
WHEAT,49.40,128440.00,Mwanza Central Hub,2026-01-12
WHEAT,53.35,138710.00,Arusha North Hub,2026-01-12
WHEAT,50.76,131976.00,Dodoma Wholesale Hub,2026-01-12
WHEAT,48.17,125242.00,Mbeya Border Market,2026-01-12
WHEAT,51.10,132860.00,Tanga Coastal Exchange,2026-01-12
WHEAT,47.02,122252.00,Tabora Grain Yard,2026-01-12
WHEAT,52.44,136344.00,Kigoma Lake Hub,2026-01-12
SORGHUM,41.53,107978.00,Dar Es Salaam Wholesale,2026-01-12
SORGHUM,39.58,102908.00,Mwanza Central Hub,2026-01-12
SORGHUM,42.87,111462.00,Arusha North Hub,2026-01-12
SORGHUM,40.91,106366.00,Dodoma Wholesale Hub,2026-01-12
SORGHUM,38.95,101270.00,Mbeya Border Market,2026-01-12
SORGHUM,41.44,107744.00,Tanga Coastal Exchange,2026-01-12
SORGHUM,38.25,99450.00,Tabora Grain Yard,2026-01-12
SORGHUM,42.79,111254.00,Kigoma Lake Hub,2026-01-12
CASSAVA,28.66,74516.00,Dar Es Salaam Wholesale,2026-01-12
CASSAVA,27.23,70798.00,Mwanza Central Hub,2026-01-12
CASSAVA,29.41,76466.00,Arusha North Hub,2026-01-12
CASSAVA,27.99,72774.00,Dodoma Wholesale Hub,2026-01-12
CASSAVA,26.57,69082.00,Mbeya Border Market,2026-01-12
CASSAVA,28.19,73294.00,Tanga Coastal Exchange,2026-01-12
CASSAVA,25.94,67444.00,Tabora Grain Yard,2026-01-12
CASSAVA,28.93,75218.00,Kigoma Lake Hub,2026-01-12
POTATO,31.93,83018.00,Dar Es Salaam Wholesale,2026-01-12
POTATO,30.41,79066.00,Mwanza Central Hub,2026-01-12
POTATO,32.93,85618.00,Arusha North Hub,2026-01-12
POTATO,31.41,81666.00,Dodoma Wholesale Hub,2026-01-12
POTATO,29.89,77714.00,Mbeya Border Market,2026-01-12
POTATO,31.79,82654.00,Tanga Coastal Exchange,2026-01-12
POTATO,29.33,76258.00,Tabora Grain Yard,2026-01-12
POTATO,32.81,85306.00,Kigoma Lake Hub,2026-01-12
GROUNDNUT,77.06,200356.00,Dar Es Salaam Wholesale,2026-01-12
GROUNDNUT,73.28,190528.00,Mwanza Central Hub,2026-01-12
GROUNDNUT,79.21,205946.00,Arusha North Hub,2026-01-12
GROUNDNUT,75.42,196092.00,Dodoma Wholesale Hub,2026-01-12
GROUNDNUT,71.64,186264.00,Mbeya Border Market,2026-01-12
GROUNDNUT,76.06,197756.00,Tanga Coastal Exchange,2026-01-12
GROUNDNUT,70.04,182104.00,Tabora Grain Yard,2026-01-12
GROUNDNUT,78.18,203268.00,Kigoma Lake Hub,2026-01-12
SUNFLOWER,52.62,136812.00,Dar Es Salaam Wholesale,2026-01-12
SUNFLOWER,50.07,130182.00,Mwanza Central Hub,2026-01-12
SUNFLOWER,54.17,140842.00,Arusha North Hub,2026-01-12
SUNFLOWER,51.63,134238.00,Dodoma Wholesale Hub,2026-01-12
SUNFLOWER,49.08,127608.00,Mbeya Border Market,2026-01-12
SUNFLOWER,52.17,135642.00,Tanga Coastal Exchange,2026-01-12
SUNFLOWER,48.09,125034.00,Tabora Grain Yard,2026-01-12
SUNFLOWER,53.74,139724.00,Kigoma Lake Hub,2026-01-12
COFFEE,79.27,206102.00,Dar Es Salaam Wholesale,2026-01-12
COFFEE,75.44,196144.00,Mwanza Central Hub,2026-01-12
COFFEE,81.63,212238.00,Arusha North Hub,2026-01-12
COFFEE,77.80,202280.00,Dodoma Wholesale Hub,2026-01-12
COFFEE,73.96,192296.00,Mbeya Border Market,2026-01-12
COFFEE,78.60,204360.00,Tanga Coastal Exchange,2026-01-12
COFFEE,72.45,188370.00,Tabora Grain Yard,2026-01-12
COFFEE,80.94,210444.00,Kigoma Lake Hub,2026-01-12
CASHEW,82.87,215462.00,Dar Es Salaam Wholesale,2026-01-12
CASHEW,78.79,204854.00,Mwanza Central Hub,2026-01-12
CASHEW,85.15,221390.00,Arusha North Hub,2026-01-12
CASHEW,81.07,210782.00,Dodoma Wholesale Hub,2026-01-12
CASHEW,77.01,200226.00,Mbeya Border Market,2026-01-12
CASHEW,81.76,212576.00,Tanga Coastal Exchange,2026-01-12
CASHEW,75.30,195780.00,Tabora Grain Yard,2026-01-12
CASHEW,84.06,218556.00,Kigoma Lake Hub,2026-01-12
COCONUT,77.62,201812.00,Dar Es Salaam Wholesale,2026-01-12
COCONUT,73.94,192244.00,Mwanza Central Hub,2026-01-12
COCONUT,80.07,208182.00,Arusha North Hub,2026-01-12
COCONUT,76.37,198562.00,Dodoma Wholesale Hub,2026-01-12
COCONUT,72.67,188942.00,Mbeya Border Market,2026-01-12
COCONUT,77.30,200980.00,Tanga Coastal Exchange,2026-01-12
COCONUT,71.31,185406.00,Tabora Grain Yard,2026-01-12
COCONUT,79.73,207298.00,Kigoma Lake Hub,2026-01-12
MAIZE,47.03,122278.00,Dar Es Salaam Wholesale,2026-01-19
MAIZE,44.70,116220.00,Mwanza Central Hub,2026-01-19
MAIZE,48.29,125554.00,Arusha North Hub,2026-01-19
MAIZE,45.97,119522.00,Dodoma Wholesale Hub,2026-01-19
MAIZE,43.64,113464.00,Mbeya Border Market,2026-01-19
MAIZE,46.32,120432.00,Tanga Coastal Exchange,2026-01-19
MAIZE,42.65,110890.00,Tabora Grain Yard,2026-01-19
MAIZE,47.59,123734.00,Kigoma Lake Hub,2026-01-19
RICE,67.71,176046.00,Dar Es Salaam Wholesale,2026-01-19
RICE,64.51,167726.00,Mwanza Central Hub,2026-01-19
RICE,69.88,181688.00,Arusha North Hub,2026-01-19
RICE,66.67,173342.00,Dodoma Wholesale Hub,2026-01-19
RICE,63.46,164996.00,Mbeya Border Market,2026-01-19
RICE,67.51,175526.00,Tanga Coastal Exchange,2026-01-19
RICE,62.30,161980.00,Tabora Grain Yard,2026-01-19
RICE,69.68,181168.00,Kigoma Lake Hub,2026-01-19
BEANS,78.71,204646.00,Dar Es Salaam Wholesale,2026-01-19
BEANS,74.78,194428.00,Mwanza Central Hub,2026-01-19
BEANS,80.76,209976.00,Arusha North Hub,2026-01-19
BEANS,76.83,199758.00,Dodoma Wholesale Hub,2026-01-19
BEANS,72.92,189592.00,Mbeya Border Market,2026-01-19
BEANS,77.36,201136.00,Tanga Coastal Exchange,2026-01-19
BEANS,71.19,185094.00,Tabora Grain Yard,2026-01-19
BEANS,79.40,206440.00,Kigoma Lake Hub,2026-01-19
WHEAT,51.72,134472.00,Dar Es Salaam Wholesale,2026-01-19
WHEAT,49.28,128128.00,Mwanza Central Hub,2026-01-19
WHEAT,53.39,138814.00,Arusha North Hub,2026-01-19
WHEAT,50.95,132470.00,Dodoma Wholesale Hub,2026-01-19
WHEAT,48.50,126100.00,Mbeya Border Market,2026-01-19
WHEAT,51.61,134186.00,Tanga Coastal Exchange,2026-01-19
WHEAT,47.63,123838.00,Tabora Grain Yard,2026-01-19
WHEAT,49.19,127894.00,Kigoma Lake Hub,2026-01-19
SORGHUM,40.50,105300.00,Dar Es Salaam Wholesale,2026-01-19
SORGHUM,38.48,100048.00,Mwanza Central Hub,2026-01-19
SORGHUM,41.56,108056.00,Arusha North Hub,2026-01-19
SORGHUM,39.54,102804.00,Dodoma Wholesale Hub,2026-01-19
SORGHUM,37.53,97578.00,Mbeya Border Market,2026-01-19
SORGHUM,39.81,103506.00,Tanga Coastal Exchange,2026-01-19
SORGHUM,36.63,95238.00,Tabora Grain Yard,2026-01-19
SORGHUM,40.86,106236.00,Kigoma Lake Hub,2026-01-19
CASSAVA,28.20,73320.00,Dar Es Salaam Wholesale,2026-01-19
CASSAVA,26.86,69836.00,Mwanza Central Hub,2026-01-19
CASSAVA,29.09,75634.00,Arusha North Hub,2026-01-19
CASSAVA,27.75,72150.00,Dodoma Wholesale Hub,2026-01-19
CASSAVA,26.41,68666.00,Mbeya Border Market,2026-01-19
CASSAVA,28.10,73060.00,Tanga Coastal Exchange,2026-01-19
CASSAVA,25.93,67418.00,Tabora Grain Yard,2026-01-19
CASSAVA,29.00,75400.00,Kigoma Lake Hub,2026-01-19
POTATO,33.60,87360.00,Dar Es Salaam Wholesale,2026-01-19
POTATO,31.94,83044.00,Mwanza Central Hub,2026-01-19
POTATO,34.52,89752.00,Arusha North Hub,2026-01-19
POTATO,32.87,85462.00,Dodoma Wholesale Hub,2026-01-19
POTATO,31.21,81146.00,Mbeya Border Market,2026-01-19
POTATO,33.13,86138.00,Tanga Coastal Exchange,2026-01-19
POTATO,30.51,79326.00,Tabora Grain Yard,2026-01-19
POTATO,34.04,88504.00,Kigoma Lake Hub,2026-01-19
GROUNDNUT,71.73,186498.00,Dar Es Salaam Wholesale,2026-01-19
GROUNDNUT,68.28,177528.00,Mwanza Central Hub,2026-01-19
GROUNDNUT,73.88,192088.00,Arusha North Hub,2026-01-19
GROUNDNUT,70.43,183118.00,Dodoma Wholesale Hub,2026-01-19
GROUNDNUT,66.97,174122.00,Mbeya Border Market,2026-01-19
GROUNDNUT,71.19,185094.00,Tanga Coastal Exchange,2026-01-19
GROUNDNUT,65.64,170664.00,Tabora Grain Yard,2026-01-19
GROUNDNUT,73.37,190762.00,Kigoma Lake Hub,2026-01-19
SUNFLOWER,57.00,148200.00,Dar Es Salaam Wholesale,2026-01-19
SUNFLOWER,54.24,141024.00,Mwanza Central Hub,2026-01-19
SUNFLOWER,58.67,152542.00,Arusha North Hub,2026-01-19
SUNFLOWER,55.91,145366.00,Dodoma Wholesale Hub,2026-01-19
SUNFLOWER,53.14,138164.00,Mbeya Border Market,2026-01-19
SUNFLOWER,56.47,146822.00,Tanga Coastal Exchange,2026-01-19
SUNFLOWER,52.04,135304.00,Tabora Grain Yard,2026-01-19
SUNFLOWER,58.12,151112.00,Kigoma Lake Hub,2026-01-19
COFFEE,73.83,191958.00,Dar Es Salaam Wholesale,2026-01-19
COFFEE,70.20,182520.00,Mwanza Central Hub,2026-01-19
COFFEE,75.89,197314.00,Arusha North Hub,2026-01-19
COFFEE,72.27,187902.00,Dodoma Wholesale Hub,2026-01-19
COFFEE,68.65,178490.00,Mbeya Border Market,2026-01-19
COFFEE,72.91,189566.00,Tanga Coastal Exchange,2026-01-19
COFFEE,67.16,174616.00,Tabora Grain Yard,2026-01-19
COFFEE,74.98,194948.00,Kigoma Lake Hub,2026-01-19
CASHEW,87.20,226720.00,Dar Es Salaam Wholesale,2026-01-19
CASHEW,83.05,215930.00,Mwanza Central Hub,2026-01-19
CASHEW,89.92,233792.00,Arusha North Hub,2026-01-19
CASHEW,85.76,222976.00,Dodoma Wholesale Hub,2026-01-19
CASHEW,81.59,212134.00,Mbeya Border Market,2026-01-19
CASHEW,86.76,225576.00,Tanga Coastal Exchange,2026-01-19
CASHEW,80.03,208078.00,Tabora Grain Yard,2026-01-19
CASHEW,89.47,232622.00,Kigoma Lake Hub,2026-01-19
COCONUT,76.43,198718.00,Dar Es Salaam Wholesale,2026-01-19
COCONUT,72.63,188838.00,Mwanza Central Hub,2026-01-19
COCONUT,78.45,203970.00,Arusha North Hub,2026-01-19
COCONUT,74.65,194090.00,Dodoma Wholesale Hub,2026-01-19
COCONUT,70.86,184236.00,Mbeya Border Market,2026-01-19
COCONUT,75.20,195520.00,Tanga Coastal Exchange,2026-01-19
COCONUT,69.21,179946.00,Tabora Grain Yard,2026-01-19
COCONUT,77.21,200746.00,Kigoma Lake Hub,2026-01-19
MAIZE,48.17,125242.00,Dar Es Salaam Wholesale,2026-01-26
MAIZE,45.89,119314.00,Mwanza Central Hub,2026-01-26
MAIZE,49.69,129194.00,Arusha North Hub,2026-01-26
MAIZE,47.41,123266.00,Dodoma Wholesale Hub,2026-01-26
MAIZE,45.12,117312.00,Mbeya Border Market,2026-01-26
MAIZE,47.99,124774.00,Tanga Coastal Exchange,2026-01-26
MAIZE,44.28,115128.00,Tabora Grain Yard,2026-01-26
MAIZE,49.52,128752.00,Kigoma Lake Hub,2026-01-26
RICE,69.00,179400.00,Dar Es Salaam Wholesale,2026-01-26
RICE,65.56,170456.00,Mwanza Central Hub,2026-01-26
RICE,70.80,184080.00,Arusha North Hub,2026-01-26
RICE,67.36,175136.00,Dodoma Wholesale Hub,2026-01-26
RICE,63.94,166244.00,Mbeya Border Market,2026-01-26
RICE,67.83,176358.00,Tanga Coastal Exchange,2026-01-26
RICE,62.42,162292.00,Tabora Grain Yard,2026-01-26
RICE,69.63,181038.00,Kigoma Lake Hub,2026-01-26
BEANS,73.72,191672.00,Dar Es Salaam Wholesale,2026-01-26
BEANS,70.26,182676.00,Mwanza Central Hub,2026-01-26
BEANS,76.12,197912.00,Arusha North Hub,2026-01-26
BEANS,72.65,188890.00,Dodoma Wholesale Hub,2026-01-26
BEANS,69.16,179816.00,Mbeya Border Market,2026-01-26
BEANS,73.61,191386.00,Tanga Coastal Exchange,2026-01-26
BEANS,67.94,176644.00,Tabora Grain Yard,2026-01-26
BEANS,76.02,197652.00,Kigoma Lake Hub,2026-01-26
WHEAT,49.45,128570.00,Dar Es Salaam Wholesale,2026-01-26
WHEAT,46.98,122148.00,Mwanza Central Hub,2026-01-26
WHEAT,50.73,131898.00,Arusha North Hub,2026-01-26
WHEAT,48.27,125502.00,Dodoma Wholesale Hub,2026-01-26
WHEAT,45.80,119080.00,Mbeya Border Market,2026-01-26
WHEAT,48.59,126334.00,Tanga Coastal Exchange,2026-01-26
WHEAT,44.71,116246.00,Tabora Grain Yard,2026-01-26
WHEAT,49.86,129636.00,Kigoma Lake Hub,2026-01-26
SORGHUM,40.54,105404.00,Dar Es Salaam Wholesale,2026-01-26
SORGHUM,38.62,100412.00,Mwanza Central Hub,2026-01-26
SORGHUM,41.83,108758.00,Arusha North Hub,2026-01-26
SORGHUM,39.91,103766.00,Dodoma Wholesale Hub,2026-01-26
SORGHUM,37.99,98774.00,Mbeya Border Market,2026-01-26
SORGHUM,40.42,105092.00,Tanga Coastal Exchange,2026-01-26
SORGHUM,37.30,96980.00,Tabora Grain Yard,2026-01-26
SORGHUM,41.72,108472.00,Kigoma Lake Hub,2026-01-26
CASSAVA,29.29,76154.00,Dar Es Salaam Wholesale,2026-01-26
CASSAVA,27.84,72384.00,Mwanza Central Hub,2026-01-26
CASSAVA,30.09,78234.00,Arusha North Hub,2026-01-26
CASSAVA,28.64,74464.00,Dodoma Wholesale Hub,2026-01-26
CASSAVA,27.19,70694.00,Mbeya Border Market,2026-01-26
CASSAVA,28.86,75036.00,Tanga Coastal Exchange,2026-01-26
CASSAVA,26.57,69082.00,Tabora Grain Yard,2026-01-26
CASSAVA,29.65,77090.00,Kigoma Lake Hub,2026-01-26
POTATO,31.51,81926.00,Dar Es Salaam Wholesale,2026-01-26
POTATO,29.99,77974.00,Mwanza Central Hub,2026-01-26
POTATO,32.46,84396.00,Arusha North Hub,2026-01-26
POTATO,30.95,80470.00,Dodoma Wholesale Hub,2026-01-26
POTATO,29.44,76544.00,Mbeya Border Market,2026-01-26
POTATO,31.30,81380.00,Tanga Coastal Exchange,2026-01-26
POTATO,28.87,75062.00,Tabora Grain Yard,2026-01-26
POTATO,32.27,83902.00,Kigoma Lake Hub,2026-01-26
GROUNDNUT,77.61,201786.00,Dar Es Salaam Wholesale,2026-01-26
GROUNDNUT,73.83,191958.00,Mwanza Central Hub,2026-01-26
GROUNDNUT,79.85,207610.00,Arusha North Hub,2026-01-26
GROUNDNUT,76.08,197808.00,Dodoma Wholesale Hub,2026-01-26
GROUNDNUT,72.30,187980.00,Mbeya Border Market,2026-01-26
GROUNDNUT,76.80,199680.00,Tanga Coastal Exchange,2026-01-26
GROUNDNUT,70.76,183976.00,Tabora Grain Yard,2026-01-26
GROUNDNUT,79.02,205452.00,Kigoma Lake Hub,2026-01-26
SUNFLOWER,52.82,137332.00,Dar Es Salaam Wholesale,2026-01-26
SUNFLOWER,50.24,130624.00,Mwanza Central Hub,2026-01-26
SUNFLOWER,54.32,141232.00,Arusha North Hub,2026-01-26
SUNFLOWER,51.74,134524.00,Dodoma Wholesale Hub,2026-01-26
SUNFLOWER,49.16,127816.00,Mbeya Border Market,2026-01-26
SUNFLOWER,52.22,135772.00,Tanga Coastal Exchange,2026-01-26
SUNFLOWER,48.11,125086.00,Tabora Grain Yard,2026-01-26
SUNFLOWER,53.73,139698.00,Kigoma Lake Hub,2026-01-26
COFFEE,78.53,204178.00,Dar Es Salaam Wholesale,2026-01-26
COFFEE,74.78,194428.00,Mwanza Central Hub,2026-01-26
COFFEE,80.95,210470.00,Arusha North Hub,2026-01-26
COFFEE,77.19,200694.00,Dodoma Wholesale Hub,2026-01-26
COFFEE,73.42,190892.00,Mbeya Border Market,2026-01-26
COFFEE,78.07,202982.00,Tanga Coastal Exchange,2026-01-26
COFFEE,71.99,187174.00,Tabora Grain Yard,2026-01-26
COFFEE,80.47,209222.00,Kigoma Lake Hub,2026-01-26
CASHEW,84.54,219804.00,Dar Es Salaam Wholesale,2026-01-26
CASHEW,80.34,208884.00,Mwanza Central Hub,2026-01-26
CASHEW,86.79,225654.00,Arusha North Hub,2026-01-26
CASHEW,82.60,214760.00,Dodoma Wholesale Hub,2026-01-26
CASHEW,78.42,203892.00,Mbeya Border Market,2026-01-26
CASHEW,83.22,216372.00,Tanga Coastal Exchange,2026-01-26
CASHEW,76.61,199186.00,Tabora Grain Yard,2026-01-26
CASHEW,85.48,222248.00,Kigoma Lake Hub,2026-01-26
COCONUT,75.88,197288.00,Dar Es Salaam Wholesale,2026-01-26
COCONUT,72.31,188006.00,Mwanza Central Hub,2026-01-26
COCONUT,78.32,203632.00,Arusha North Hub,2026-01-26
COCONUT,74.74,194324.00,Dodoma Wholesale Hub,2026-01-26
COCONUT,71.14,184964.00,Mbeya Border Market,2026-01-26
COCONUT,75.69,196794.00,Tanga Coastal Exchange,2026-01-26
COCONUT,69.85,181610.00,Tabora Grain Yard,2026-01-26
COCONUT,78.14,203164.00,Kigoma Lake Hub,2026-01-26
MAIZE,50.12,130312.00,Dar Es Salaam Wholesale,2026-02-02
MAIZE,47.62,123812.00,Mwanza Central Hub,2026-02-02
MAIZE,51.44,133744.00,Arusha North Hub,2026-02-02
MAIZE,48.94,127244.00,Dodoma Wholesale Hub,2026-02-02
MAIZE,46.45,120770.00,Mbeya Border Market,2026-02-02
MAIZE,49.29,128154.00,Tanga Coastal Exchange,2026-02-02
MAIZE,45.36,117936.00,Tabora Grain Yard,2026-02-02
MAIZE,50.60,131560.00,Kigoma Lake Hub,2026-02-02
RICE,67.82,176332.00,Dar Es Salaam Wholesale,2026-02-02
RICE,64.63,168038.00,Mwanza Central Hub,2026-02-02
RICE,70.02,182052.00,Arusha North Hub,2026-02-02
RICE,66.83,173758.00,Dodoma Wholesale Hub,2026-02-02
RICE,63.62,165412.00,Mbeya Border Market,2026-02-02
RICE,67.70,176020.00,Tanga Coastal Exchange,2026-02-02
RICE,62.49,162474.00,Tabora Grain Yard,2026-02-02
RICE,69.91,181766.00,Kigoma Lake Hub,2026-02-02
BEANS,75.59,196534.00,Dar Es Salaam Wholesale,2026-02-02
BEANS,71.80,186680.00,Mwanza Central Hub,2026-02-02
BEANS,77.54,201604.00,Arusha North Hub,2026-02-02
BEANS,73.76,191776.00,Dodoma Wholesale Hub,2026-02-02
BEANS,69.99,181974.00,Mbeya Border Market,2026-02-02
BEANS,74.25,193050.00,Tanga Coastal Exchange,2026-02-02
BEANS,68.31,177606.00,Tabora Grain Yard,2026-02-02
BEANS,76.18,198068.00,Kigoma Lake Hub,2026-02-02
WHEAT,49.92,129792.00,Dar Es Salaam Wholesale,2026-02-02
WHEAT,47.57,123682.00,Mwanza Central Hub,2026-02-02
WHEAT,51.52,133952.00,Arusha North Hub,2026-02-02
WHEAT,49.16,127816.00,Dodoma Wholesale Hub,2026-02-02
WHEAT,46.80,121680.00,Mbeya Border Market,2026-02-02
WHEAT,49.80,129480.00,Tanga Coastal Exchange,2026-02-02
WHEAT,45.96,119496.00,Tabora Grain Yard,2026-02-02
WHEAT,51.41,133666.00,Kigoma Lake Hub,2026-02-02
SORGHUM,40.36,104936.00,Dar Es Salaam Wholesale,2026-02-02
SORGHUM,38.36,99736.00,Mwanza Central Hub,2026-02-02
SORGHUM,41.44,107744.00,Arusha North Hub,2026-02-02
SORGHUM,39.44,102544.00,Dodoma Wholesale Hub,2026-02-02
SORGHUM,37.44,97344.00,Mbeya Border Market,2026-02-02
SORGHUM,39.74,103324.00,Tanga Coastal Exchange,2026-02-02
SORGHUM,36.58,95108.00,Tabora Grain Yard,2026-02-02
SORGHUM,40.80,106080.00,Kigoma Lake Hub,2026-02-02
CASSAVA,26.67,69342.00,Dar Es Salaam Wholesale,2026-02-02
CASSAVA,25.40,66040.00,Mwanza Central Hub,2026-02-02
CASSAVA,27.49,71474.00,Arusha North Hub,2026-02-02
CASSAVA,26.22,68172.00,Dodoma Wholesale Hub,2026-02-02
CASSAVA,24.94,64844.00,Mbeya Border Market,2026-02-02
CASSAVA,26.52,68952.00,Tanga Coastal Exchange,2026-02-02
CASSAVA,24.46,63596.00,Tabora Grain Yard,2026-02-02
CASSAVA,27.35,71110.00,Kigoma Lake Hub,2026-02-02
POTATO,32.59,84734.00,Dar Es Salaam Wholesale,2026-02-02
POTATO,31.00,80600.00,Mwanza Central Hub,2026-02-02
POTATO,33.52,87152.00,Arusha North Hub,2026-02-02
POTATO,31.93,83018.00,Dodoma Wholesale Hub,2026-02-02
POTATO,30.34,78884.00,Mbeya Border Market,2026-02-02
POTATO,32.22,83772.00,Tanga Coastal Exchange,2026-02-02
POTATO,29.68,77168.00,Tabora Grain Yard,2026-02-02
POTATO,33.14,86164.00,Kigoma Lake Hub,2026-02-02
GROUNDNUT,69.56,180856.00,Dar Es Salaam Wholesale,2026-02-02
GROUNDNUT,66.16,172016.00,Mwanza Central Hub,2026-02-02
GROUNDNUT,71.55,186030.00,Arusha North Hub,2026-02-02
GROUNDNUT,68.17,177242.00,Dodoma Wholesale Hub,2026-02-02
GROUNDNUT,64.79,168454.00,Mbeya Border Market,2026-02-02
GROUNDNUT,68.83,178958.00,Tanga Coastal Exchange,2026-02-02
GROUNDNUT,63.43,164918.00,Tabora Grain Yard,2026-02-02
GROUNDNUT,70.85,184210.00,Kigoma Lake Hub,2026-02-02
SUNFLOWER,56.01,145626.00,Dar Es Salaam Wholesale,2026-02-02
SUNFLOWER,53.32,138632.00,Mwanza Central Hub,2026-02-02
SUNFLOWER,57.71,150046.00,Arusha North Hub,2026-02-02
SUNFLOWER,55.02,143052.00,Dodoma Wholesale Hub,2026-02-02
SUNFLOWER,52.33,136058.00,Mbeya Border Market,2026-02-02
SUNFLOWER,55.63,144638.00,Tanga Coastal Exchange,2026-02-02
SUNFLOWER,51.29,133354.00,Tabora Grain Yard,2026-02-02
SUNFLOWER,57.32,149032.00,Kigoma Lake Hub,2026-02-02
COFFEE,75.97,197522.00,Dar Es Salaam Wholesale,2026-02-02
COFFEE,72.21,187746.00,Mwanza Central Hub,2026-02-02
COFFEE,78.02,202852.00,Arusha North Hub,2026-02-02
COFFEE,74.26,193076.00,Dodoma Wholesale Hub,2026-02-02
COFFEE,70.51,183326.00,Mbeya Border Market,2026-02-02
COFFEE,74.84,194584.00,Tanga Coastal Exchange,2026-02-02
COFFEE,68.91,179166.00,Tabora Grain Yard,2026-02-02
COFFEE,76.90,199940.00,Kigoma Lake Hub,2026-02-02
CASHEW,88.13,229138.00,Dar Es Salaam Wholesale,2026-02-02
CASHEW,83.97,218322.00,Mwanza Central Hub,2026-02-02
CASHEW,90.95,236470.00,Arusha North Hub,2026-02-02
CASHEW,86.77,225602.00,Dodoma Wholesale Hub,2026-02-02
CASHEW,82.59,214734.00,Mbeya Border Market,2026-02-02
CASHEW,87.86,228436.00,Tanga Coastal Exchange,2026-02-02
CASHEW,81.08,210808.00,Tabora Grain Yard,2026-02-02
CASHEW,90.68,235768.00,Kigoma Lake Hub,2026-02-02
COCONUT,81.81,212706.00,Dar Es Salaam Wholesale,2026-02-02
COCONUT,77.72,202072.00,Mwanza Central Hub,2026-02-02
COCONUT,83.94,218244.00,Arusha North Hub,2026-02-02
COCONUT,79.86,207636.00,Dodoma Wholesale Hub,2026-02-02
COCONUT,75.79,197054.00,Mbeya Border Market,2026-02-02
COCONUT,80.41,209066.00,Tanga Coastal Exchange,2026-02-02
COCONUT,73.99,192374.00,Tabora Grain Yard,2026-02-02
COCONUT,82.53,214578.00,Kigoma Lake Hub,2026-02-02
MAIZE,48.88,127088.00,Dar Es Salaam Wholesale,2026-02-09
MAIZE,46.58,121108.00,Mwanza Central Hub,2026-02-09
MAIZE,50.46,131196.00,Arusha North Hub,2026-02-09
MAIZE,48.15,125190.00,Dodoma Wholesale Hub,2026-02-09
MAIZE,45.84,119184.00,Mbeya Border Market,2026-02-09
MAIZE,48.78,126828.00,Tanga Coastal Exchange,2026-02-09
MAIZE,45.02,117052.00,Tabora Grain Yard,2026-02-09
MAIZE,50.36,130936.00,Kigoma Lake Hub,2026-02-09
RICE,67.40,175240.00,Dar Es Salaam Wholesale,2026-02-09
RICE,64.02,166452.00,Mwanza Central Hub,2026-02-09
RICE,69.13,179738.00,Arusha North Hub,2026-02-09
RICE,71.25,185250.00,Dodoma Wholesale Hub,2026-02-09
RICE,67.62,175812.00,Mbeya Border Market,2026-02-09
RICE,71.73,186498.00,Tanga Coastal Exchange,2026-02-09
RICE,66.01,171626.00,Tabora Grain Yard,2026-02-09
RICE,73.62,191412.00,Kigoma Lake Hub,2026-02-09
BEANS,78.60,204360.00,Dar Es Salaam Wholesale,2026-02-09
BEANS,74.89,194714.00,Mwanza Central Hub,2026-02-09
BEANS,81.13,210938.00,Arusha North Hub,2026-02-09
BEANS,77.42,201292.00,Dodoma Wholesale Hub,2026-02-09
BEANS,73.70,191620.00,Mbeya Border Market,2026-02-09
BEANS,78.42,203892.00,Tanga Coastal Exchange,2026-02-09
BEANS,72.38,188188.00,Tabora Grain Yard,2026-02-09
BEANS,80.97,210522.00,Kigoma Lake Hub,2026-02-09
WHEAT,50.27,130702.00,Dar Es Salaam Wholesale,2026-02-09
WHEAT,47.77,124202.00,Mwanza Central Hub,2026-02-09
WHEAT,51.60,134160.00,Arusha North Hub,2026-02-09
WHEAT,49.10,127660.00,Dodoma Wholesale Hub,2026-02-09
WHEAT,46.61,121186.00,Mbeya Border Market,2026-02-09
WHEAT,49.46,128596.00,Tanga Coastal Exchange,2026-02-09
WHEAT,45.52,118352.00,Tabora Grain Yard,2026-02-09
WHEAT,50.78,132028.00,Kigoma Lake Hub,2026-02-09
SORGHUM,38.69,100594.00,Dar Es Salaam Wholesale,2026-02-09
SORGHUM,36.84,95784.00,Mwanza Central Hub,2026-02-09
SORGHUM,39.89,103714.00,Arusha North Hub,2026-02-09
SORGHUM,38.05,98930.00,Dodoma Wholesale Hub,2026-02-09
SORGHUM,36.20,94120.00,Mbeya Border Market,2026-02-09
SORGHUM,38.50,100100.00,Tanga Coastal Exchange,2026-02-09
SORGHUM,35.52,92352.00,Tabora Grain Yard,2026-02-09
SORGHUM,39.72,103272.00,Kigoma Lake Hub,2026-02-09
CASSAVA,28.55,74230.00,Dar Es Salaam Wholesale,2026-02-09
CASSAVA,27.16,70616.00,Mwanza Central Hub,2026-02-09
CASSAVA,29.36,76336.00,Arusha North Hub,2026-02-09
CASSAVA,27.96,72696.00,Dodoma Wholesale Hub,2026-02-09
CASSAVA,26.56,69056.00,Mbeya Border Market,2026-02-09
CASSAVA,28.20,73320.00,Tanga Coastal Exchange,2026-02-09
CASSAVA,25.98,67548.00,Tabora Grain Yard,2026-02-09
CASSAVA,29.00,75400.00,Kigoma Lake Hub,2026-02-09
POTATO,30.14,78364.00,Dar Es Salaam Wholesale,2026-02-09
POTATO,28.67,74542.00,Mwanza Central Hub,2026-02-09
POTATO,31.02,80652.00,Arusha North Hub,2026-02-09
POTATO,29.55,76830.00,Dodoma Wholesale Hub,2026-02-09
POTATO,28.09,73034.00,Mbeya Border Market,2026-02-09
POTATO,29.85,77610.00,Tanga Coastal Exchange,2026-02-09
POTATO,27.52,71552.00,Tabora Grain Yard,2026-02-09
POTATO,30.74,79924.00,Kigoma Lake Hub,2026-02-09
GROUNDNUT,75.05,195130.00,Dar Es Salaam Wholesale,2026-02-09
GROUNDNUT,71.44,185744.00,Mwanza Central Hub,2026-02-09
GROUNDNUT,77.30,200980.00,Arusha North Hub,2026-02-09
GROUNDNUT,73.69,191594.00,Dodoma Wholesale Hub,2026-02-09
GROUNDNUT,70.06,182156.00,Mbeya Border Market,2026-02-09
GROUNDNUT,74.47,193622.00,Tanga Coastal Exchange,2026-02-09
GROUNDNUT,68.65,178490.00,Tabora Grain Yard,2026-02-09
GROUNDNUT,76.71,199446.00,Kigoma Lake Hub,2026-02-09
SUNFLOWER,52.94,137644.00,Dar Es Salaam Wholesale,2026-02-09
SUNFLOWER,50.33,130858.00,Mwanza Central Hub,2026-02-09
SUNFLOWER,54.38,141388.00,Arusha North Hub,2026-02-09
SUNFLOWER,51.77,134602.00,Dodoma Wholesale Hub,2026-02-09
SUNFLOWER,49.17,127842.00,Mbeya Border Market,2026-02-09
SUNFLOWER,52.20,135720.00,Tanga Coastal Exchange,2026-02-09
SUNFLOWER,48.06,124956.00,Tabora Grain Yard,2026-02-09
SUNFLOWER,53.65,139490.00,Kigoma Lake Hub,2026-02-09
COFFEE,78.04,202904.00,Dar Es Salaam Wholesale,2026-02-09
COFFEE,74.35,193310.00,Mwanza Central Hub,2026-02-09
COFFEE,80.52,209352.00,Arusha North Hub,2026-02-09
COFFEE,76.81,199706.00,Dodoma Wholesale Hub,2026-02-09
COFFEE,73.10,190060.00,Mbeya Border Market,2026-02-09
COFFEE,77.76,202176.00,Tanga Coastal Exchange,2026-02-09
COFFEE,71.74,186524.00,Tabora Grain Yard,2026-02-09
COFFEE,80.23,208598.00,Kigoma Lake Hub,2026-02-09
CASHEW,89.49,232674.00,Dar Es Salaam Wholesale,2026-02-09
CASHEW,85.02,221052.00,Mwanza Central Hub,2026-02-09
CASHEW,91.82,238732.00,Arusha North Hub,2026-02-09
CASHEW,87.36,227136.00,Dodoma Wholesale Hub,2026-02-09
CASHEW,82.92,215592.00,Mbeya Border Market,2026-02-09
CASHEW,87.97,228722.00,Tanga Coastal Exchange,2026-02-09
CASHEW,80.96,210496.00,Tabora Grain Yard,2026-02-09
CASHEW,90.30,234780.00,Kigoma Lake Hub,2026-02-09
COCONUT,76.93,200018.00,Dar Es Salaam Wholesale,2026-02-09
COCONUT,73.31,190606.00,Mwanza Central Hub,2026-02-09
COCONUT,79.43,206518.00,Arusha North Hub,2026-02-09
COCONUT,75.81,197106.00,Dodoma Wholesale Hub,2026-02-09
COCONUT,72.17,187642.00,Mbeya Border Market,2026-02-09
COCONUT,76.81,199706.00,Tanga Coastal Exchange,2026-02-09
COCONUT,70.90,184340.00,Tabora Grain Yard,2026-02-09
COCONUT,79.32,206232.00,Kigoma Lake Hub,2026-02-09
MAIZE,51.55,134030.00,Dar Es Salaam Wholesale,2026-02-16
MAIZE,48.97,127322.00,Mwanza Central Hub,2026-02-16
MAIZE,52.89,137514.00,Arusha North Hub,2026-02-16
MAIZE,50.31,130806.00,Dodoma Wholesale Hub,2026-02-16
MAIZE,47.75,124150.00,Mbeya Border Market,2026-02-16
MAIZE,50.66,131716.00,Tanga Coastal Exchange,2026-02-16
MAIZE,46.61,121186.00,Tabora Grain Yard,2026-02-16
MAIZE,51.99,135174.00,Kigoma Lake Hub,2026-02-16
RICE,71.53,185978.00,Dar Es Salaam Wholesale,2026-02-16
RICE,68.16,177216.00,Mwanza Central Hub,2026-02-16
RICE,73.83,191958.00,Arusha North Hub,2026-02-16
RICE,70.46,183196.00,Dodoma Wholesale Hub,2026-02-16
RICE,67.07,174382.00,Mbeya Border Market,2026-02-16
RICE,71.37,185562.00,Tanga Coastal Exchange,2026-02-16
RICE,65.88,171288.00,Tabora Grain Yard,2026-02-16
RICE,73.70,191620.00,Kigoma Lake Hub,2026-02-16
BEANS,77.74,202124.00,Dar Es Salaam Wholesale,2026-02-16
BEANS,73.86,192036.00,Mwanza Central Hub,2026-02-16
BEANS,79.78,207428.00,Arusha North Hub,2026-02-16
BEANS,75.91,197366.00,Dodoma Wholesale Hub,2026-02-16
BEANS,72.05,187330.00,Mbeya Border Market,2026-02-16
BEANS,76.44,198744.00,Tanga Coastal Exchange,2026-02-16
BEANS,70.34,182884.00,Tabora Grain Yard,2026-02-16
BEANS,78.46,203996.00,Kigoma Lake Hub,2026-02-16
WHEAT,48.87,127062.00,Dar Es Salaam Wholesale,2026-02-16
WHEAT,46.55,121030.00,Mwanza Central Hub,2026-02-16
WHEAT,50.41,131066.00,Arusha North Hub,2026-02-16
WHEAT,48.09,125034.00,Dodoma Wholesale Hub,2026-02-16
WHEAT,45.76,118976.00,Mbeya Border Market,2026-02-16
WHEAT,48.68,126568.00,Tanga Coastal Exchange,2026-02-16
WHEAT,44.91,116766.00,Tabora Grain Yard,2026-02-16
WHEAT,50.23,130598.00,Kigoma Lake Hub,2026-02-16
SORGHUM,41.05,106730.00,Dar Es Salaam Wholesale,2026-02-16
SORGHUM,39.03,101478.00,Mwanza Central Hub,2026-02-16
SORGHUM,42.19,109694.00,Arusha North Hub,2026-02-16
SORGHUM,40.17,104442.00,Dodoma Wholesale Hub,2026-02-16
SORGHUM,38.15,99190.00,Mbeya Border Market,2026-02-16
SORGHUM,40.50,105300.00,Tanga Coastal Exchange,2026-02-16
SORGHUM,37.30,96980.00,Tabora Grain Yard,2026-02-16
SORGHUM,41.63,108238.00,Kigoma Lake Hub,2026-02-16
CASSAVA,26.48,68848.00,Dar Es Salaam Wholesale,2026-02-16
CASSAVA,25.20,65520.00,Mwanza Central Hub,2026-02-16
CASSAVA,27.26,70876.00,Arusha North Hub,2026-02-16
CASSAVA,25.98,67548.00,Dodoma Wholesale Hub,2026-02-16
CASSAVA,24.71,64246.00,Mbeya Border Market,2026-02-16
CASSAVA,26.26,68276.00,Tanga Coastal Exchange,2026-02-16
CASSAVA,24.21,62946.00,Tabora Grain Yard,2026-02-16
CASSAVA,27.05,70330.00,Kigoma Lake Hub,2026-02-16
POTATO,32.62,84812.00,Dar Es Salaam Wholesale,2026-02-16
POTATO,31.05,80730.00,Mwanza Central Hub,2026-02-16
POTATO,33.59,87334.00,Arusha North Hub,2026-02-16
POTATO,32.01,83226.00,Dodoma Wholesale Hub,2026-02-16
POTATO,30.43,79118.00,Mbeya Border Market,2026-02-16
POTATO,32.34,84084.00,Tanga Coastal Exchange,2026-02-16
POTATO,29.81,77506.00,Tabora Grain Yard,2026-02-16
POTATO,33.30,86580.00,Kigoma Lake Hub,2026-02-16
GROUNDNUT,70.28,182728.00,Dar Es Salaam Wholesale,2026-02-16
GROUNDNUT,66.82,173732.00,Mwanza Central Hub,2026-02-16
GROUNDNUT,72.22,187772.00,Arusha North Hub,2026-02-16
GROUNDNUT,68.76,178776.00,Dodoma Wholesale Hub,2026-02-16
GROUNDNUT,65.32,169832.00,Mbeya Border Market,2026-02-16
GROUNDNUT,69.35,180310.00,Tanga Coastal Exchange,2026-02-16
GROUNDNUT,63.87,166062.00,Tabora Grain Yard,2026-02-16
GROUNDNUT,71.31,185406.00,Kigoma Lake Hub,2026-02-16
SUNFLOWER,55.18,143468.00,Dar Es Salaam Wholesale,2026-02-16
SUNFLOWER,52.56,136656.00,Mwanza Central Hub,2026-02-16
SUNFLOWER,56.91,147966.00,Arusha North Hub,2026-02-16
SUNFLOWER,54.28,141128.00,Dodoma Wholesale Hub,2026-02-16
SUNFLOWER,51.65,134290.00,Mbeya Border Market,2026-02-16
SUNFLOWER,54.94,142844.00,Tanga Coastal Exchange,2026-02-16
SUNFLOWER,50.68,131768.00,Tabora Grain Yard,2026-02-16
SUNFLOWER,56.66,147316.00,Kigoma Lake Hub,2026-02-16
COFFEE,77.83,202358.00,Dar Es Salaam Wholesale,2026-02-16
COFFEE,73.94,192244.00,Mwanza Central Hub,2026-02-16
COFFEE,79.87,207662.00,Arusha North Hub,2026-02-16
COFFEE,75.99,197574.00,Dodoma Wholesale Hub,2026-02-16
COFFEE,72.13,187538.00,Mbeya Border Market,2026-02-16
COFFEE,76.54,199004.00,Tanga Coastal Exchange,2026-02-16
COFFEE,70.44,183144.00,Tabora Grain Yard,2026-02-16
COFFEE,78.58,204308.00,Kigoma Lake Hub,2026-02-16
CASHEW,85.88,223288.00,Dar Es Salaam Wholesale,2026-02-16
CASHEW,81.84,212784.00,Mwanza Central Hub,2026-02-16
CASHEW,88.67,230542.00,Arusha North Hub,2026-02-16
CASHEW,84.62,220012.00,Dodoma Wholesale Hub,2026-02-16
CASHEW,80.56,209456.00,Mbeya Border Market,2026-02-16
CASHEW,85.73,222898.00,Tanga Coastal Exchange,2026-02-16
CASHEW,79.13,205738.00,Tabora Grain Yard,2026-02-16
CASHEW,88.52,230152.00,Kigoma Lake Hub,2026-02-16
COCONUT,77.77,202202.00,Dar Es Salaam Wholesale,2026-02-16
COCONUT,73.88,192088.00,Mwanza Central Hub,2026-02-16
COCONUT,79.78,207428.00,Arusha North Hub,2026-02-16
COCONUT,75.89,197314.00,Dodoma Wholesale Hub,2026-02-16
COCONUT,72.02,187252.00,Mbeya Border Market,2026-02-16
COCONUT,76.39,198614.00,Tanga Coastal Exchange,2026-02-16
COCONUT,70.28,182728.00,Tabora Grain Yard,2026-02-16
COCONUT,78.38,203788.00,Kigoma Lake Hub,2026-02-16
MAIZE,51.52,133952.00,Dar Es Salaam Wholesale,2026-02-23
MAIZE,49.10,127660.00,Mwanza Central Hub,2026-02-23
MAIZE,53.19,138294.00,Arusha North Hub,2026-02-23
MAIZE,50.76,131976.00,Dodoma Wholesale Hub,2026-02-23
MAIZE,48.32,125632.00,Mbeya Border Market,2026-02-23
MAIZE,47.46,123396.00,Tanga Coastal Exchange,2026-02-23
MAIZE,43.81,113906.00,Tabora Grain Yard,2026-02-23
MAIZE,49.02,127452.00,Kigoma Lake Hub,2026-02-23
RICE,69.41,180466.00,Dar Es Salaam Wholesale,2026-02-23
RICE,65.94,171444.00,Mwanza Central Hub,2026-02-23
RICE,71.22,185172.00,Arusha North Hub,2026-02-23
RICE,67.76,176176.00,Dodoma Wholesale Hub,2026-02-23
RICE,64.31,167206.00,Mbeya Border Market,2026-02-23
RICE,68.22,177372.00,Tanga Coastal Exchange,2026-02-23
RICE,62.77,163202.00,Tabora Grain Yard,2026-02-23
RICE,70.01,182026.00,Kigoma Lake Hub,2026-02-23
BEANS,76.80,199680.00,Dar Es Salaam Wholesale,2026-02-23
BEANS,73.16,190216.00,Mwanza Central Hub,2026-02-23
BEANS,79.24,206024.00,Arusha North Hub,2026-02-23
BEANS,75.59,196534.00,Dodoma Wholesale Hub,2026-02-23
BEANS,71.94,187044.00,Mbeya Border Market,2026-02-23
BEANS,76.54,199004.00,Tanga Coastal Exchange,2026-02-23
BEANS,70.63,183638.00,Tabora Grain Yard,2026-02-23
BEANS,79.00,205400.00,Kigoma Lake Hub,2026-02-23
WHEAT,51.27,133302.00,Dar Es Salaam Wholesale,2026-02-23
WHEAT,48.74,126724.00,Mwanza Central Hub,2026-02-23
WHEAT,52.68,136968.00,Arusha North Hub,2026-02-23
WHEAT,50.15,130390.00,Dodoma Wholesale Hub,2026-02-23
WHEAT,47.62,123812.00,Mbeya Border Market,2026-02-23
WHEAT,50.55,131430.00,Tanga Coastal Exchange,2026-02-23
WHEAT,46.54,121004.00,Tabora Grain Yard,2026-02-23
WHEAT,51.94,135044.00,Kigoma Lake Hub,2026-02-23
SORGHUM,38.27,99502.00,Dar Es Salaam Wholesale,2026-02-23
SORGHUM,36.43,94718.00,Mwanza Central Hub,2026-02-23
SORGHUM,39.42,102492.00,Arusha North Hub,2026-02-23
SORGHUM,37.58,97708.00,Dodoma Wholesale Hub,2026-02-23
SORGHUM,35.74,92924.00,Mbeya Border Market,2026-02-23
SORGHUM,37.99,98774.00,Tanga Coastal Exchange,2026-02-23
SORGHUM,35.03,91078.00,Tabora Grain Yard,2026-02-23
SORGHUM,39.15,101790.00,Kigoma Lake Hub,2026-02-23
CASSAVA,28.68,74568.00,Dar Es Salaam Wholesale,2026-02-23
CASSAVA,27.29,70954.00,Mwanza Central Hub,2026-02-23
CASSAVA,29.52,76752.00,Arusha North Hub,2026-02-23
CASSAVA,28.13,73138.00,Dodoma Wholesale Hub,2026-02-23
CASSAVA,26.74,69524.00,Mbeya Border Market,2026-02-23
CASSAVA,28.41,73866.00,Tanga Coastal Exchange,2026-02-23
CASSAVA,26.18,68068.00,Tabora Grain Yard,2026-02-23
CASSAVA,29.24,76024.00,Kigoma Lake Hub,2026-02-23
POTATO,30.34,78884.00,Dar Es Salaam Wholesale,2026-02-23
POTATO,28.85,75010.00,Mwanza Central Hub,2026-02-23
POTATO,31.19,81094.00,Arusha North Hub,2026-02-23
POTATO,29.70,77220.00,Dodoma Wholesale Hub,2026-02-23
POTATO,28.22,73372.00,Mbeya Border Market,2026-02-23
POTATO,29.97,77922.00,Tanga Coastal Exchange,2026-02-23
POTATO,27.61,71786.00,Tabora Grain Yard,2026-02-23
POTATO,30.83,80158.00,Kigoma Lake Hub,2026-02-23
GROUNDNUT,74.17,192842.00,Dar Es Salaam Wholesale,2026-02-23
GROUNDNUT,70.63,183638.00,Mwanza Central Hub,2026-02-23
GROUNDNUT,76.47,198822.00,Arusha North Hub,2026-02-23
GROUNDNUT,72.93,189618.00,Dodoma Wholesale Hub,2026-02-23
GROUNDNUT,69.38,180388.00,Mbeya Border Market,2026-02-23
GROUNDNUT,73.78,191828.00,Tanga Coastal Exchange,2026-02-23
GROUNDNUT,68.05,176930.00,Tabora Grain Yard,2026-02-23
GROUNDNUT,76.07,197782.00,Kigoma Lake Hub,2026-02-23
SUNFLOWER,54.11,140686.00,Dar Es Salaam Wholesale,2026-02-23
SUNFLOWER,51.42,133692.00,Mwanza Central Hub,2026-02-23
SUNFLOWER,55.54,144404.00,Arusha North Hub,2026-02-23
SUNFLOWER,52.86,137436.00,Dodoma Wholesale Hub,2026-02-23
SUNFLOWER,50.18,130468.00,Mbeya Border Market,2026-02-23
SUNFLOWER,53.24,138424.00,Tanga Coastal Exchange,2026-02-23
SUNFLOWER,49.01,127426.00,Tabora Grain Yard,2026-02-23
SUNFLOWER,54.68,142168.00,Kigoma Lake Hub,2026-02-23
COFFEE,76.18,198068.00,Dar Es Salaam Wholesale,2026-02-23
COFFEE,72.59,188734.00,Mwanza Central Hub,2026-02-23
COFFEE,78.64,204464.00,Arusha North Hub,2026-02-23
COFFEE,75.04,195104.00,Dodoma Wholesale Hub,2026-02-23
COFFEE,71.44,185744.00,Mbeya Border Market,2026-02-23
COFFEE,76.01,197626.00,Tanga Coastal Exchange,2026-02-23
COFFEE,70.16,182416.00,Tabora Grain Yard,2026-02-23
COFFEE,78.48,204048.00,Kigoma Lake Hub,2026-02-23
CASHEW,85.00,221000.00,Dar Es Salaam Wholesale,2026-02-23
CASHEW,80.74,209924.00,Mwanza Central Hub,2026-02-23
CASHEW,94.46,245596.00,Arusha North Hub,2026-02-23
CASHEW,89.86,233636.00,Dodoma Wholesale Hub,2026-02-23
CASHEW,85.28,221728.00,Mbeya Border Market,2026-02-23
CASHEW,90.48,235248.00,Tanga Coastal Exchange,2026-02-23
CASHEW,83.25,216450.00,Tabora Grain Yard,2026-02-23
CASHEW,92.85,241410.00,Kigoma Lake Hub,2026-02-23
COCONUT,81.19,211094.00,Dar Es Salaam Wholesale,2026-02-23
COCONUT,77.36,201136.00,Mwanza Central Hub,2026-02-23
COCONUT,83.81,217906.00,Arusha North Hub,2026-02-23
COCONUT,79.97,207922.00,Dodoma Wholesale Hub,2026-02-23
COCONUT,76.13,197938.00,Mbeya Border Market,2026-02-23
COCONUT,81.01,210626.00,Tanga Coastal Exchange,2026-02-23
COCONUT,74.77,194402.00,Tabora Grain Yard,2026-02-23
COCONUT,83.64,217464.00,Kigoma Lake Hub,2026-02-23
MAIZE,50.40,131040.00,Dar Es Salaam Wholesale,2026-03-02
MAIZE,47.88,124488.00,Mwanza Central Hub,2026-03-02
MAIZE,51.71,134446.00,Arusha North Hub,2026-03-02
MAIZE,49.19,127894.00,Dodoma Wholesale Hub,2026-03-02
MAIZE,46.68,121368.00,Mbeya Border Market,2026-03-02
MAIZE,49.52,128752.00,Tanga Coastal Exchange,2026-03-02
MAIZE,45.56,118456.00,Tabora Grain Yard,2026-03-02
MAIZE,50.81,132106.00,Kigoma Lake Hub,2026-03-02
RICE,70.49,183274.00,Dar Es Salaam Wholesale,2026-03-02
RICE,67.16,174616.00,Mwanza Central Hub,2026-03-02
RICE,72.74,189124.00,Arusha North Hub,2026-03-02
RICE,69.41,180466.00,Dodoma Wholesale Hub,2026-03-02
RICE,66.06,171756.00,Mbeya Border Market,2026-03-02
RICE,70.29,182754.00,Tanga Coastal Exchange,2026-03-02
RICE,64.87,168662.00,Tabora Grain Yard,2026-03-02
RICE,72.56,188656.00,Kigoma Lake Hub,2026-03-02
BEANS,78.71,204646.00,Dar Es Salaam Wholesale,2026-03-02
BEANS,74.82,194532.00,Mwanza Central Hub,2026-03-02
BEANS,80.84,210184.00,Arusha North Hub,2026-03-02
BEANS,76.95,200070.00,Dodoma Wholesale Hub,2026-03-02
BEANS,73.06,189956.00,Mbeya Border Market,2026-03-02
BEANS,77.54,201604.00,Tanga Coastal Exchange,2026-03-02
BEANS,71.38,185588.00,Tabora Grain Yard,2026-03-02
BEANS,79.65,207090.00,Kigoma Lake Hub,2026-03-02
WHEAT,46.87,121862.00,Dar Es Salaam Wholesale,2026-03-02
WHEAT,44.62,116012.00,Mwanza Central Hub,2026-03-02
WHEAT,48.30,125580.00,Arusha North Hub,2026-03-02
WHEAT,46.05,119730.00,Dodoma Wholesale Hub,2026-03-02
WHEAT,43.80,113880.00,Mbeya Border Market,2026-03-02
WHEAT,46.57,121082.00,Tanga Coastal Exchange,2026-03-02
WHEAT,42.95,111670.00,Tabora Grain Yard,2026-03-02
WHEAT,48.02,124852.00,Kigoma Lake Hub,2026-03-02
SORGHUM,39.78,103428.00,Dar Es Salaam Wholesale,2026-03-02
SORGHUM,37.85,98410.00,Mwanza Central Hub,2026-03-02
SORGHUM,40.93,106418.00,Arusha North Hub,2026-03-02
SORGHUM,38.99,101374.00,Dodoma Wholesale Hub,2026-03-02
SORGHUM,37.05,96330.00,Mbeya Border Market,2026-03-02
SORGHUM,39.36,102336.00,Tanga Coastal Exchange,2026-03-02
SORGHUM,36.26,94276.00,Tabora Grain Yard,2026-03-02
SORGHUM,40.49,105274.00,Kigoma Lake Hub,2026-03-02
CASSAVA,25.50,66300.00,Dar Es Salaam Wholesale,2026-03-02
CASSAVA,24.25,63050.00,Mwanza Central Hub,2026-03-02
CASSAVA,26.22,68172.00,Arusha North Hub,2026-03-02
CASSAVA,24.97,64922.00,Dodoma Wholesale Hub,2026-03-02
CASSAVA,23.73,61698.00,Mbeya Border Market,2026-03-02
CASSAVA,25.21,65546.00,Tanga Coastal Exchange,2026-03-02
CASSAVA,23.23,60398.00,Tabora Grain Yard,2026-03-02
CASSAVA,25.94,67444.00,Kigoma Lake Hub,2026-03-02
POTATO,31.36,81536.00,Dar Es Salaam Wholesale,2026-03-02
POTATO,29.86,77636.00,Mwanza Central Hub,2026-03-02
POTATO,32.32,84032.00,Arusha North Hub,2026-03-02
POTATO,30.82,80132.00,Dodoma Wholesale Hub,2026-03-02
POTATO,29.32,76232.00,Mbeya Border Market,2026-03-02
POTATO,31.17,81042.00,Tanga Coastal Exchange,2026-03-02
POTATO,28.74,74724.00,Tabora Grain Yard,2026-03-02
POTATO,32.13,83538.00,Kigoma Lake Hub,2026-03-02
GROUNDNUT,70.82,184132.00,Dar Es Salaam Wholesale,2026-03-02
GROUNDNUT,67.30,174980.00,Mwanza Central Hub,2026-03-02
GROUNDNUT,72.71,189046.00,Arusha North Hub,2026-03-02
GROUNDNUT,69.20,179920.00,Dodoma Wholesale Hub,2026-03-02
GROUNDNUT,65.70,170820.00,Mbeya Border Market,2026-03-02
GROUNDNUT,69.73,181298.00,Tanga Coastal Exchange,2026-03-02
GROUNDNUT,64.19,166894.00,Tabora Grain Yard,2026-03-02
GROUNDNUT,71.62,186212.00,Kigoma Lake Hub,2026-03-02
SUNFLOWER,54.60,141960.00,Dar Es Salaam Wholesale,2026-03-02
SUNFLOWER,52.02,135252.00,Mwanza Central Hub,2026-03-02
SUNFLOWER,56.35,146510.00,Arusha North Hub,2026-03-02
SUNFLOWER,53.77,139802.00,Dodoma Wholesale Hub,2026-03-02
SUNFLOWER,51.18,133068.00,Mbeya Border Market,2026-03-02
SUNFLOWER,54.46,141596.00,Tanga Coastal Exchange,2026-03-02
SUNFLOWER,50.26,130676.00,Tabora Grain Yard,2026-03-02
SUNFLOWER,56.21,146146.00,Kigoma Lake Hub,2026-03-02
COFFEE,82.54,214604.00,Dar Es Salaam Wholesale,2026-03-02
COFFEE,78.42,203892.00,Mwanza Central Hub,2026-03-02
COFFEE,84.69,220194.00,Arusha North Hub,2026-03-02
COFFEE,80.57,209482.00,Dodoma Wholesale Hub,2026-03-02
COFFEE,76.46,198796.00,Mbeya Border Market,2026-03-02
COFFEE,81.12,210912.00,Tanga Coastal Exchange,2026-03-02
COFFEE,74.64,194064.00,Tabora Grain Yard,2026-03-02
COFFEE,83.25,216450.00,Kigoma Lake Hub,2026-03-02
CASHEW,94.33,245258.00,Dar Es Salaam Wholesale,2026-03-02
CASHEW,89.89,233714.00,Mwanza Central Hub,2026-03-02
CASHEW,97.38,253188.00,Arusha North Hub,2026-03-02
CASHEW,92.93,241618.00,Dodoma Wholesale Hub,2026-03-02
CASHEW,88.46,229996.00,Mbeya Border Market,2026-03-02
CASHEW,94.14,244764.00,Tanga Coastal Exchange,2026-03-02
CASHEW,86.89,225914.00,Tabora Grain Yard,2026-03-02
CASHEW,97.20,252720.00,Kigoma Lake Hub,2026-03-02
COCONUT,83.21,216346.00,Dar Es Salaam Wholesale,2026-03-02
COCONUT,79.06,205556.00,Mwanza Central Hub,2026-03-02
COCONUT,85.40,222040.00,Arusha North Hub,2026-03-02
COCONUT,81.25,211250.00,Dodoma Wholesale Hub,2026-03-02
COCONUT,77.12,200512.00,Mbeya Border Market,2026-03-02
COCONUT,81.82,212732.00,Tanga Coastal Exchange,2026-03-02
COCONUT,75.29,195754.00,Tabora Grain Yard,2026-03-02
COCONUT,83.97,218322.00,Kigoma Lake Hub,2026-03-02
MAIZE,51.64,134264.00,Dar Es Salaam Wholesale,2026-03-09
MAIZE,49.21,127946.00,Mwanza Central Hub,2026-03-09
MAIZE,53.30,138580.00,Arusha North Hub,2026-03-09
MAIZE,50.86,132236.00,Dodoma Wholesale Hub,2026-03-09
MAIZE,48.41,125866.00,Mbeya Border Market,2026-03-09
MAIZE,51.51,133926.00,Tanga Coastal Exchange,2026-03-09
MAIZE,47.54,123604.00,Tabora Grain Yard,2026-03-09
MAIZE,53.19,138294.00,Kigoma Lake Hub,2026-03-09
RICE,71.87,186862.00,Dar Es Salaam Wholesale,2026-03-09
RICE,68.30,177580.00,Mwanza Central Hub,2026-03-09
RICE,73.79,191854.00,Arusha North Hub,2026-03-09
RICE,70.23,182598.00,Dodoma Wholesale Hub,2026-03-09
RICE,66.67,173342.00,Mbeya Border Market,2026-03-09
RICE,70.75,183950.00,Tanga Coastal Exchange,2026-03-09
RICE,65.12,169312.00,Tabora Grain Yard,2026-03-09
RICE,72.64,188864.00,Kigoma Lake Hub,2026-03-09
BEANS,74.76,194376.00,Dar Es Salaam Wholesale,2026-03-09
BEANS,71.19,185094.00,Mwanza Central Hub,2026-03-09
BEANS,77.06,200356.00,Arusha North Hub,2026-03-09
BEANS,73.49,191074.00,Dodoma Wholesale Hub,2026-03-09
BEANS,69.91,181766.00,Mbeya Border Market,2026-03-09
BEANS,74.35,193310.00,Tanga Coastal Exchange,2026-03-09
BEANS,68.59,178334.00,Tabora Grain Yard,2026-03-09
BEANS,76.69,199394.00,Kigoma Lake Hub,2026-03-09
WHEAT,50.44,131144.00,Dar Es Salaam Wholesale,2026-03-09
WHEAT,47.97,124722.00,Mwanza Central Hub,2026-03-09
WHEAT,51.87,134862.00,Arusha North Hub,2026-03-09
WHEAT,49.40,128440.00,Dodoma Wholesale Hub,2026-03-09
WHEAT,46.94,122044.00,Mbeya Border Market,2026-03-09
WHEAT,49.85,129610.00,Tanga Coastal Exchange,2026-03-09
WHEAT,45.92,119392.00,Tabora Grain Yard,2026-03-09
WHEAT,51.27,133302.00,Kigoma Lake Hub,2026-03-09
SORGHUM,36.77,95602.00,Dar Es Salaam Wholesale,2026-03-09
SORGHUM,34.98,90948.00,Mwanza Central Hub,2026-03-09
SORGHUM,37.83,98358.00,Arusha North Hub,2026-03-09
SORGHUM,36.04,93704.00,Dodoma Wholesale Hub,2026-03-09
SORGHUM,34.25,89050.00,Mbeya Border Market,2026-03-09
SORGHUM,36.39,94614.00,Tanga Coastal Exchange,2026-03-09
SORGHUM,33.54,87204.00,Tabora Grain Yard,2026-03-09
SORGHUM,37.47,97422.00,Kigoma Lake Hub,2026-03-09
CASSAVA,27.39,71214.00,Dar Es Salaam Wholesale,2026-03-09
CASSAVA,26.08,67808.00,Mwanza Central Hub,2026-03-09
CASSAVA,28.22,73372.00,Arusha North Hub,2026-03-09
CASSAVA,26.91,69966.00,Dodoma Wholesale Hub,2026-03-09
CASSAVA,25.59,66534.00,Mbeya Border Market,2026-03-09
CASSAVA,27.20,70720.00,Tanga Coastal Exchange,2026-03-09
CASSAVA,25.08,65208.00,Tabora Grain Yard,2026-03-09
CASSAVA,28.03,72878.00,Kigoma Lake Hub,2026-03-09
POTATO,29.90,77740.00,Dar Es Salaam Wholesale,2026-03-09
POTATO,28.42,73892.00,Mwanza Central Hub,2026-03-09
POTATO,30.70,79820.00,Arusha North Hub,2026-03-09
POTATO,29.23,75998.00,Dodoma Wholesale Hub,2026-03-09
POTATO,27.75,72150.00,Mbeya Border Market,2026-03-09
POTATO,29.46,76596.00,Tanga Coastal Exchange,2026-03-09
POTATO,27.12,70512.00,Tabora Grain Yard,2026-03-09
POTATO,30.27,78702.00,Kigoma Lake Hub,2026-03-09
GROUNDNUT,71.88,186888.00,Dar Es Salaam Wholesale,2026-03-09
GROUNDNUT,68.48,178048.00,Mwanza Central Hub,2026-03-09
GROUNDNUT,74.17,192842.00,Arusha North Hub,2026-03-09
GROUNDNUT,70.76,183976.00,Dodoma Wholesale Hub,2026-03-09
GROUNDNUT,67.35,175110.00,Mbeya Border Market,2026-03-09
GROUNDNUT,71.65,186290.00,Tanga Coastal Exchange,2026-03-09
GROUNDNUT,66.11,171886.00,Tabora Grain Yard,2026-03-09
GROUNDNUT,73.94,192244.00,Kigoma Lake Hub,2026-03-09
SUNFLOWER,56.24,146224.00,Dar Es Salaam Wholesale,2026-03-09
SUNFLOWER,53.43,138918.00,Mwanza Central Hub,2026-03-09
SUNFLOWER,57.70,150020.00,Arusha North Hub,2026-03-09
SUNFLOWER,54.90,142740.00,Dodoma Wholesale Hub,2026-03-09
SUNFLOWER,52.10,135460.00,Mbeya Border Market,2026-03-09
SUNFLOWER,55.27,143702.00,Tanga Coastal Exchange,2026-03-09
SUNFLOWER,50.86,132236.00,Tabora Grain Yard,2026-03-09
SUNFLOWER,56.73,147498.00,Kigoma Lake Hub,2026-03-09
COFFEE,82.83,215358.00,Dar Es Salaam Wholesale,2026-03-09
COFFEE,78.93,205218.00,Mwanza Central Hub,2026-03-09
COFFEE,85.50,222300.00,Arusha North Hub,2026-03-09
COFFEE,81.59,212134.00,Dodoma Wholesale Hub,2026-03-09
COFFEE,71.70,186420.00,Mbeya Border Market,2026-03-09
COFFEE,76.31,198406.00,Tanga Coastal Exchange,2026-03-09
COFFEE,70.44,183144.00,Tabora Grain Yard,2026-03-09
COFFEE,78.81,204906.00,Kigoma Lake Hub,2026-03-09
CASHEW,91.20,237120.00,Dar Es Salaam Wholesale,2026-03-09
CASHEW,86.64,225264.00,Mwanza Central Hub,2026-03-09
CASHEW,93.57,243282.00,Arusha North Hub,2026-03-09
CASHEW,89.02,231452.00,Dodoma Wholesale Hub,2026-03-09
CASHEW,84.49,219674.00,Mbeya Border Market,2026-03-09
CASHEW,89.63,233038.00,Tanga Coastal Exchange,2026-03-09
CASHEW,82.47,214422.00,Tabora Grain Yard,2026-03-09
CASHEW,91.97,239122.00,Kigoma Lake Hub,2026-03-09
COCONUT,82.48,214448.00,Dar Es Salaam Wholesale,2026-03-09
COCONUT,78.58,204308.00,Mwanza Central Hub,2026-03-09
COCONUT,85.10,221260.00,Arusha North Hub,2026-03-09
COCONUT,81.19,211094.00,Dodoma Wholesale Hub,2026-03-09
COCONUT,77.27,200902.00,Mbeya Border Market,2026-03-09
COCONUT,82.21,213746.00,Tanga Coastal Exchange,2026-03-09
COCONUT,75.86,197236.00,Tabora Grain Yard,2026-03-09
COCONUT,84.86,220636.00,Kigoma Lake Hub,2026-03-09
MAIZE,51.77,134602.00,Dar Es Salaam Wholesale,2026-03-16
MAIZE,49.19,127894.00,Mwanza Central Hub,2026-03-16
MAIZE,53.14,138164.00,Arusha North Hub,2026-03-16
MAIZE,50.57,131482.00,Dodoma Wholesale Hub,2026-03-16
MAIZE,48.00,124800.00,Mbeya Border Market,2026-03-16
MAIZE,50.93,132418.00,Tanga Coastal Exchange,2026-03-16
MAIZE,46.87,121862.00,Tabora Grain Yard,2026-03-16
MAIZE,52.28,135928.00,Kigoma Lake Hub,2026-03-16
RICE,69.12,179712.00,Dar Es Salaam Wholesale,2026-03-16
RICE,65.83,171158.00,Mwanza Central Hub,2026-03-16
RICE,71.28,185328.00,Arusha North Hub,2026-03-16
RICE,67.99,176774.00,Dodoma Wholesale Hub,2026-03-16
RICE,64.69,168194.00,Mbeya Border Market,2026-03-16
RICE,68.81,178906.00,Tanga Coastal Exchange,2026-03-16
RICE,63.48,165048.00,Tabora Grain Yard,2026-03-16
RICE,70.99,184574.00,Kigoma Lake Hub,2026-03-16
BEANS,79.87,207662.00,Dar Es Salaam Wholesale,2026-03-16
BEANS,75.95,197470.00,Mwanza Central Hub,2026-03-16
BEANS,82.11,213486.00,Arusha North Hub,2026-03-16
BEANS,78.19,203294.00,Dodoma Wholesale Hub,2026-03-16
BEANS,74.28,193128.00,Mbeya Border Market,2026-03-16
BEANS,78.87,205062.00,Tanga Coastal Exchange,2026-03-16
BEANS,72.64,188864.00,Tabora Grain Yard,2026-03-16
BEANS,81.08,210808.00,Kigoma Lake Hub,2026-03-16
WHEAT,46.66,121316.00,Dar Es Salaam Wholesale,2026-03-16
WHEAT,44.39,115414.00,Mwanza Central Hub,2026-03-16
WHEAT,48.02,124852.00,Arusha North Hub,2026-03-16
WHEAT,45.76,118976.00,Dodoma Wholesale Hub,2026-03-16
WHEAT,43.50,113100.00,Mbeya Border Market,2026-03-16
WHEAT,46.23,120198.00,Tanga Coastal Exchange,2026-03-16
WHEAT,42.61,110786.00,Tabora Grain Yard,2026-03-16
WHEAT,47.61,123786.00,Kigoma Lake Hub,2026-03-16
SORGHUM,39.71,103246.00,Dar Es Salaam Wholesale,2026-03-16
SORGHUM,37.80,98280.00,Mwanza Central Hub,2026-03-16
SORGHUM,40.90,106340.00,Arusha North Hub,2026-03-16
SORGHUM,38.99,101374.00,Dodoma Wholesale Hub,2026-03-16
SORGHUM,37.07,96382.00,Mbeya Border Market,2026-03-16
SORGHUM,39.40,102440.00,Tanga Coastal Exchange,2026-03-16
SORGHUM,36.32,94432.00,Tabora Grain Yard,2026-03-16
SORGHUM,40.58,105508.00,Kigoma Lake Hub,2026-03-16
CASSAVA,25.83,67158.00,Dar Es Salaam Wholesale,2026-03-16
CASSAVA,24.55,63830.00,Mwanza Central Hub,2026-03-16
CASSAVA,26.53,68978.00,Arusha North Hub,2026-03-16
CASSAVA,25.26,65676.00,Dodoma Wholesale Hub,2026-03-16
CASSAVA,23.99,62374.00,Mbeya Border Market,2026-03-16
CASSAVA,25.47,66222.00,Tanga Coastal Exchange,2026-03-16
CASSAVA,23.45,60970.00,Tabora Grain Yard,2026-03-16
CASSAVA,26.18,68068.00,Kigoma Lake Hub,2026-03-16
POTATO,30.83,80158.00,Dar Es Salaam Wholesale,2026-03-16
POTATO,29.37,76362.00,Mwanza Central Hub,2026-03-16
POTATO,31.80,82680.00,Arusha North Hub,2026-03-16
POTATO,30.34,78884.00,Dodoma Wholesale Hub,2026-03-16
POTATO,28.87,75062.00,Mbeya Border Market,2026-03-16
POTATO,30.71,79846.00,Tanga Coastal Exchange,2026-03-16
POTATO,28.33,73658.00,Tabora Grain Yard,2026-03-16
POTATO,31.68,82368.00,Kigoma Lake Hub,2026-03-16
GROUNDNUT,72.65,188890.00,Dar Es Salaam Wholesale,2026-03-16
GROUNDNUT,69.02,179452.00,Mwanza Central Hub,2026-03-16
GROUNDNUT,74.54,193804.00,Arusha North Hub,2026-03-16
GROUNDNUT,70.92,184392.00,Dodoma Wholesale Hub,2026-03-16
GROUNDNUT,67.32,175032.00,Mbeya Border Market,2026-03-16
GROUNDNUT,71.42,185692.00,Tanga Coastal Exchange,2026-03-16
GROUNDNUT,65.73,170898.00,Tabora Grain Yard,2026-03-16
GROUNDNUT,73.32,190632.00,Kigoma Lake Hub,2026-03-16
SUNFLOWER,53.15,138190.00,Dar Es Salaam Wholesale,2026-03-16
SUNFLOWER,50.66,131716.00,Mwanza Central Hub,2026-03-16
SUNFLOWER,54.88,142688.00,Arusha North Hub,2026-03-16
SUNFLOWER,52.38,136188.00,Dodoma Wholesale Hub,2026-03-16
SUNFLOWER,49.87,129662.00,Mbeya Border Market,2026-03-16
SUNFLOWER,53.07,137982.00,Tanga Coastal Exchange,2026-03-16
SUNFLOWER,48.98,127348.00,Tabora Grain Yard,2026-03-16
SUNFLOWER,54.80,142480.00,Kigoma Lake Hub,2026-03-16
COFFEE,78.49,204074.00,Dar Es Salaam Wholesale,2026-03-16
COFFEE,74.57,193882.00,Mwanza Central Hub,2026-03-16
COFFEE,80.53,209378.00,Arusha North Hub,2026-03-16
COFFEE,76.60,199160.00,Dodoma Wholesale Hub,2026-03-16
COFFEE,72.70,189020.00,Mbeya Border Market,2026-03-16
COFFEE,77.11,200486.00,Tanga Coastal Exchange,2026-03-16
COFFEE,70.95,184470.00,Tabora Grain Yard,2026-03-16
COFFEE,79.12,205712.00,Kigoma Lake Hub,2026-03-16
CASHEW,92.03,239278.00,Dar Es Salaam Wholesale,2026-03-16
CASHEW,87.68,227968.00,Mwanza Central Hub,2026-03-16
CASHEW,94.97,246922.00,Arusha North Hub,2026-03-16
CASHEW,90.61,235586.00,Dodoma Wholesale Hub,2026-03-16
CASHEW,86.25,224250.00,Mbeya Border Market,2026-03-16
CASHEW,91.77,238602.00,Tanga Coastal Exchange,2026-03-16
CASHEW,84.69,220194.00,Tabora Grain Yard,2026-03-16
CASHEW,94.74,246324.00,Kigoma Lake Hub,2026-03-16
COCONUT,85.14,221364.00,Dar Es Salaam Wholesale,2026-03-16
COCONUT,80.93,210418.00,Mwanza Central Hub,2026-03-16
COCONUT,87.44,227344.00,Arusha North Hub,2026-03-16
COCONUT,83.23,216398.00,Dodoma Wholesale Hub,2026-03-16
COCONUT,79.02,205452.00,Mbeya Border Market,2026-03-16
COCONUT,83.86,218036.00,Tanga Coastal Exchange,2026-03-16
COCONUT,77.20,200720.00,Tabora Grain Yard,2026-03-16
COCONUT,86.13,223938.00,Kigoma Lake Hub,2026-03-16
MAIZE,50.53,131378.00,Dar Es Salaam Wholesale,2026-03-23
MAIZE,48.13,125138.00,Mwanza Central Hub,2026-03-23
MAIZE,52.12,135512.00,Arusha North Hub,2026-03-23
MAIZE,49.72,129272.00,Dodoma Wholesale Hub,2026-03-23
MAIZE,47.32,123032.00,Mbeya Border Market,2026-03-23
MAIZE,50.33,130858.00,Tanga Coastal Exchange,2026-03-23
MAIZE,46.44,120744.00,Tabora Grain Yard,2026-03-23
MAIZE,51.94,135044.00,Kigoma Lake Hub,2026-03-23
RICE,73.15,190190.00,Dar Es Salaam Wholesale,2026-03-23
RICE,69.55,180830.00,Mwanza Central Hub,2026-03-23
RICE,75.17,195442.00,Arusha North Hub,2026-03-23
RICE,71.57,186082.00,Dodoma Wholesale Hub,2026-03-23
RICE,67.97,176722.00,Mbeya Border Market,2026-03-23
RICE,72.16,187616.00,Tanga Coastal Exchange,2026-03-23
RICE,66.45,172770.00,Tabora Grain Yard,2026-03-23
RICE,74.16,192816.00,Kigoma Lake Hub,2026-03-23
BEANS,74.15,192790.00,Dar Es Salaam Wholesale,2026-03-23
BEANS,70.57,183482.00,Mwanza Central Hub,2026-03-23
BEANS,76.35,198510.00,Arusha North Hub,2026-03-23
BEANS,72.77,189202.00,Dodoma Wholesale Hub,2026-03-23
BEANS,69.19,179894.00,Mbeya Border Market,2026-03-23
BEANS,73.55,191230.00,Tanga Coastal Exchange,2026-03-23
BEANS,67.81,176306.00,Tabora Grain Yard,2026-03-23
BEANS,75.78,197028.00,Kigoma Lake Hub,2026-03-23
WHEAT,50.53,131378.00,Dar Es Salaam Wholesale,2026-03-23
WHEAT,48.09,125034.00,Mwanza Central Hub,2026-03-23
WHEAT,52.02,135252.00,Arusha North Hub,2026-03-23
WHEAT,49.58,128908.00,Dodoma Wholesale Hub,2026-03-23
WHEAT,47.13,122538.00,Mbeya Border Market,2026-03-23
WHEAT,50.08,130208.00,Tanga Coastal Exchange,2026-03-23
WHEAT,46.15,119990.00,Tabora Grain Yard,2026-03-23
WHEAT,51.56,134056.00,Kigoma Lake Hub,2026-03-23
SORGHUM,37.12,96512.00,Dar Es Salaam Wholesale,2026-03-23
SORGHUM,35.29,91754.00,Mwanza Central Hub,2026-03-23
SORGHUM,38.15,99190.00,Arusha North Hub,2026-03-23
SORGHUM,36.32,94432.00,Dodoma Wholesale Hub,2026-03-23
SORGHUM,34.50,89700.00,Mbeya Border Market,2026-03-23
SORGHUM,36.64,95264.00,Tanga Coastal Exchange,2026-03-23
SORGHUM,33.74,87724.00,Tabora Grain Yard,2026-03-23
SORGHUM,37.67,97942.00,Kigoma Lake Hub,2026-03-23
CASSAVA,27.01,70226.00,Dar Es Salaam Wholesale,2026-03-23
CASSAVA,25.73,66898.00,Mwanza Central Hub,2026-03-23
CASSAVA,27.85,72410.00,Arusha North Hub,2026-03-23
CASSAVA,26.57,69082.00,Dodoma Wholesale Hub,2026-03-23
CASSAVA,25.28,65728.00,Mbeya Border Market,2026-03-23
CASSAVA,26.88,69888.00,Tanga Coastal Exchange,2026-03-23
CASSAVA,24.80,64480.00,Tabora Grain Yard,2026-03-23
CASSAVA,27.73,72098.00,Kigoma Lake Hub,2026-03-23
POTATO,30.61,79586.00,Dar Es Salaam Wholesale,2026-03-23
POTATO,29.08,75608.00,Mwanza Central Hub,2026-03-23
POTATO,31.41,81666.00,Arusha North Hub,2026-03-23
POTATO,29.89,77714.00,Dodoma Wholesale Hub,2026-03-23
POTATO,28.37,73762.00,Mbeya Border Market,2026-03-23
POTATO,30.11,78286.00,Tanga Coastal Exchange,2026-03-23
POTATO,27.71,72046.00,Tabora Grain Yard,2026-03-23
POTATO,30.91,80366.00,Kigoma Lake Hub,2026-03-23
GROUNDNUT,70.07,182182.00,Dar Es Salaam Wholesale,2026-03-23
GROUNDNUT,66.77,173602.00,Mwanza Central Hub,2026-03-23
GROUNDNUT,72.34,188084.00,Arusha North Hub,2026-03-23
GROUNDNUT,69.04,179504.00,Dodoma Wholesale Hub,2026-03-23
GROUNDNUT,65.72,170872.00,Mbeya Border Market,2026-03-23
GROUNDNUT,69.94,181844.00,Tanga Coastal Exchange,2026-03-23
GROUNDNUT,64.55,167830.00,Tabora Grain Yard,2026-03-23
GROUNDNUT,72.22,187772.00,Kigoma Lake Hub,2026-03-23
SUNFLOWER,53.45,138970.00,Dar Es Salaam Wholesale,2026-03-23
SUNFLOWER,50.77,132002.00,Mwanza Central Hub,2026-03-23
SUNFLOWER,54.83,142558.00,Arusha North Hub,2026-03-23
SUNFLOWER,52.16,135616.00,Dodoma Wholesale Hub,2026-03-23
SUNFLOWER,49.49,128674.00,Mbeya Border Market,2026-03-23
SUNFLOWER,52.50,136500.00,Tanga Coastal Exchange,2026-03-23
SUNFLOWER,52.33,136058.00,Tabora Grain Yard,2026-03-23
SUNFLOWER,58.36,151736.00,Kigoma Lake Hub,2026-03-23
COFFEE,80.73,209898.00,Dar Es Salaam Wholesale,2026-03-23
COFFEE,76.92,199992.00,Mwanza Central Hub,2026-03-23
COFFEE,83.32,216632.00,Arusha North Hub,2026-03-23
COFFEE,79.51,206726.00,Dodoma Wholesale Hub,2026-03-23
COFFEE,75.69,196794.00,Mbeya Border Market,2026-03-23
COFFEE,80.54,209404.00,Tanga Coastal Exchange,2026-03-23
COFFEE,74.33,193258.00,Tabora Grain Yard,2026-03-23
COFFEE,83.15,216190.00,Kigoma Lake Hub,2026-03-23
CASHEW,93.53,243178.00,Dar Es Salaam Wholesale,2026-03-23
CASHEW,88.88,231088.00,Mwanza Central Hub,2026-03-23
CASHEW,96.02,249652.00,Arusha North Hub,2026-03-23
CASHEW,91.38,237588.00,Dodoma Wholesale Hub,2026-03-23
CASHEW,86.75,225550.00,Mbeya Border Market,2026-03-23
CASHEW,92.06,239356.00,Tanga Coastal Exchange,2026-03-23
CASHEW,84.73,220298.00,Tabora Grain Yard,2026-03-23
CASHEW,94.52,245752.00,Kigoma Lake Hub,2026-03-23
COCONUT,81.05,210730.00,Dar Es Salaam Wholesale,2026-03-23
COCONUT,77.18,200668.00,Mwanza Central Hub,2026-03-23
COCONUT,83.55,217230.00,Arusha North Hub,2026-03-23
COCONUT,79.68,207168.00,Dodoma Wholesale Hub,2026-03-23
COCONUT,75.81,197106.00,Mbeya Border Market,2026-03-23
COCONUT,80.62,209612.00,Tanga Coastal Exchange,2026-03-23
COCONUT,74.37,193362.00,Tabora Grain Yard,2026-03-23
COCONUT,83.16,216216.00,Kigoma Lake Hub,2026-03-23
MAIZE,52.84,137384.00,Dar Es Salaam Wholesale,2026-03-30
MAIZE,50.23,130598.00,Mwanza Central Hub,2026-03-30
MAIZE,54.29,141154.00,Arusha North Hub,2026-03-30
MAIZE,51.68,134368.00,Dodoma Wholesale Hub,2026-03-30
MAIZE,49.07,127582.00,Mbeya Border Market,2026-03-30
MAIZE,52.09,135434.00,Tanga Coastal Exchange,2026-03-30
MAIZE,47.95,124670.00,Tabora Grain Yard,2026-03-30
MAIZE,53.51,139126.00,Kigoma Lake Hub,2026-03-30
RICE,68.32,177632.00,Dar Es Salaam Wholesale,2026-03-30
RICE,65.04,169104.00,Mwanza Central Hub,2026-03-30
RICE,70.38,182988.00,Arusha North Hub,2026-03-30
RICE,67.10,174460.00,Dodoma Wholesale Hub,2026-03-30
RICE,63.81,165906.00,Mbeya Border Market,2026-03-30
RICE,67.84,176384.00,Tanga Coastal Exchange,2026-03-30
RICE,62.56,162656.00,Tabora Grain Yard,2026-03-30
RICE,69.92,181792.00,Kigoma Lake Hub,2026-03-30
BEANS,80.30,208780.00,Dar Es Salaam Wholesale,2026-03-30
BEANS,76.40,198640.00,Mwanza Central Hub,2026-03-30
BEANS,82.64,214864.00,Arusha North Hub,2026-03-30
BEANS,78.74,204724.00,Dodoma Wholesale Hub,2026-03-30
BEANS,74.83,194558.00,Mbeya Border Market,2026-03-30
BEANS,79.50,206700.00,Tanga Coastal Exchange,2026-03-30
BEANS,73.26,190476.00,Tabora Grain Yard,2026-03-30
BEANS,81.82,212732.00,Kigoma Lake Hub,2026-03-30
WHEAT,46.93,122018.00,Dar Es Salaam Wholesale,2026-03-30
WHEAT,44.63,116038.00,Mwanza Central Hub,2026-03-30
WHEAT,48.25,125450.00,Arusha North Hub,2026-03-30
WHEAT,45.95,119470.00,Dodoma Wholesale Hub,2026-03-30
WHEAT,43.65,113490.00,Mbeya Border Market,2026-03-30
WHEAT,46.36,120536.00,Tanga Coastal Exchange,2026-03-30
WHEAT,42.71,111046.00,Tabora Grain Yard,2026-03-30
WHEAT,47.69,123994.00,Kigoma Lake Hub,2026-03-30
SORGHUM,39.28,102128.00,Dar Es Salaam Wholesale,2026-03-30
SORGHUM,37.41,97266.00,Mwanza Central Hub,2026-03-30
SORGHUM,40.50,105300.00,Arusha North Hub,2026-03-30
SORGHUM,38.62,100412.00,Dodoma Wholesale Hub,2026-03-30
SORGHUM,36.74,95524.00,Mbeya Border Market,2026-03-30
SORGHUM,39.07,101582.00,Tanga Coastal Exchange,2026-03-30
SORGHUM,36.03,93678.00,Tabora Grain Yard,2026-03-30
SORGHUM,40.28,104728.00,Kigoma Lake Hub,2026-03-30
CASSAVA,26.38,68588.00,Dar Es Salaam Wholesale,2026-03-30
CASSAVA,25.07,65182.00,Mwanza Central Hub,2026-03-30
CASSAVA,27.08,70408.00,Arusha North Hub,2026-03-30
CASSAVA,25.77,67002.00,Dodoma Wholesale Hub,2026-03-30
CASSAVA,24.47,63622.00,Mbeya Border Market,2026-03-30
CASSAVA,25.96,67496.00,Tanga Coastal Exchange,2026-03-30
CASSAVA,23.90,62140.00,Tabora Grain Yard,2026-03-30
CASSAVA,26.66,69316.00,Kigoma Lake Hub,2026-03-30
POTATO,30.11,78286.00,Dar Es Salaam Wholesale,2026-03-30
POTATO,28.69,74594.00,Mwanza Central Hub,2026-03-30
POTATO,31.08,80808.00,Arusha North Hub,2026-03-30
POTATO,29.66,77116.00,Dodoma Wholesale Hub,2026-03-30
POTATO,28.23,73398.00,Mbeya Border Market,2026-03-30
POTATO,30.04,78104.00,Tanga Coastal Exchange,2026-03-30
POTATO,27.72,72072.00,Tabora Grain Yard,2026-03-30
POTATO,31.01,80626.00,Kigoma Lake Hub,2026-03-30
GROUNDNUT,74.73,194298.00,Dar Es Salaam Wholesale,2026-03-30
GROUNDNUT,71.00,184600.00,Mwanza Central Hub,2026-03-30
GROUNDNUT,76.67,199342.00,Arusha North Hub,2026-03-30
GROUNDNUT,72.94,189644.00,Dodoma Wholesale Hub,2026-03-30
GROUNDNUT,69.23,179998.00,Mbeya Border Market,2026-03-30
GROUNDNUT,73.44,190944.00,Tanga Coastal Exchange,2026-03-30
GROUNDNUT,67.58,175708.00,Tabora Grain Yard,2026-03-30
GROUNDNUT,75.37,195962.00,Kigoma Lake Hub,2026-03-30
SUNFLOWER,56.08,145808.00,Dar Es Salaam Wholesale,2026-03-30
SUNFLOWER,53.44,138944.00,Mwanza Central Hub,2026-03-30
SUNFLOWER,57.89,150514.00,Arusha North Hub,2026-03-30
SUNFLOWER,55.24,143624.00,Dodoma Wholesale Hub,2026-03-30
SUNFLOWER,52.59,136734.00,Mbeya Border Market,2026-03-30
SUNFLOWER,55.96,145496.00,Tanga Coastal Exchange,2026-03-30
SUNFLOWER,51.65,134290.00,Tabora Grain Yard,2026-03-30
SUNFLOWER,57.78,150228.00,Kigoma Lake Hub,2026-03-30
COFFEE,80.66,209716.00,Dar Es Salaam Wholesale,2026-03-30
COFFEE,76.64,199264.00,Mwanza Central Hub,2026-03-30
COFFEE,82.79,215254.00,Arusha North Hub,2026-03-30
COFFEE,78.78,204828.00,Dodoma Wholesale Hub,2026-03-30
COFFEE,74.77,194402.00,Mbeya Border Market,2026-03-30
COFFEE,79.34,206284.00,Tanga Coastal Exchange,2026-03-30
COFFEE,73.01,189826.00,Tabora Grain Yard,2026-03-30
COFFEE,81.44,211744.00,Kigoma Lake Hub,2026-03-30
CASHEW,90.20,234520.00,Dar Es Salaam Wholesale,2026-03-30
CASHEW,85.91,223366.00,Mwanza Central Hub,2026-03-30
CASHEW,93.02,241852.00,Arusha North Hub,2026-03-30
CASHEW,88.72,230672.00,Dodoma Wholesale Hub,2026-03-30
CASHEW,84.42,219492.00,Mbeya Border Market,2026-03-30
CASHEW,89.80,233480.00,Tanga Coastal Exchange,2026-03-30
CASHEW,82.85,215410.00,Tabora Grain Yard,2026-03-30
CASHEW,92.65,240890.00,Kigoma Lake Hub,2026-03-30
COCONUT,86.44,224744.00,Dar Es Salaam Wholesale,2026-03-30
COCONUT,82.20,213720.00,Mwanza Central Hub,2026-03-30
COCONUT,88.86,231036.00,Arusha North Hub,2026-03-30
COCONUT,84.62,220012.00,Dodoma Wholesale Hub,2026-03-30
COCONUT,80.38,208988.00,Mbeya Border Market,2026-03-30
COCONUT,85.35,221910.00,Tanga Coastal Exchange,2026-03-30
COCONUT,78.60,204360.00,Tabora Grain Yard,2026-03-30
COCONUT,87.73,228098.00,Kigoma Lake Hub,2026-03-30
MAIZE,50.28,130728.00,Dar Es Salaam Wholesale,2026-04-06
MAIZE,47.88,124488.00,Mwanza Central Hub,2026-04-06
MAIZE,51.82,134732.00,Arusha North Hub,2026-04-06
MAIZE,49.41,128466.00,Dodoma Wholesale Hub,2026-04-06
MAIZE,47.00,122200.00,Mbeya Border Market,2026-04-06
MAIZE,49.98,129948.00,Tanga Coastal Exchange,2026-04-06
MAIZE,46.10,119860.00,Tabora Grain Yard,2026-04-06
MAIZE,51.53,133978.00,Kigoma Lake Hub,2026-04-06
RICE,73.06,189956.00,Dar Es Salaam Wholesale,2026-04-06
RICE,69.50,180700.00,Mwanza Central Hub,2026-04-06
RICE,75.16,195416.00,Arusha North Hub,2026-04-06
RICE,71.60,186160.00,Dodoma Wholesale Hub,2026-04-06
RICE,68.03,176878.00,Mbeya Border Market,2026-04-06
RICE,72.27,187902.00,Tanga Coastal Exchange,2026-04-06
RICE,66.58,173108.00,Tabora Grain Yard,2026-04-06
RICE,74.34,193284.00,Kigoma Lake Hub,2026-04-06
BEANS,72.26,187876.00,Dar Es Salaam Wholesale,2026-04-06
BEANS,68.73,178698.00,Mwanza Central Hub,2026-04-06
BEANS,74.32,193232.00,Arusha North Hub,2026-04-06
BEANS,70.80,184080.00,Dodoma Wholesale Hub,2026-04-06
BEANS,67.28,174928.00,Mbeya Border Market,2026-04-06
BEANS,71.47,185822.00,Tanga Coastal Exchange,2026-04-06
BEANS,65.85,171210.00,Tabora Grain Yard,2026-04-06
BEANS,73.55,191230.00,Kigoma Lake Hub,2026-04-06
WHEAT,48.21,125346.00,Dar Es Salaam Wholesale,2026-04-06
WHEAT,45.91,119366.00,Mwanza Central Hub,2026-04-06
WHEAT,49.69,129194.00,Arusha North Hub,2026-04-06
WHEAT,47.38,123188.00,Dodoma Wholesale Hub,2026-04-06
WHEAT,45.06,117156.00,Mbeya Border Market,2026-04-06
WHEAT,47.91,124566.00,Tanga Coastal Exchange,2026-04-06
WHEAT,44.18,114868.00,Tabora Grain Yard,2026-04-06
WHEAT,49.37,128362.00,Kigoma Lake Hub,2026-04-06
SORGHUM,36.30,94380.00,Dar Es Salaam Wholesale,2026-04-06
SORGHUM,34.50,89700.00,Mwanza Central Hub,2026-04-06
SORGHUM,37.27,96902.00,Arusha North Hub,2026-04-06
SORGHUM,35.47,92222.00,Dodoma Wholesale Hub,2026-04-06
SORGHUM,33.68,87568.00,Mbeya Border Market,2026-04-06
SORGHUM,35.75,92950.00,Tanga Coastal Exchange,2026-04-06
SORGHUM,32.91,85566.00,Tabora Grain Yard,2026-04-06
SORGHUM,36.72,95472.00,Kigoma Lake Hub,2026-04-06
CASSAVA,25.63,66638.00,Dar Es Salaam Wholesale,2026-04-06
CASSAVA,24.42,63492.00,Mwanza Central Hub,2026-04-06
CASSAVA,26.45,68770.00,Arusha North Hub,2026-04-06
CASSAVA,25.24,65624.00,Dodoma Wholesale Hub,2026-04-06
CASSAVA,24.02,62452.00,Mbeya Border Market,2026-04-06
CASSAVA,25.56,66456.00,Tanga Coastal Exchange,2026-04-06
CASSAVA,23.58,61308.00,Tabora Grain Yard,2026-04-06
CASSAVA,26.38,68588.00,Kigoma Lake Hub,2026-04-06
POTATO,31.11,80886.00,Dar Es Salaam Wholesale,2026-04-06
POTATO,29.55,76830.00,Mwanza Central Hub,2026-04-06
POTATO,31.91,82966.00,Arusha North Hub,2026-04-06
POTATO,30.36,78936.00,Dodoma Wholesale Hub,2026-04-06
POTATO,28.82,74932.00,Mbeya Border Market,2026-04-06
POTATO,30.57,79482.00,Tanga Coastal Exchange,2026-04-06
POTATO,28.13,73138.00,Tabora Grain Yard,2026-04-06
POTATO,31.37,81562.00,Kigoma Lake Hub,2026-04-06
GROUNDNUT,74.74,194324.00,Dar Es Salaam Wholesale,2026-04-06
GROUNDNUT,71.22,185172.00,Mwanza Central Hub,2026-04-06
GROUNDNUT,77.15,200590.00,Arusha North Hub,2026-04-06
GROUNDNUT,73.63,191438.00,Dodoma Wholesale Hub,2026-04-06
GROUNDNUT,70.09,182234.00,Mbeya Border Market,2026-04-06
GROUNDNUT,74.58,193908.00,Tanga Coastal Exchange,2026-04-06
GROUNDNUT,68.84,178984.00,Tabora Grain Yard,2026-04-06
GROUNDNUT,77.01,200226.00,Kigoma Lake Hub,2026-04-06
SUNFLOWER,56.74,147524.00,Dar Es Salaam Wholesale,2026-04-06
SUNFLOWER,53.91,140166.00,Mwanza Central Hub,2026-04-06
SUNFLOWER,58.22,151372.00,Arusha North Hub,2026-04-06
SUNFLOWER,55.40,144040.00,Dodoma Wholesale Hub,2026-04-06
SUNFLOWER,52.58,136708.00,Mbeya Border Market,2026-04-06
SUNFLOWER,55.78,145028.00,Tanga Coastal Exchange,2026-04-06
SUNFLOWER,51.33,133458.00,Tabora Grain Yard,2026-04-06
SUNFLOWER,57.25,148850.00,Kigoma Lake Hub,2026-04-06
COFFEE,82.25,213850.00,Dar Es Salaam Wholesale,2026-04-06
COFFEE,78.35,203710.00,Mwanza Central Hub,2026-04-06
COFFEE,84.85,220610.00,Arusha North Hub,2026-04-06
COFFEE,80.94,210444.00,Dodoma Wholesale Hub,2026-04-06
COFFEE,77.03,200278.00,Mbeya Border Market,2026-04-06
COFFEE,81.95,213070.00,Tanga Coastal Exchange,2026-04-06
COFFEE,75.61,196586.00,Tabora Grain Yard,2026-04-06
COFFEE,84.57,219882.00,Kigoma Lake Hub,2026-04-06
CASHEW,99.06,257556.00,Dar Es Salaam Wholesale,2026-04-06
CASHEW,94.18,244868.00,Mwanza Central Hub,2026-04-06
CASHEW,101.79,264654.00,Arusha North Hub,2026-04-06
CASHEW,96.91,251966.00,Dodoma Wholesale Hub,2026-04-06
CASHEW,92.04,239304.00,Mbeya Border Market,2026-04-06
CASHEW,97.71,254046.00,Tanga Coastal Exchange,2026-04-06
CASHEW,89.97,233922.00,Tabora Grain Yard,2026-04-06
CASHEW,100.41,261066.00,Kigoma Lake Hub,2026-04-06
COCONUT,82.59,214734.00,Dar Es Salaam Wholesale,2026-04-06
COCONUT,78.61,204386.00,Mwanza Central Hub,2026-04-06
COCONUT,85.05,221130.00,Arusha North Hub,2026-04-06
COCONUT,81.07,210782.00,Dodoma Wholesale Hub,2026-04-06
COCONUT,77.09,200434.00,Mbeya Border Market,2026-04-06
COCONUT,81.94,213044.00,Tanga Coastal Exchange,2026-04-06
COCONUT,75.55,196430.00,Tabora Grain Yard,2026-04-06
COCONUT,84.43,219518.00,Kigoma Lake Hub,2026-04-06
MAIZE,54.02,140452.00,Dar Es Salaam Wholesale,2026-04-13
MAIZE,51.38,133588.00,Mwanza Central Hub,2026-04-13
MAIZE,55.55,144430.00,Arusha North Hub,2026-04-13
MAIZE,52.91,137566.00,Dodoma Wholesale Hub,2026-04-13
MAIZE,50.27,130702.00,Mbeya Border Market,2026-04-13
MAIZE,53.38,138788.00,Tanga Coastal Exchange,2026-04-13
MAIZE,49.17,127842.00,Tabora Grain Yard,2026-04-13
MAIZE,54.90,142740.00,Kigoma Lake Hub,2026-04-13
RICE,67.52,175552.00,Dar Es Salaam Wholesale,2026-04-13
RICE,64.24,167024.00,Mwanza Central Hub,2026-04-13
RICE,69.48,180648.00,Arusha North Hub,2026-04-13
RICE,66.20,172120.00,Dodoma Wholesale Hub,2026-04-13
RICE,62.92,163592.00,Mbeya Border Market,2026-04-13
RICE,66.85,173810.00,Tanga Coastal Exchange,2026-04-13
RICE,61.61,160186.00,Tabora Grain Yard,2026-04-13
RICE,68.83,178958.00,Kigoma Lake Hub,2026-04-13
BEANS,77.76,202176.00,Dar Es Salaam Wholesale,2026-04-13
BEANS,74.03,192478.00,Mwanza Central Hub,2026-04-13
BEANS,80.11,208286.00,Arusha North Hub,2026-04-13
BEANS,76.37,198562.00,Dodoma Wholesale Hub,2026-04-13
BEANS,72.63,188838.00,Mbeya Border Market,2026-04-13
BEANS,77.20,200720.00,Tanga Coastal Exchange,2026-04-13
BEANS,71.17,185042.00,Tabora Grain Yard,2026-04-13
BEANS,79.53,206778.00,Kigoma Lake Hub,2026-04-13
WHEAT,45.83,119158.00,Dar Es Salaam Wholesale,2026-04-13
WHEAT,43.56,113256.00,Mwanza Central Hub,2026-04-13
WHEAT,47.07,122382.00,Arusha North Hub,2026-04-13
WHEAT,44.80,116480.00,Dodoma Wholesale Hub,2026-04-13
WHEAT,42.54,110604.00,Mbeya Border Market,2026-04-13
WHEAT,45.16,117416.00,Tanga Coastal Exchange,2026-04-13
WHEAT,41.58,108108.00,Tabora Grain Yard,2026-04-13
WHEAT,46.41,120666.00,Kigoma Lake Hub,2026-04-13
SORGHUM,36.99,96174.00,Dar Es Salaam Wholesale,2026-04-13
SORGHUM,35.25,91650.00,Mwanza Central Hub,2026-04-13
SORGHUM,38.17,99242.00,Arusha North Hub,2026-04-13
SORGHUM,36.42,94692.00,Dodoma Wholesale Hub,2026-04-13
SORGHUM,34.66,90116.00,Mbeya Border Market,2026-04-13
SORGHUM,36.87,95862.00,Tanga Coastal Exchange,2026-04-13
SORGHUM,34.02,88452.00,Tabora Grain Yard,2026-04-13
SORGHUM,38.05,98930.00,Kigoma Lake Hub,2026-04-13
CASSAVA,26.27,68302.00,Dar Es Salaam Wholesale,2026-04-13
CASSAVA,24.95,64870.00,Mwanza Central Hub,2026-04-13
CASSAVA,26.95,70070.00,Arusha North Hub,2026-04-13
CASSAVA,25.64,66664.00,Dodoma Wholesale Hub,2026-04-13
CASSAVA,24.34,63284.00,Mbeya Border Market,2026-04-13
CASSAVA,25.82,67132.00,Tanga Coastal Exchange,2026-04-13
CASSAVA,23.76,61776.00,Tabora Grain Yard,2026-04-13
CASSAVA,26.50,68900.00,Kigoma Lake Hub,2026-04-13
POTATO,31.37,81562.00,Dar Es Salaam Wholesale,2026-04-13
POTATO,29.89,77714.00,Mwanza Central Hub,2026-04-13
POTATO,29.89,77714.00,Arusha North Hub,2026-04-13
POTATO,28.53,74178.00,Dodoma Wholesale Hub,2026-04-13
POTATO,27.16,70616.00,Mbeya Border Market,2026-04-13
POTATO,28.91,75166.00,Tanga Coastal Exchange,2026-04-13
POTATO,26.68,69368.00,Tabora Grain Yard,2026-04-13
POTATO,29.85,77610.00,Kigoma Lake Hub,2026-04-13
GROUNDNUT,71.90,186940.00,Dar Es Salaam Wholesale,2026-04-13
GROUNDNUT,68.30,177580.00,Mwanza Central Hub,2026-04-13
GROUNDNUT,73.77,191802.00,Arusha North Hub,2026-04-13
GROUNDNUT,70.18,182468.00,Dodoma Wholesale Hub,2026-04-13
GROUNDNUT,66.60,173160.00,Mbeya Border Market,2026-04-13
GROUNDNUT,70.65,183690.00,Tanga Coastal Exchange,2026-04-13
GROUNDNUT,65.01,169026.00,Tabora Grain Yard,2026-04-13
GROUNDNUT,72.50,188500.00,Kigoma Lake Hub,2026-04-13
SUNFLOWER,56.49,146874.00,Dar Es Salaam Wholesale,2026-04-13
SUNFLOWER,53.81,139906.00,Mwanza Central Hub,2026-04-13
SUNFLOWER,58.28,151528.00,Arusha North Hub,2026-04-13
SUNFLOWER,55.61,144586.00,Dodoma Wholesale Hub,2026-04-13
SUNFLOWER,52.92,137592.00,Mbeya Border Market,2026-04-13
SUNFLOWER,56.31,146406.00,Tanga Coastal Exchange,2026-04-13
SUNFLOWER,51.96,135096.00,Tabora Grain Yard,2026-04-13
SUNFLOWER,58.12,151112.00,Kigoma Lake Hub,2026-04-13
COFFEE,85.80,223080.00,Dar Es Salaam Wholesale,2026-04-13
COFFEE,81.56,212056.00,Mwanza Central Hub,2026-04-13
COFFEE,88.14,229164.00,Arusha North Hub,2026-04-13
COFFEE,83.90,218140.00,Dodoma Wholesale Hub,2026-04-13
COFFEE,79.67,207142.00,Mbeya Border Market,2026-04-13
COFFEE,84.56,219856.00,Tanga Coastal Exchange,2026-04-13
COFFEE,77.85,202410.00,Tabora Grain Yard,2026-04-13
COFFEE,86.87,225862.00,Kigoma Lake Hub,2026-04-13
CASHEW,92.66,240916.00,Dar Es Salaam Wholesale,2026-04-13
CASHEW,88.21,229346.00,Mwanza Central Hub,2026-04-13
CASHEW,95.46,248196.00,Arusha North Hub,2026-04-13
CASHEW,91.01,236626.00,Dodoma Wholesale Hub,2026-04-13
CASHEW,86.56,225056.00,Mbeya Border Market,2026-04-13
CASHEW,92.02,239252.00,Tanga Coastal Exchange,2026-04-13
CASHEW,84.86,220636.00,Tabora Grain Yard,2026-04-13
CASHEW,94.86,246636.00,Kigoma Lake Hub,2026-04-13
COCONUT,89.41,232466.00,Dar Es Salaam Wholesale,2026-04-13
COCONUT,85.07,221182.00,Mwanza Central Hub,2026-04-13
COCONUT,92.01,239226.00,Arusha North Hub,2026-04-13
COCONUT,87.67,227942.00,Dodoma Wholesale Hub,2026-04-13
COCONUT,83.32,216632.00,Mbeya Border Market,2026-04-13
COCONUT,88.51,230126.00,Tanga Coastal Exchange,2026-04-13
COCONUT,81.56,212056.00,Tabora Grain Yard,2026-04-13
COCONUT,91.08,236808.00,Kigoma Lake Hub,2026-04-13
MAIZE,50.01,130026.00,Dar Es Salaam Wholesale,2026-04-20
MAIZE,47.59,123734.00,Mwanza Central Hub,2026-04-20
MAIZE,51.48,133848.00,Arusha North Hub,2026-04-20
MAIZE,49.06,127556.00,Dodoma Wholesale Hub,2026-04-20
MAIZE,46.64,121264.00,Mbeya Border Market,2026-04-20
MAIZE,49.56,128856.00,Tanga Coastal Exchange,2026-04-20
MAIZE,45.69,118794.00,Tabora Grain Yard,2026-04-20
MAIZE,51.05,132730.00,Kigoma Lake Hub,2026-04-20
RICE,73.00,189800.00,Dar Es Salaam Wholesale,2026-04-20
RICE,69.48,180648.00,Mwanza Central Hub,2026-04-20
RICE,75.18,195468.00,Arusha North Hub,2026-04-20
RICE,71.66,186316.00,Dodoma Wholesale Hub,2026-04-20
RICE,68.13,177138.00,Mbeya Border Market,2026-04-20
RICE,72.40,188240.00,Tanga Coastal Exchange,2026-04-20
RICE,66.74,173524.00,Tabora Grain Yard,2026-04-20
RICE,74.56,193856.00,Kigoma Lake Hub,2026-04-20
BEANS,73.14,190164.00,Dar Es Salaam Wholesale,2026-04-20
BEANS,69.53,180778.00,Mwanza Central Hub,2026-04-20
BEANS,75.14,195364.00,Arusha North Hub,2026-04-20
BEANS,71.54,186004.00,Dodoma Wholesale Hub,2026-04-20
BEANS,67.95,176670.00,Mbeya Border Market,2026-04-20
BEANS,72.14,187564.00,Tanga Coastal Exchange,2026-04-20
BEANS,66.44,172744.00,Tabora Grain Yard,2026-04-20
BEANS,74.16,192816.00,Kigoma Lake Hub,2026-04-20
WHEAT,47.43,123318.00,Dar Es Salaam Wholesale,2026-04-20
WHEAT,45.18,117468.00,Mwanza Central Hub,2026-04-20
WHEAT,48.93,127218.00,Arusha North Hub,2026-04-20
WHEAT,46.67,121342.00,Dodoma Wholesale Hub,2026-04-20
WHEAT,44.41,115466.00,Mbeya Border Market,2026-04-20
WHEAT,47.24,122824.00,Tanga Coastal Exchange,2026-04-20
WHEAT,43.58,113308.00,Tabora Grain Yard,2026-04-20
WHEAT,48.73,126698.00,Kigoma Lake Hub,2026-04-20
SORGHUM,37.22,96772.00,Dar Es Salaam Wholesale,2026-04-20
SORGHUM,35.36,91936.00,Mwanza Central Hub,2026-04-20
SORGHUM,38.19,99294.00,Arusha North Hub,2026-04-20
SORGHUM,36.34,94484.00,Dodoma Wholesale Hub,2026-04-20
SORGHUM,34.49,89674.00,Mbeya Border Market,2026-04-20
SORGHUM,36.60,95160.00,Tanga Coastal Exchange,2026-04-20
SORGHUM,33.68,87568.00,Tabora Grain Yard,2026-04-20
SORGHUM,37.57,97682.00,Kigoma Lake Hub,2026-04-20
CASSAVA,24.95,64870.00,Dar Es Salaam Wholesale,2026-04-20
CASSAVA,23.78,61828.00,Mwanza Central Hub,2026-04-20
CASSAVA,25.77,67002.00,Arusha North Hub,2026-04-20
CASSAVA,24.59,63934.00,Dodoma Wholesale Hub,2026-04-20
CASSAVA,23.41,60866.00,Mbeya Border Market,2026-04-20
CASSAVA,24.91,64766.00,Tanga Coastal Exchange,2026-04-20
CASSAVA,23.00,59800.00,Tabora Grain Yard,2026-04-20
CASSAVA,25.73,66898.00,Kigoma Lake Hub,2026-04-20
POTATO,29.58,76908.00,Dar Es Salaam Wholesale,2026-04-20
POTATO,28.10,73060.00,Mwanza Central Hub,2026-04-20
POTATO,30.34,78884.00,Arusha North Hub,2026-04-20
POTATO,28.86,75036.00,Dodoma Wholesale Hub,2026-04-20
POTATO,27.39,71214.00,Mbeya Border Market,2026-04-20
POTATO,29.06,75556.00,Tanga Coastal Exchange,2026-04-20
POTATO,26.73,69498.00,Tabora Grain Yard,2026-04-20
POTATO,29.81,77506.00,Kigoma Lake Hub,2026-04-20
GROUNDNUT,72.89,189514.00,Dar Es Salaam Wholesale,2026-04-20
GROUNDNUT,69.45,180570.00,Mwanza Central Hub,2026-04-20
GROUNDNUT,75.22,195572.00,Arusha North Hub,2026-04-20
GROUNDNUT,71.78,186628.00,Dodoma Wholesale Hub,2026-04-20
GROUNDNUT,68.32,177632.00,Mbeya Border Market,2026-04-20
GROUNDNUT,72.70,189020.00,Tanga Coastal Exchange,2026-04-20
GROUNDNUT,67.09,174434.00,Tabora Grain Yard,2026-04-20
GROUNDNUT,75.05,195130.00,Kigoma Lake Hub,2026-04-20
SUNFLOWER,58.09,151034.00,Dar Es Salaam Wholesale,2026-04-20
SUNFLOWER,55.21,143546.00,Mwanza Central Hub,2026-04-20
SUNFLOWER,59.65,155090.00,Arusha North Hub,2026-04-20
SUNFLOWER,56.78,147628.00,Dodoma Wholesale Hub,2026-04-20
SUNFLOWER,53.90,140140.00,Mbeya Border Market,2026-04-20
SUNFLOWER,57.21,148746.00,Tanga Coastal Exchange,2026-04-20
SUNFLOWER,52.66,136916.00,Tabora Grain Yard,2026-04-20
SUNFLOWER,58.75,152750.00,Kigoma Lake Hub,2026-04-20
COFFEE,80.99,210574.00,Dar Es Salaam Wholesale,2026-04-20
COFFEE,77.12,200512.00,Mwanza Central Hub,2026-04-20
COFFEE,83.47,217022.00,Arusha North Hub,2026-04-20
COFFEE,79.60,206960.00,Dodoma Wholesale Hub,2026-04-20
COFFEE,75.72,196872.00,Mbeya Border Market,2026-04-20
COFFEE,80.52,209352.00,Tanga Coastal Exchange,2026-04-20
COFFEE,74.26,193076.00,Tabora Grain Yard,2026-04-20
COFFEE,83.03,215878.00,Kigoma Lake Hub,2026-04-20
CASHEW,100.00,260000.00,Dar Es Salaam Wholesale,2026-04-20
CASHEW,95.12,247312.00,Mwanza Central Hub,2026-04-20
CASHEW,102.86,267436.00,Arusha North Hub,2026-04-20
CASHEW,97.98,254748.00,Dodoma Wholesale Hub,2026-04-20
CASHEW,93.10,242060.00,Mbeya Border Market,2026-04-20
CASHEW,98.89,257114.00,Tanga Coastal Exchange,2026-04-20
CASHEW,91.10,236860.00,Tabora Grain Yard,2026-04-20
CASHEW,101.72,264472.00,Kigoma Lake Hub,2026-04-20
COCONUT,82.70,215020.00,Dar Es Salaam Wholesale,2026-04-20
COCONUT,78.66,204516.00,Mwanza Central Hub,2026-04-20
COCONUT,85.06,221156.00,Arusha North Hub,2026-04-20
COCONUT,81.03,210678.00,Dodoma Wholesale Hub,2026-04-20
COCONUT,77.00,200200.00,Mbeya Border Market,2026-04-20
COCONUT,81.81,212706.00,Tanga Coastal Exchange,2026-04-20
COCONUT,75.38,195988.00,Tabora Grain Yard,2026-04-20
COCONUT,84.19,218894.00,Kigoma Lake Hub,2026-04-20
MAIZE,54.17,140842.00,Dar Es Salaam Wholesale,2026-04-27
MAIZE,51.55,134030.00,Mwanza Central Hub,2026-04-27
MAIZE,55.77,145002.00,Arusha North Hub,2026-04-27
MAIZE,53.14,138164.00,Dodoma Wholesale Hub,2026-04-27
MAIZE,50.51,131326.00,Mbeya Border Market,2026-04-27
MAIZE,53.67,139542.00,Tanga Coastal Exchange,2026-04-27
MAIZE,49.47,128622.00,Tabora Grain Yard,2026-04-27
MAIZE,55.25,143650.00,Kigoma Lake Hub,2026-04-27
RICE,68.10,177060.00,Dar Es Salaam Wholesale,2026-04-27
RICE,64.75,168350.00,Mwanza Central Hub,2026-04-27
RICE,70.00,182000.00,Arusha North Hub,2026-04-27
RICE,66.65,173290.00,Dodoma Wholesale Hub,2026-04-27
RICE,63.32,164632.00,Mbeya Border Market,2026-04-27
RICE,67.24,174824.00,Tanga Coastal Exchange,2026-04-27
RICE,61.93,161018.00,Tabora Grain Yard,2026-04-27
RICE,69.14,179764.00,Kigoma Lake Hub,2026-04-27
BEANS,76.73,199498.00,Dar Es Salaam Wholesale,2026-04-27
BEANS,73.08,190008.00,Mwanza Central Hub,2026-04-27
BEANS,79.13,205738.00,Arusha North Hub,2026-04-27
BEANS,75.47,196222.00,Dodoma Wholesale Hub,2026-04-27
BEANS,71.80,186680.00,Mbeya Border Market,2026-04-27
BEANS,76.36,198536.00,Tanga Coastal Exchange,2026-04-27
BEANS,70.44,183144.00,Tabora Grain Yard,2026-04-27
BEANS,78.75,204750.00,Kigoma Lake Hub,2026-04-27
WHEAT,46.89,121914.00,Dar Es Salaam Wholesale,2026-04-27
WHEAT,44.55,115830.00,Mwanza Central Hub,2026-04-27
WHEAT,48.13,125138.00,Arusha North Hub,2026-04-27
WHEAT,45.79,119054.00,Dodoma Wholesale Hub,2026-04-27
WHEAT,43.47,113022.00,Mbeya Border Market,2026-04-27
WHEAT,46.13,119938.00,Tanga Coastal Exchange,2026-04-27
WHEAT,42.45,110370.00,Tabora Grain Yard,2026-04-27
WHEAT,47.36,123136.00,Kigoma Lake Hub,2026-04-27
SORGHUM,36.08,93808.00,Dar Es Salaam Wholesale,2026-04-27
SORGHUM,34.38,89388.00,Mwanza Central Hub,2026-04-27
SORGHUM,37.25,96850.00,Arusha North Hub,2026-04-27
SORGHUM,35.55,92430.00,Dodoma Wholesale Hub,2026-04-27
SORGHUM,33.84,87984.00,Mbeya Border Market,2026-04-27
SORGHUM,36.01,93626.00,Tanga Coastal Exchange,2026-04-27
SORGHUM,33.23,86398.00,Tabora Grain Yard,2026-04-27
SORGHUM,37.18,96668.00,Kigoma Lake Hub,2026-04-27
CASSAVA,24.96,64896.00,Dar Es Salaam Wholesale,2026-04-27
CASSAVA,23.71,61646.00,Mwanza Central Hub,2026-04-27
CASSAVA,25.60,66560.00,Arusha North Hub,2026-04-27
CASSAVA,24.35,63310.00,Dodoma Wholesale Hub,2026-04-27
CASSAVA,23.11,60086.00,Mbeya Border Market,2026-04-27
CASSAVA,26.56,69056.00,Tanga Coastal Exchange,2026-04-27
CASSAVA,24.44,63544.00,Tabora Grain Yard,2026-04-27
CASSAVA,27.26,70876.00,Kigoma Lake Hub,2026-04-27
POTATO,30.57,79482.00,Dar Es Salaam Wholesale,2026-04-27
POTATO,29.13,75738.00,Mwanza Central Hub,2026-04-27
POTATO,31.55,82030.00,Arusha North Hub,2026-04-27
POTATO,30.11,78286.00,Dodoma Wholesale Hub,2026-04-27
POTATO,28.66,74516.00,Mbeya Border Market,2026-04-27
POTATO,30.50,79300.00,Tanga Coastal Exchange,2026-04-27
POTATO,28.15,73190.00,Tabora Grain Yard,2026-04-27
POTATO,31.49,81874.00,Kigoma Lake Hub,2026-04-27
GROUNDNUT,73.77,191802.00,Dar Es Salaam Wholesale,2026-04-27
GROUNDNUT,70.11,182286.00,Mwanza Central Hub,2026-04-27
GROUNDNUT,75.74,196924.00,Arusha North Hub,2026-04-27
GROUNDNUT,72.07,187382.00,Dodoma Wholesale Hub,2026-04-27
GROUNDNUT,68.42,177892.00,Mbeya Border Market,2026-04-27
GROUNDNUT,72.60,188760.00,Tanga Coastal Exchange,2026-04-27
GROUNDNUT,66.82,173732.00,Tabora Grain Yard,2026-04-27
GROUNDNUT,74.54,193804.00,Kigoma Lake Hub,2026-04-27
SUNFLOWER,55.47,144222.00,Dar Es Salaam Wholesale,2026-04-27
SUNFLOWER,52.82,137332.00,Mwanza Central Hub,2026-04-27
SUNFLOWER,57.18,148668.00,Arusha North Hub,2026-04-27
SUNFLOWER,54.54,141804.00,Dodoma Wholesale Hub,2026-04-27
SUNFLOWER,51.89,134914.00,Mbeya Border Market,2026-04-27
SUNFLOWER,55.19,143494.00,Tanga Coastal Exchange,2026-04-27
SUNFLOWER,50.91,132366.00,Tabora Grain Yard,2026-04-27
SUNFLOWER,56.93,148018.00,Kigoma Lake Hub,2026-04-27
COFFEE,86.90,225940.00,Dar Es Salaam Wholesale,2026-04-27
COFFEE,82.65,214890.00,Mwanza Central Hub,2026-04-27
COFFEE,89.36,232336.00,Arusha North Hub,2026-04-27
COFFEE,85.10,221260.00,Dodoma Wholesale Hub,2026-04-27
COFFEE,80.85,210210.00,Mbeya Border Market,2026-04-27
COFFEE,85.86,223236.00,Tanga Coastal Exchange,2026-04-27
COFFEE,79.08,205608.00,Tabora Grain Yard,2026-04-27
COFFEE,88.29,229554.00,Kigoma Lake Hub,2026-04-27
CASHEW,92.43,240318.00,Dar Es Salaam Wholesale,2026-04-27
CASHEW,87.94,228644.00,Mwanza Central Hub,2026-04-27
CASHEW,95.11,247286.00,Arusha North Hub,2026-04-27
CASHEW,90.62,235612.00,Dodoma Wholesale Hub,2026-04-27
CASHEW,86.14,223964.00,Mbeya Border Market,2026-04-27
CASHEW,91.53,237978.00,Tanga Coastal Exchange,2026-04-27
CASHEW,84.36,219336.00,Tabora Grain Yard,2026-04-27
CASHEW,94.24,245024.00,Kigoma Lake Hub,2026-04-27
COCONUT,89.09,231634.00,Dar Es Salaam Wholesale,2026-04-27
COCONUT,84.81,220506.00,Mwanza Central Hub,2026-04-27
COCONUT,91.78,238628.00,Arusha North Hub,2026-04-27
COCONUT,87.49,227474.00,Dodoma Wholesale Hub,2026-04-27
COCONUT,83.19,216294.00,Mbeya Border Market,2026-04-27
COCONUT,88.43,229918.00,Tanga Coastal Exchange,2026-04-27
COCONUT,81.52,211952.00,Tabora Grain Yard,2026-04-27
COCONUT,91.10,236860.00,Kigoma Lake Hub,2026-04-27
MAIZE,49.75,129350.00,Dar Es Salaam Wholesale,2026-05-04
MAIZE,47.31,123006.00,Mwanza Central Hub,2026-05-04
MAIZE,51.15,132990.00,Arusha North Hub,2026-05-04
MAIZE,48.72,126672.00,Dodoma Wholesale Hub,2026-05-04
MAIZE,46.29,120354.00,Mbeya Border Market,2026-05-04
MAIZE,49.17,127842.00,Tanga Coastal Exchange,2026-05-04
MAIZE,45.30,117780.00,Tabora Grain Yard,2026-05-04
MAIZE,50.58,131508.00,Kigoma Lake Hub,2026-05-04
RICE,70.28,182728.00,Dar Es Salaam Wholesale,2026-05-04
RICE,66.93,174018.00,Mwanza Central Hub,2026-05-04
RICE,72.45,188370.00,Arusha North Hub,2026-05-04
RICE,69.09,179634.00,Dodoma Wholesale Hub,2026-05-04
RICE,65.72,170872.00,Mbeya Border Market,2026-05-04
RICE,69.88,181688.00,Tanga Coastal Exchange,2026-05-04
RICE,64.45,167570.00,Tabora Grain Yard,2026-05-04
RICE,72.04,187304.00,Kigoma Lake Hub,2026-05-04
BEANS,71.79,186654.00,Dar Es Salaam Wholesale,2026-05-04
BEANS,68.22,177372.00,Mwanza Central Hub,2026-05-04
BEANS,73.70,191620.00,Arusha North Hub,2026-05-04
BEANS,70.13,182338.00,Dodoma Wholesale Hub,2026-05-04
BEANS,66.58,173108.00,Mbeya Border Market,2026-05-04
BEANS,70.66,183716.00,Tanga Coastal Exchange,2026-05-04
BEANS,65.04,169104.00,Tabora Grain Yard,2026-05-04
BEANS,72.57,188682.00,Kigoma Lake Hub,2026-05-04
WHEAT,44.49,115674.00,Dar Es Salaam Wholesale,2026-05-04
WHEAT,42.39,110214.00,Mwanza Central Hub,2026-05-04
WHEAT,45.92,119392.00,Arusha North Hub,2026-05-04
WHEAT,43.82,113932.00,Dodoma Wholesale Hub,2026-05-04
WHEAT,41.71,108446.00,Mbeya Border Market,2026-05-04
WHEAT,44.38,115388.00,Tanga Coastal Exchange,2026-05-04
WHEAT,40.96,106496.00,Tabora Grain Yard,2026-05-04
WHEAT,45.82,119132.00,Kigoma Lake Hub,2026-05-04
SORGHUM,37.12,96512.00,Dar Es Salaam Wholesale,2026-05-04
SORGHUM,35.26,91676.00,Mwanza Central Hub,2026-05-04
SORGHUM,38.08,99008.00,Arusha North Hub,2026-05-04
SORGHUM,36.23,94198.00,Dodoma Wholesale Hub,2026-05-04
SORGHUM,34.38,89388.00,Mbeya Border Market,2026-05-04
SORGHUM,36.47,94822.00,Tanga Coastal Exchange,2026-05-04
SORGHUM,33.56,87256.00,Tabora Grain Yard,2026-05-04
SORGHUM,37.43,97318.00,Kigoma Lake Hub,2026-05-04
CASSAVA,26.02,67652.00,Dar Es Salaam Wholesale,2026-05-04
CASSAVA,24.80,64480.00,Mwanza Central Hub,2026-05-04
CASSAVA,26.86,69836.00,Arusha North Hub,2026-05-04
CASSAVA,25.63,66638.00,Dodoma Wholesale Hub,2026-05-04
CASSAVA,24.40,63440.00,Mbeya Border Market,2026-05-04
CASSAVA,25.96,67496.00,Tanga Coastal Exchange,2026-05-04
CASSAVA,23.97,62322.00,Tabora Grain Yard,2026-05-04
CASSAVA,26.81,69706.00,Kigoma Lake Hub,2026-05-04
POTATO,30.76,79976.00,Dar Es Salaam Wholesale,2026-05-04
POTATO,29.23,75998.00,Mwanza Central Hub,2026-05-04
POTATO,31.57,82082.00,Arusha North Hub,2026-05-04
POTATO,30.04,78104.00,Dodoma Wholesale Hub,2026-05-04
POTATO,28.51,74126.00,Mbeya Border Market,2026-05-04
POTATO,30.25,78650.00,Tanga Coastal Exchange,2026-05-04
POTATO,27.84,72384.00,Tabora Grain Yard,2026-05-04
POTATO,31.05,80730.00,Kigoma Lake Hub,2026-05-04
GROUNDNUT,73.65,191490.00,Dar Es Salaam Wholesale,2026-05-04
GROUNDNUT,70.15,182390.00,Mwanza Central Hub,2026-05-04
GROUNDNUT,75.96,197496.00,Arusha North Hub,2026-05-04
GROUNDNUT,72.45,188370.00,Dodoma Wholesale Hub,2026-05-04
GROUNDNUT,68.94,179244.00,Mbeya Border Market,2026-05-04
GROUNDNUT,73.34,190684.00,Tanga Coastal Exchange,2026-05-04
GROUNDNUT,67.66,175916.00,Tabora Grain Yard,2026-05-04
GROUNDNUT,75.67,196742.00,Kigoma Lake Hub,2026-05-04
SUNFLOWER,61.48,159848.00,Dar Es Salaam Wholesale,2026-05-04
SUNFLOWER,58.46,151996.00,Mwanza Central Hub,2026-05-04
SUNFLOWER,63.20,164320.00,Arusha North Hub,2026-05-04
SUNFLOWER,60.18,156468.00,Dodoma Wholesale Hub,2026-05-04
SUNFLOWER,57.16,148616.00,Mbeya Border Market,2026-05-04
SUNFLOWER,60.69,157794.00,Tanga Coastal Exchange,2026-05-04
SUNFLOWER,55.89,145314.00,Tabora Grain Yard,2026-05-04
SUNFLOWER,62.38,162188.00,Kigoma Lake Hub,2026-05-04
COFFEE,83.71,217646.00,Dar Es Salaam Wholesale,2026-05-04
COFFEE,79.66,207116.00,Mwanza Central Hub,2026-05-04
COFFEE,86.18,224068.00,Arusha North Hub,2026-05-04
COFFEE,82.13,213538.00,Dodoma Wholesale Hub,2026-05-04
COFFEE,78.08,203008.00,Mbeya Border Market,2026-05-04
COFFEE,82.99,215774.00,Tanga Coastal Exchange,2026-05-04
COFFEE,76.50,198900.00,Tabora Grain Yard,2026-05-04
COFFEE,85.48,222248.00,Kigoma Lake Hub,2026-05-04
CASHEW,102.80,267280.00,Dar Es Salaam Wholesale,2026-05-04
CASHEW,97.84,254384.00,Mwanza Central Hub,2026-05-04
CASHEW,105.86,275236.00,Arusha North Hub,2026-05-04
CASHEW,100.89,262314.00,Dodoma Wholesale Hub,2026-05-04
CASHEW,95.92,249392.00,Mbeya Border Market,2026-05-04
CASHEW,101.94,265044.00,Tanga Coastal Exchange,2026-05-04
CASHEW,93.96,244296.00,Tabora Grain Yard,2026-05-04
CASHEW,104.97,272922.00,Kigoma Lake Hub,2026-05-04
COCONUT,84.49,219674.00,Dar Es Salaam Wholesale,2026-05-04
COCONUT,80.32,208832.00,Mwanza Central Hub,2026-05-04
COCONUT,86.81,225706.00,Arusha North Hub,2026-05-04
COCONUT,82.65,214890.00,Dodoma Wholesale Hub,2026-05-04
COCONUT,78.50,204100.00,Mbeya Border Market,2026-05-04
COCONUT,83.35,216710.00,Tanga Coastal Exchange,2026-05-04
COCONUT,76.76,199576.00,Tabora Grain Yard,2026-05-04
COCONUT,85.68,222768.00,Kigoma Lake Hub,2026-05-04
MAIZE,53.27,138502.00,Dar Es Salaam Wholesale,2026-05-11
MAIZE,50.72,131872.00,Mwanza Central Hub,2026-05-11
MAIZE,54.89,142714.00,Arusha North Hub,2026-05-11
MAIZE,52.34,136084.00,Dodoma Wholesale Hub,2026-05-11
MAIZE,49.78,129428.00,Mbeya Border Market,2026-05-11
MAIZE,52.92,137592.00,Tanga Coastal Exchange,2026-05-11
MAIZE,48.79,126854.00,Tabora Grain Yard,2026-05-11
MAIZE,54.53,141778.00,Kigoma Lake Hub,2026-05-11
RICE,67.43,175318.00,Dar Es Salaam Wholesale,2026-05-11
RICE,64.08,166608.00,Mwanza Central Hub,2026-05-11
RICE,69.23,179998.00,Arusha North Hub,2026-05-11
RICE,65.90,171340.00,Dodoma Wholesale Hub,2026-05-11
RICE,62.57,162682.00,Mbeya Border Market,2026-05-11
RICE,66.41,172666.00,Tanga Coastal Exchange,2026-05-11
RICE,61.14,158964.00,Tabora Grain Yard,2026-05-11
RICE,68.22,177372.00,Kigoma Lake Hub,2026-05-11
BEANS,72.25,187850.00,Dar Es Salaam Wholesale,2026-05-11
BEANS,68.84,178984.00,Mwanza Central Hub,2026-05-11
BEANS,74.56,193856.00,Arusha North Hub,2026-05-11
BEANS,71.14,184964.00,Dodoma Wholesale Hub,2026-05-11
BEANS,67.71,176046.00,Mbeya Border Market,2026-05-11
BEANS,72.04,187304.00,Tanga Coastal Exchange,2026-05-11
BEANS,66.47,172822.00,Tabora Grain Yard,2026-05-11
BEANS,74.35,193310.00,Kigoma Lake Hub,2026-05-11
WHEAT,46.27,120302.00,Dar Es Salaam Wholesale,2026-05-11
WHEAT,43.96,114296.00,Mwanza Central Hub,2026-05-11
WHEAT,47.47,123422.00,Arusha North Hub,2026-05-11
WHEAT,45.16,117416.00,Dodoma Wholesale Hub,2026-05-11
WHEAT,42.86,111436.00,Mbeya Border Market,2026-05-11
WHEAT,45.47,118222.00,Tanga Coastal Exchange,2026-05-11
WHEAT,41.84,108784.00,Tabora Grain Yard,2026-05-11
WHEAT,46.67,121342.00,Kigoma Lake Hub,2026-05-11
SORGHUM,36.88,95888.00,Dar Es Salaam Wholesale,2026-05-11
SORGHUM,35.14,91364.00,Mwanza Central Hub,2026-05-11
SORGHUM,38.07,98982.00,Arusha North Hub,2026-05-11
SORGHUM,36.33,94458.00,Dodoma Wholesale Hub,2026-05-11
SORGHUM,34.58,89908.00,Mbeya Border Market,2026-05-11
SORGHUM,36.80,95680.00,Tanga Coastal Exchange,2026-05-11
SORGHUM,33.96,88296.00,Tabora Grain Yard,2026-05-11
SORGHUM,35.07,91182.00,Kigoma Lake Hub,2026-05-11
CASSAVA,25.40,66040.00,Dar Es Salaam Wholesale,2026-05-11
CASSAVA,24.13,62738.00,Mwanza Central Hub,2026-05-11
CASSAVA,26.06,67756.00,Arusha North Hub,2026-05-11
CASSAVA,24.80,64480.00,Dodoma Wholesale Hub,2026-05-11
CASSAVA,23.53,61178.00,Mbeya Border Market,2026-05-11
CASSAVA,24.97,64922.00,Tanga Coastal Exchange,2026-05-11
CASSAVA,22.97,59722.00,Tabora Grain Yard,2026-05-11
CASSAVA,25.62,66612.00,Kigoma Lake Hub,2026-05-11
POTATO,30.24,78624.00,Dar Es Salaam Wholesale,2026-05-11
POTATO,28.80,74880.00,Mwanza Central Hub,2026-05-11
POTATO,31.19,81094.00,Arusha North Hub,2026-05-11
POTATO,29.76,77376.00,Dodoma Wholesale Hub,2026-05-11
POTATO,28.32,73632.00,Mbeya Border Market,2026-05-11
POTATO,30.13,78338.00,Tanga Coastal Exchange,2026-05-11
POTATO,27.80,72280.00,Tabora Grain Yard,2026-05-11
POTATO,31.09,80834.00,Kigoma Lake Hub,2026-05-11
GROUNDNUT,77.55,201630.00,Dar Es Salaam Wholesale,2026-05-11
GROUNDNUT,73.73,191698.00,Mwanza Central Hub,2026-05-11
GROUNDNUT,79.68,207168.00,Arusha North Hub,2026-05-11
GROUNDNUT,75.86,197236.00,Dodoma Wholesale Hub,2026-05-11
GROUNDNUT,72.04,187304.00,Mbeya Border Market,2026-05-11
GROUNDNUT,76.48,198848.00,Tanga Coastal Exchange,2026-05-11
GROUNDNUT,70.41,183066.00,Tabora Grain Yard,2026-05-11
GROUNDNUT,78.58,204308.00,Kigoma Lake Hub,2026-05-11
SUNFLOWER,57.21,148746.00,Dar Es Salaam Wholesale,2026-05-11
SUNFLOWER,54.46,141596.00,Mwanza Central Hub,2026-05-11
SUNFLOWER,58.93,153218.00,Arusha North Hub,2026-05-11
SUNFLOWER,56.17,146042.00,Dodoma Wholesale Hub,2026-05-11
SUNFLOWER,53.41,138866.00,Mbeya Border Market,2026-05-11
SUNFLOWER,56.78,147628.00,Tanga Coastal Exchange,2026-05-11
SUNFLOWER,52.35,136110.00,Tabora Grain Yard,2026-05-11
SUNFLOWER,58.51,152126.00,Kigoma Lake Hub,2026-05-11
COFFEE,90.69,235794.00,Dar Es Salaam Wholesale,2026-05-11
COFFEE,86.29,224354.00,Mwanza Central Hub,2026-05-11
COFFEE,93.35,242710.00,Arusha North Hub,2026-05-11
COFFEE,88.95,231270.00,Dodoma Wholesale Hub,2026-05-11
COFFEE,84.55,219830.00,Mbeya Border Market,2026-05-11
COFFEE,89.84,233584.00,Tanga Coastal Exchange,2026-05-11
COFFEE,82.79,215254.00,Tabora Grain Yard,2026-05-11
COFFEE,92.47,240422.00,Kigoma Lake Hub,2026-05-11
CASHEW,95.78,249028.00,Dar Es Salaam Wholesale,2026-05-11
CASHEW,91.07,236782.00,Mwanza Central Hub,2026-05-11
CASHEW,98.45,255970.00,Arusha North Hub,2026-05-11
CASHEW,93.75,243750.00,Dodoma Wholesale Hub,2026-05-11
CASHEW,89.06,231556.00,Mbeya Border Market,2026-05-11
CASHEW,94.58,245908.00,Tanga Coastal Exchange,2026-05-11
CASHEW,87.12,226512.00,Tabora Grain Yard,2026-05-11
CASHEW,97.27,252902.00,Kigoma Lake Hub,2026-05-11
COCONUT,88.84,230984.00,Dar Es Salaam Wholesale,2026-05-11
COCONUT,84.61,219986.00,Mwanza Central Hub,2026-05-11
COCONUT,91.61,238186.00,Arusha North Hub,2026-05-11
COCONUT,87.37,227162.00,Dodoma Wholesale Hub,2026-05-11
COCONUT,83.12,216112.00,Mbeya Border Market,2026-05-11
COCONUT,88.40,229840.00,Tanga Coastal Exchange,2026-05-11
COCONUT,81.54,212004.00,Tabora Grain Yard,2026-05-11
COCONUT,91.16,237016.00,Kigoma Lake Hub,2026-05-11
MAIZE,50.48,131248.00,Dar Es Salaam Wholesale,2026-05-18
MAIZE,47.99,124774.00,Mwanza Central Hub,2026-05-18
MAIZE,51.85,134810.00,Arusha North Hub,2026-05-18
MAIZE,49.36,128336.00,Dodoma Wholesale Hub,2026-05-18
MAIZE,46.88,121888.00,Mbeya Border Market,2026-05-18
MAIZE,49.76,129376.00,Tanga Coastal Exchange,2026-05-18
MAIZE,45.82,119132.00,Tabora Grain Yard,2026-05-18
MAIZE,51.14,132964.00,Kigoma Lake Hub,2026-05-18
RICE,69.00,179400.00,Dar Es Salaam Wholesale,2026-05-18
RICE,65.73,170898.00,Mwanza Central Hub,2026-05-18
RICE,71.19,185094.00,Arusha North Hub,2026-05-18
RICE,67.91,176566.00,Dodoma Wholesale Hub,2026-05-18
RICE,64.63,168038.00,Mbeya Border Market,2026-05-18
RICE,68.75,178750.00,Tanga Coastal Exchange,2026-05-18
RICE,63.44,164944.00,Tabora Grain Yard,2026-05-18
RICE,70.94,184444.00,Kigoma Lake Hub,2026-05-18
BEANS,73.70,191620.00,Dar Es Salaam Wholesale,2026-05-18
BEANS,70.01,182026.00,Mwanza Central Hub,2026-05-18
BEANS,75.62,196612.00,Arusha North Hub,2026-05-18
BEANS,71.95,187070.00,Dodoma Wholesale Hub,2026-05-18
BEANS,68.28,177528.00,Mbeya Border Market,2026-05-18
BEANS,72.45,188370.00,Tanga Coastal Exchange,2026-05-18
BEANS,66.67,173342.00,Tabora Grain Yard,2026-05-18
BEANS,74.36,193336.00,Kigoma Lake Hub,2026-05-18
WHEAT,46.89,121914.00,Dar Es Salaam Wholesale,2026-05-18
WHEAT,41.25,107250.00,Mwanza Central Hub,2026-05-18
WHEAT,44.69,116194.00,Arusha North Hub,2026-05-18
WHEAT,42.66,110916.00,Dodoma Wholesale Hub,2026-05-18
WHEAT,40.61,105586.00,Mbeya Border Market,2026-05-18
WHEAT,43.22,112372.00,Tanga Coastal Exchange,2026-05-18
WHEAT,39.90,103740.00,Tabora Grain Yard,2026-05-18
WHEAT,44.64,116064.00,Kigoma Lake Hub,2026-05-18
SORGHUM,35.30,91780.00,Dar Es Salaam Wholesale,2026-05-18
SORGHUM,33.53,87178.00,Mwanza Central Hub,2026-05-18
SORGHUM,36.21,94146.00,Arusha North Hub,2026-05-18
SORGHUM,34.45,89570.00,Dodoma Wholesale Hub,2026-05-18
SORGHUM,32.69,84994.00,Mbeya Border Market,2026-05-18
SORGHUM,34.68,90168.00,Tanga Coastal Exchange,2026-05-18
SORGHUM,31.91,82966.00,Tabora Grain Yard,2026-05-18
SORGHUM,35.59,92534.00,Kigoma Lake Hub,2026-05-18
CASSAVA,25.40,66040.00,Dar Es Salaam Wholesale,2026-05-18
CASSAVA,24.20,62920.00,Mwanza Central Hub,2026-05-18
CASSAVA,26.21,68146.00,Arusha North Hub,2026-05-18
CASSAVA,25.01,65026.00,Dodoma Wholesale Hub,2026-05-18
CASSAVA,23.80,61880.00,Mbeya Border Market,2026-05-18
CASSAVA,25.32,65832.00,Tanga Coastal Exchange,2026-05-18
CASSAVA,23.37,60762.00,Tabora Grain Yard,2026-05-18
CASSAVA,26.14,67964.00,Kigoma Lake Hub,2026-05-18
POTATO,31.43,81718.00,Dar Es Salaam Wholesale,2026-05-18
POTATO,29.88,77688.00,Mwanza Central Hub,2026-05-18
POTATO,32.29,83954.00,Arusha North Hub,2026-05-18
POTATO,30.73,79898.00,Dodoma Wholesale Hub,2026-05-18
POTATO,29.18,75868.00,Mbeya Border Market,2026-05-18
POTATO,30.97,80522.00,Tanga Coastal Exchange,2026-05-18
POTATO,28.51,74126.00,Tabora Grain Yard,2026-05-18
POTATO,31.82,82732.00,Kigoma Lake Hub,2026-05-18
GROUNDNUT,72.69,188994.00,Dar Es Salaam Wholesale,2026-05-18
GROUNDNUT,69.20,179920.00,Mwanza Central Hub,2026-05-18
GROUNDNUT,74.89,194714.00,Arusha North Hub,2026-05-18
GROUNDNUT,71.41,185666.00,Dodoma Wholesale Hub,2026-05-18
GROUNDNUT,67.92,176592.00,Mbeya Border Market,2026-05-18
GROUNDNUT,72.21,187746.00,Tanga Coastal Exchange,2026-05-18
GROUNDNUT,66.59,173134.00,Tabora Grain Yard,2026-05-18
GROUNDNUT,74.44,193544.00,Kigoma Lake Hub,2026-05-18
SUNFLOWER,61.91,160966.00,Dar Es Salaam Wholesale,2026-05-18
SUNFLOWER,58.90,153140.00,Mwanza Central Hub,2026-05-18
SUNFLOWER,63.70,165620.00,Arusha North Hub,2026-05-18
SUNFLOWER,60.69,157794.00,Dodoma Wholesale Hub,2026-05-18
SUNFLOWER,57.67,149942.00,Mbeya Border Market,2026-05-18
SUNFLOWER,61.27,159302.00,Tanga Coastal Exchange,2026-05-18
SUNFLOWER,56.45,146770.00,Tabora Grain Yard,2026-05-18
SUNFLOWER,63.04,163904.00,Kigoma Lake Hub,2026-05-18
COFFEE,84.06,218556.00,Dar Es Salaam Wholesale,2026-05-18
COFFEE,79.94,207844.00,Mwanza Central Hub,2026-05-18
COFFEE,86.43,224718.00,Arusha North Hub,2026-05-18
COFFEE,82.32,214032.00,Dodoma Wholesale Hub,2026-05-18
COFFEE,78.22,203372.00,Mbeya Border Market,2026-05-18
COFFEE,83.09,216034.00,Tanga Coastal Exchange,2026-05-18
COFFEE,76.55,199030.00,Tabora Grain Yard,2026-05-18
COFFEE,85.49,222274.00,Kigoma Lake Hub,2026-05-18
CASHEW,101.82,264732.00,Dar Es Salaam Wholesale,2026-05-18
CASHEW,96.96,252096.00,Mwanza Central Hub,2026-05-18
CASHEW,104.96,272896.00,Arusha North Hub,2026-05-18
CASHEW,100.09,260234.00,Dodoma Wholesale Hub,2026-05-18
CASHEW,95.20,247520.00,Mbeya Border Market,2026-05-18
CASHEW,101.23,263198.00,Tanga Coastal Exchange,2026-05-18
CASHEW,93.35,242710.00,Tabora Grain Yard,2026-05-18
CASHEW,104.35,271310.00,Kigoma Lake Hub,2026-05-18
COCONUT,86.20,224120.00,Dar Es Salaam Wholesale,2026-05-18
COCONUT,81.91,212966.00,Mwanza Central Hub,2026-05-18
COCONUT,88.49,230074.00,Arusha North Hub,2026-05-18
COCONUT,84.21,218946.00,Dodoma Wholesale Hub,2026-05-18
COCONUT,79.95,207870.00,Mbeya Border Market,2026-05-18
COCONUT,84.85,220610.00,Tanga Coastal Exchange,2026-05-18
COCONUT,78.11,203086.00,Tabora Grain Yard,2026-05-18
COCONUT,87.15,226590.00,Kigoma Lake Hub,2026-05-18
MAIZE,52.44,136344.00,Dar Es Salaam Wholesale,2026-05-25
MAIZE,49.95,129870.00,Mwanza Central Hub,2026-05-25
MAIZE,54.09,140634.00,Arusha North Hub,2026-05-25
MAIZE,51.60,134160.00,Dodoma Wholesale Hub,2026-05-25
MAIZE,49.09,127634.00,Mbeya Border Market,2026-05-25
MAIZE,52.22,135772.00,Tanga Coastal Exchange,2026-05-25
MAIZE,48.17,125242.00,Tabora Grain Yard,2026-05-25
MAIZE,53.86,140036.00,Kigoma Lake Hub,2026-05-25
RICE,69.10,179660.00,Dar Es Salaam Wholesale,2026-05-25
RICE,65.65,170690.00,Mwanza Central Hub,2026-05-25
RICE,70.91,184366.00,Arusha North Hub,2026-05-25
RICE,67.47,175422.00,Dodoma Wholesale Hub,2026-05-25
RICE,64.04,166504.00,Mbeya Border Market,2026-05-25
RICE,67.95,176670.00,Tanga Coastal Exchange,2026-05-25
RICE,62.54,162604.00,Tabora Grain Yard,2026-05-25
RICE,69.76,181376.00,Kigoma Lake Hub,2026-05-25
BEANS,70.38,182988.00,Dar Es Salaam Wholesale,2026-05-25
BEANS,67.07,174382.00,Mwanza Central Hub,2026-05-25
BEANS,72.66,188916.00,Arusha North Hub,2026-05-25
BEANS,69.34,180284.00,Dodoma Wholesale Hub,2026-05-25
BEANS,66.02,171652.00,Mbeya Border Market,2026-05-25
BEANS,70.26,182676.00,Tanga Coastal Exchange,2026-05-25
BEANS,64.85,168610.00,Tabora Grain Yard,2026-05-25
BEANS,72.55,188630.00,Kigoma Lake Hub,2026-05-25
WHEAT,43.99,114374.00,Dar Es Salaam Wholesale,2026-05-25
WHEAT,41.79,108654.00,Mwanza Central Hub,2026-05-25
WHEAT,45.13,117338.00,Arusha North Hub,2026-05-25
WHEAT,42.93,111618.00,Dodoma Wholesale Hub,2026-05-25
WHEAT,40.74,105924.00,Mbeya Border Market,2026-05-25
WHEAT,43.21,112346.00,Tanga Coastal Exchange,2026-05-25
WHEAT,39.76,103376.00,Tabora Grain Yard,2026-05-25
WHEAT,44.34,115284.00,Kigoma Lake Hub,2026-05-25
SORGHUM,35.96,93496.00,Dar Es Salaam Wholesale,2026-05-25
SORGHUM,34.26,89076.00,Mwanza Central Hub,2026-05-25
SORGHUM,37.11,96486.00,Arusha North Hub,2026-05-25
SORGHUM,35.41,92066.00,Dodoma Wholesale Hub,2026-05-25
SORGHUM,33.70,87620.00,Mbeya Border Market,2026-05-25
SORGHUM,35.86,93236.00,Tanga Coastal Exchange,2026-05-25
SORGHUM,33.10,86060.00,Tabora Grain Yard,2026-05-25
SORGHUM,37.03,96278.00,Kigoma Lake Hub,2026-05-25
CASSAVA,26.02,67652.00,Dar Es Salaam Wholesale,2026-05-25
CASSAVA,24.73,64298.00,Mwanza Central Hub,2026-05-25
CASSAVA,26.72,69472.00,Arusha North Hub,2026-05-25
CASSAVA,25.43,66118.00,Dodoma Wholesale Hub,2026-05-25
CASSAVA,24.14,62764.00,Mbeya Border Market,2026-05-25
CASSAVA,25.62,66612.00,Tanga Coastal Exchange,2026-05-25
CASSAVA,23.58,61308.00,Tabora Grain Yard,2026-05-25
CASSAVA,26.31,68406.00,Kigoma Lake Hub,2026-05-25
POTATO,29.75,77350.00,Dar Es Salaam Wholesale,2026-05-25
POTATO,28.33,73658.00,Mwanza Central Hub,2026-05-25
POTATO,30.67,79742.00,Arusha North Hub,2026-05-25
POTATO,29.24,76024.00,Dodoma Wholesale Hub,2026-05-25
POTATO,27.82,72332.00,Mbeya Border Market,2026-05-25
POTATO,29.58,76908.00,Tanga Coastal Exchange,2026-05-25
POTATO,27.29,70954.00,Tabora Grain Yard,2026-05-25
POTATO,30.51,79326.00,Kigoma Lake Hub,2026-05-25
GROUNDNUT,78.35,203710.00,Dar Es Salaam Wholesale,2026-05-25
GROUNDNUT,74.53,193778.00,Mwanza Central Hub,2026-05-25
GROUNDNUT,80.59,209534.00,Arusha North Hub,2026-05-25
GROUNDNUT,76.76,199576.00,Dodoma Wholesale Hub,2026-05-25
GROUNDNUT,72.94,189644.00,Mbeya Border Market,2026-05-25
GROUNDNUT,77.46,201396.00,Tanga Coastal Exchange,2026-05-25
GROUNDNUT,71.36,185536.00,Tabora Grain Yard,2026-05-25
GROUNDNUT,79.68,207168.00,Kigoma Lake Hub,2026-05-25
SUNFLOWER,57.23,148798.00,Dar Es Salaam Wholesale,2026-05-25
SUNFLOWER,54.44,141544.00,Mwanza Central Hub,2026-05-25
SUNFLOWER,58.87,153062.00,Arusha North Hub,2026-05-25
SUNFLOWER,56.09,145834.00,Dodoma Wholesale Hub,2026-05-25
SUNFLOWER,53.31,138606.00,Mbeya Border Market,2026-05-25
SUNFLOWER,56.63,147238.00,Tanga Coastal Exchange,2026-05-25
SUNFLOWER,52.19,135694.00,Tabora Grain Yard,2026-05-25
SUNFLOWER,58.29,151554.00,Kigoma Lake Hub,2026-05-25
COFFEE,90.12,234312.00,Dar Es Salaam Wholesale,2026-05-25
COFFEE,85.81,223106.00,Mwanza Central Hub,2026-05-25
COFFEE,92.87,241462.00,Arusha North Hub,2026-05-25
COFFEE,88.54,230204.00,Dodoma Wholesale Hub,2026-05-25
COFFEE,84.21,218946.00,Mbeya Border Market,2026-05-25
COFFEE,89.52,232752.00,Tanga Coastal Exchange,2026-05-25
COFFEE,82.54,214604.00,Tabora Grain Yard,2026-05-25
COFFEE,92.25,239850.00,Kigoma Lake Hub,2026-05-25
CASHEW,97.44,253344.00,Dar Es Salaam Wholesale,2026-05-25
CASHEW,92.61,240786.00,Mwanza Central Hub,2026-05-25
CASHEW,100.06,260156.00,Arusha North Hub,2026-05-25
CASHEW,95.24,247624.00,Dodoma Wholesale Hub,2026-05-25
CASHEW,90.43,235118.00,Mbeya Border Market,2026-05-25
CASHEW,95.98,249548.00,Tanga Coastal Exchange,2026-05-25
CASHEW,88.37,229762.00,Tabora Grain Yard,2026-05-25
CASHEW,98.61,256386.00,Kigoma Lake Hub,2026-05-25
COCONUT,87.04,226304.00,Dar Es Salaam Wholesale,2026-05-25
COCONUT,82.93,215618.00,Mwanza Central Hub,2026-05-25
COCONUT,89.82,233532.00,Arusha North Hub,2026-05-25
COCONUT,85.70,222820.00,Dodoma Wholesale Hub,2026-05-25
COCONUT,81.56,212056.00,Mbeya Border Market,2026-05-25
COCONUT,86.77,225602.00,Tanga Coastal Exchange,2026-05-25
COCONUT,80.07,208182.00,Tabora Grain Yard,2026-05-25
COCONUT,89.56,232856.00,Kigoma Lake Hub,2026-05-25
MAIZE,50.22,130572.00,Dar Es Salaam Wholesale,2026-06-01
MAIZE,47.71,124046.00,Mwanza Central Hub,2026-06-01
MAIZE,51.54,134004.00,Arusha North Hub,2026-06-01
MAIZE,49.04,127504.00,Dodoma Wholesale Hub,2026-06-01
MAIZE,46.56,121056.00,Mbeya Border Market,2026-06-01
MAIZE,49.40,128440.00,Tanga Coastal Exchange,2026-06-01
MAIZE,45.47,118222.00,Tabora Grain Yard,2026-06-01
MAIZE,50.73,131898.00,Kigoma Lake Hub,2026-06-01
RICE,64.73,168298.00,Dar Es Salaam Wholesale,2026-06-01
RICE,61.68,160368.00,Mwanza Central Hub,2026-06-01
RICE,66.82,173732.00,Arusha North Hub,2026-06-01
RICE,63.77,165802.00,Dodoma Wholesale Hub,2026-06-01
RICE,60.70,157820.00,Mbeya Border Market,2026-06-01
RICE,64.60,167960.00,Tanga Coastal Exchange,2026-06-01
RICE,59.62,155012.00,Tabora Grain Yard,2026-06-01
RICE,66.69,173394.00,Kigoma Lake Hub,2026-06-01
BEANS,67.21,174746.00,Dar Es Salaam Wholesale,2026-06-01
BEANS,63.85,166010.00,Mwanza Central Hub,2026-06-01
BEANS,68.94,179244.00,Arusha North Hub,2026-06-01
BEANS,71.05,184730.00,Dodoma Wholesale Hub,2026-06-01
BEANS,67.43,175318.00,Mbeya Border Market,2026-06-01
BEANS,71.54,186004.00,Tanga Coastal Exchange,2026-06-01
BEANS,65.82,171132.00,Tabora Grain Yard,2026-06-01
BEANS,73.41,190866.00,Kigoma Lake Hub,2026-06-01
WHEAT,44.30,115180.00,Dar Es Salaam Wholesale,2026-06-01
WHEAT,42.21,109746.00,Mwanza Central Hub,2026-06-01
WHEAT,45.73,118898.00,Arusha North Hub,2026-06-01
WHEAT,43.64,113464.00,Dodoma Wholesale Hub,2026-06-01
WHEAT,41.54,108004.00,Mbeya Border Market,2026-06-01
WHEAT,44.20,114920.00,Tanga Coastal Exchange,2026-06-01
WHEAT,40.80,106080.00,Tabora Grain Yard,2026-06-01
WHEAT,45.64,118664.00,Kigoma Lake Hub,2026-06-01
SORGHUM,35.82,93132.00,Dar Es Salaam Wholesale,2026-06-01
SORGHUM,34.04,88504.00,Mwanza Central Hub,2026-06-01
SORGHUM,36.77,95602.00,Arusha North Hub,2026-06-01
SORGHUM,34.99,90974.00,Dodoma Wholesale Hub,2026-06-01
SORGHUM,33.21,86346.00,Mbeya Border Market,2026-06-01
SORGHUM,35.24,91624.00,Tanga Coastal Exchange,2026-06-01
SORGHUM,32.43,84318.00,Tabora Grain Yard,2026-06-01
SORGHUM,36.18,94068.00,Kigoma Lake Hub,2026-06-01
CASSAVA,25.22,65572.00,Dar Es Salaam Wholesale,2026-06-01
CASSAVA,24.01,62426.00,Mwanza Central Hub,2026-06-01
CASSAVA,26.00,67600.00,Arusha North Hub,2026-06-01
CASSAVA,24.80,64480.00,Dodoma Wholesale Hub,2026-06-01
CASSAVA,23.59,61334.00,Mbeya Border Market,2026-06-01
CASSAVA,25.09,65234.00,Tanga Coastal Exchange,2026-06-01
CASSAVA,23.15,60190.00,Tabora Grain Yard,2026-06-01
CASSAVA,25.89,67314.00,Kigoma Lake Hub,2026-06-01
POTATO,32.87,85462.00,Dar Es Salaam Wholesale,2026-06-01
POTATO,31.26,81276.00,Mwanza Central Hub,2026-06-01
POTATO,33.79,87854.00,Arusha North Hub,2026-06-01
POTATO,32.18,83668.00,Dodoma Wholesale Hub,2026-06-01
POTATO,30.57,79482.00,Mbeya Border Market,2026-06-01
POTATO,32.46,84396.00,Tanga Coastal Exchange,2026-06-01
POTATO,29.90,77740.00,Tabora Grain Yard,2026-06-01
POTATO,33.38,86788.00,Kigoma Lake Hub,2026-06-01
GROUNDNUT,75.46,196196.00,Dar Es Salaam Wholesale,2026-06-01
GROUNDNUT,71.79,186654.00,Mwanza Central Hub,2026-06-01
GROUNDNUT,77.66,201916.00,Arusha North Hub,2026-06-01
GROUNDNUT,74.00,192400.00,Dodoma Wholesale Hub,2026-06-01
GROUNDNUT,70.34,182884.00,Mbeya Border Market,2026-06-01
GROUNDNUT,74.74,194324.00,Tanga Coastal Exchange,2026-06-01
GROUNDNUT,68.89,179114.00,Tabora Grain Yard,2026-06-01
GROUNDNUT,76.97,200122.00,Kigoma Lake Hub,2026-06-01
SUNFLOWER,64.21,166946.00,Dar Es Salaam Wholesale,2026-06-01
SUNFLOWER,61.12,158912.00,Mwanza Central Hub,2026-06-01
SUNFLOWER,66.14,171964.00,Arusha North Hub,2026-06-01
SUNFLOWER,63.04,163904.00,Dodoma Wholesale Hub,2026-06-01
SUNFLOWER,59.95,155870.00,Mbeya Border Market,2026-06-01
SUNFLOWER,63.71,165646.00,Tanga Coastal Exchange,2026-06-01
SUNFLOWER,58.74,152724.00,Tabora Grain Yard,2026-06-01
SUNFLOWER,65.63,170638.00,Kigoma Lake Hub,2026-06-01
COFFEE,87.64,227864.00,Dar Es Salaam Wholesale,2026-06-01
COFFEE,83.31,216606.00,Mwanza Central Hub,2026-06-01
COFFEE,90.02,234052.00,Arusha North Hub,2026-06-01
COFFEE,85.70,222820.00,Dodoma Wholesale Hub,2026-06-01
COFFEE,81.39,211614.00,Mbeya Border Market,2026-06-01
COFFEE,86.40,224640.00,Tanga Coastal Exchange,2026-06-01
COFFEE,79.56,206856.00,Tabora Grain Yard,2026-06-01
COFFEE,88.80,230880.00,Kigoma Lake Hub,2026-06-01
CASHEW,101.01,262626.00,Dar Es Salaam Wholesale,2026-06-01
CASHEW,96.23,250198.00,Mwanza Central Hub,2026-06-01
CASHEW,104.22,270972.00,Arusha North Hub,2026-06-01
CASHEW,99.42,258492.00,Dodoma Wholesale Hub,2026-06-01
CASHEW,94.61,245986.00,Mbeya Border Market,2026-06-01
CASHEW,100.65,261690.00,Tanga Coastal Exchange,2026-06-01
CASHEW,92.86,241436.00,Tabora Grain Yard,2026-06-01
CASHEW,103.84,269984.00,Kigoma Lake Hub,2026-06-01
COCONUT,87.58,227708.00,Dar Es Salaam Wholesale,2026-06-01
COCONUT,83.21,216346.00,Mwanza Central Hub,2026-06-01
COCONUT,89.87,233662.00,Arusha North Hub,2026-06-01
COCONUT,85.50,222300.00,Dodoma Wholesale Hub,2026-06-01
COCONUT,81.15,210990.00,Mbeya Border Market,2026-06-01
COCONUT,86.10,223860.00,Tanga Coastal Exchange,2026-06-01
COCONUT,79.23,205998.00,Tabora Grain Yard,2026-06-01
COCONUT,88.38,229788.00,Kigoma Lake Hub,2026-06-01
MAIZE,49.86,129636.00,Dar Es Salaam Wholesale,2026-06-08
MAIZE,47.51,123526.00,Mwanza Central Hub,2026-06-08
MAIZE,51.46,133796.00,Arusha North Hub,2026-06-08
MAIZE,49.11,127686.00,Dodoma Wholesale Hub,2026-06-08
MAIZE,46.74,121524.00,Mbeya Border Market,2026-06-08
MAIZE,49.74,129324.00,Tanga Coastal Exchange,2026-06-08
MAIZE,45.90,119340.00,Tabora Grain Yard,2026-06-08
MAIZE,51.34,133484.00,Kigoma Lake Hub,2026-06-08
RICE,68.33,177658.00,Dar Es Salaam Wholesale,2026-06-08
RICE,64.92,168792.00,Mwanza Central Hub,2026-06-08
RICE,70.11,182286.00,Arusha North Hub,2026-06-08
RICE,66.70,173420.00,Dodoma Wholesale Hub,2026-06-08
RICE,63.30,164580.00,Mbeya Border Market,2026-06-08
RICE,67.15,174590.00,Tanga Coastal Exchange,2026-06-08
RICE,61.79,160654.00,Tabora Grain Yard,2026-06-08
RICE,68.92,179192.00,Kigoma Lake Hub,2026-06-08
BEANS,71.25,185250.00,Dar Es Salaam Wholesale,2026-06-08
BEANS,67.90,176540.00,Mwanza Central Hub,2026-06-08
BEANS,73.55,191230.00,Arusha North Hub,2026-06-08
BEANS,70.19,182494.00,Dodoma Wholesale Hub,2026-06-08
BEANS,66.82,173732.00,Mbeya Border Market,2026-06-08
BEANS,71.10,184860.00,Tanga Coastal Exchange,2026-06-08
BEANS,65.63,170638.00,Tabora Grain Yard,2026-06-08
BEANS,73.42,190892.00,Kigoma Lake Hub,2026-06-08
WHEAT,43.86,114036.00,Dar Es Salaam Wholesale,2026-06-08
WHEAT,41.67,108342.00,Mwanza Central Hub,2026-06-08
WHEAT,45.01,117026.00,Arusha North Hub,2026-06-08
WHEAT,42.83,111358.00,Dodoma Wholesale Hub,2026-06-08
WHEAT,40.65,105690.00,Mbeya Border Market,2026-06-08
WHEAT,43.13,112138.00,Tanga Coastal Exchange,2026-06-08
WHEAT,39.69,103194.00,Tabora Grain Yard,2026-06-08
WHEAT,44.27,115102.00,Kigoma Lake Hub,2026-06-08
SORGHUM,34.80,90480.00,Dar Es Salaam Wholesale,2026-06-08
SORGHUM,33.14,86164.00,Mwanza Central Hub,2026-06-08
SORGHUM,35.89,93314.00,Arusha North Hub,2026-06-08
SORGHUM,34.24,89024.00,Dodoma Wholesale Hub,2026-06-08
SORGHUM,32.58,84708.00,Mbeya Border Market,2026-06-08
SORGHUM,34.65,90090.00,Tanga Coastal Exchange,2026-06-08
SORGHUM,31.98,83148.00,Tabora Grain Yard,2026-06-08
SORGHUM,35.76,92976.00,Kigoma Lake Hub,2026-06-08
CASSAVA,26.77,69602.00,Dar Es Salaam Wholesale,2026-06-08
CASSAVA,25.45,66170.00,Mwanza Central Hub,2026-06-08
CASSAVA,27.51,71526.00,Arusha North Hub,2026-06-08
CASSAVA,26.19,68094.00,Dodoma Wholesale Hub,2026-06-08
CASSAVA,24.88,64688.00,Mbeya Border Market,2026-06-08
CASSAVA,26.41,68666.00,Tanga Coastal Exchange,2026-06-08
CASSAVA,24.32,63232.00,Tabora Grain Yard,2026-06-08
CASSAVA,27.15,70590.00,Kigoma Lake Hub,2026-06-08
POTATO,30.47,79222.00,Dar Es Salaam Wholesale,2026-06-08
POTATO,29.00,75400.00,Mwanza Central Hub,2026-06-08
POTATO,31.37,81562.00,Arusha North Hub,2026-06-08
POTATO,29.90,77740.00,Dodoma Wholesale Hub,2026-06-08
POTATO,28.43,73918.00,Mbeya Border Market,2026-06-08
POTATO,30.21,78546.00,Tanga Coastal Exchange,2026-06-08
POTATO,27.85,72410.00,Tabora Grain Yard,2026-06-08
POTATO,31.13,80938.00,Kigoma Lake Hub,2026-06-08
GROUNDNUT,81.68,212368.00,Dar Es Salaam Wholesale,2026-06-08
GROUNDNUT,77.73,202098.00,Mwanza Central Hub,2026-06-08
GROUNDNUT,84.10,218660.00,Arusha North Hub,2026-06-08
GROUNDNUT,80.15,208390.00,Dodoma Wholesale Hub,2026-06-08
GROUNDNUT,76.20,198120.00,Mbeya Border Market,2026-06-08
GROUNDNUT,80.97,210522.00,Tanga Coastal Exchange,2026-06-08
GROUNDNUT,74.63,194038.00,Tabora Grain Yard,2026-06-08
GROUNDNUT,83.37,216762.00,Kigoma Lake Hub,2026-06-08
SUNFLOWER,60.15,156390.00,Dar Es Salaam Wholesale,2026-06-08
SUNFLOWER,57.19,148694.00,Mwanza Central Hub,2026-06-08
SUNFLOWER,61.81,160706.00,Arusha North Hub,2026-06-08
SUNFLOWER,58.85,153010.00,Dodoma Wholesale Hub,2026-06-08
SUNFLOWER,55.90,145340.00,Mbeya Border Market,2026-06-08
SUNFLOWER,59.36,154336.00,Tanga Coastal Exchange,2026-06-08
SUNFLOWER,54.67,142142.00,Tabora Grain Yard,2026-06-08
SUNFLOWER,61.03,158678.00,Kigoma Lake Hub,2026-06-08
COFFEE,91.28,237328.00,Dar Es Salaam Wholesale,2026-06-08
COFFEE,86.94,226044.00,Mwanza Central Hub,2026-06-08
COFFEE,94.14,244764.00,Arusha North Hub,2026-06-08
COFFEE,89.80,233480.00,Dodoma Wholesale Hub,2026-06-08
COFFEE,85.44,222144.00,Mbeya Border Market,2026-06-08
COFFEE,90.88,236288.00,Tanga Coastal Exchange,2026-06-08
COFFEE,83.83,217958.00,Tabora Grain Yard,2026-06-08
COFFEE,93.74,243724.00,Kigoma Lake Hub,2026-06-08
CASHEW,100.82,262132.00,Dar Es Salaam Wholesale,2026-06-08
CASHEW,95.79,249054.00,Mwanza Central Hub,2026-06-08
CASHEW,103.47,269022.00,Arusha North Hub,2026-06-08
CASHEW,98.45,255970.00,Dodoma Wholesale Hub,2026-06-08
CASHEW,93.45,242970.00,Mbeya Border Market,2026-06-08
CASHEW,99.15,257790.00,Tanga Coastal Exchange,2026-06-08
CASHEW,91.25,237250.00,Tabora Grain Yard,2026-06-08
CASHEW,101.79,264654.00,Kigoma Lake Hub,2026-06-08
COCONUT,83.96,218296.00,Dar Es Salaam Wholesale,2026-06-08
COCONUT,80.02,208052.00,Mwanza Central Hub,2026-06-08
COCONUT,86.69,225394.00,Arusha North Hub,2026-06-08
COCONUT,82.73,215098.00,Dodoma Wholesale Hub,2026-06-08
COCONUT,78.76,204776.00,Mbeya Border Market,2026-06-08
COCONUT,83.82,217932.00,Tanga Coastal Exchange,2026-06-08
COCONUT,77.36,201136.00,Tabora Grain Yard,2026-06-08
COCONUT,86.55,225030.00,Kigoma Lake Hub,2026-06-08
MAIZE,51.60,134160.00,Dar Es Salaam Wholesale,2026-06-15
MAIZE,49.02,127452.00,Mwanza Central Hub,2026-06-15
MAIZE,52.94,137644.00,Arusha North Hub,2026-06-15
MAIZE,50.37,130962.00,Dodoma Wholesale Hub,2026-06-15
MAIZE,47.80,124280.00,Mbeya Border Market,2026-06-15
MAIZE,50.71,131846.00,Tanga Coastal Exchange,2026-06-15
MAIZE,46.67,121342.00,Tabora Grain Yard,2026-06-15
MAIZE,52.05,135330.00,Kigoma Lake Hub,2026-06-15
RICE,68.23,177398.00,Dar Es Salaam Wholesale,2026-06-15
RICE,65.02,169052.00,Mwanza Central Hub,2026-06-15
RICE,70.44,183144.00,Arusha North Hub,2026-06-15
RICE,67.22,174772.00,Dodoma Wholesale Hub,2026-06-15
RICE,63.99,166374.00,Mbeya Border Market,2026-06-15
RICE,68.09,177034.00,Tanga Coastal Exchange,2026-06-15
RICE,58.02,150852.00,Tabora Grain Yard,2026-06-15
RICE,64.91,168766.00,Kigoma Lake Hub,2026-06-15
BEANS,69.22,179972.00,Dar Es Salaam Wholesale,2026-06-15
BEANS,65.76,170976.00,Mwanza Central Hub,2026-06-15
BEANS,71.02,184652.00,Arusha North Hub,2026-06-15
BEANS,67.57,175682.00,Dodoma Wholesale Hub,2026-06-15
BEANS,64.13,166738.00,Mbeya Border Market,2026-06-15
BEANS,68.03,176878.00,Tanga Coastal Exchange,2026-06-15
BEANS,62.60,162760.00,Tabora Grain Yard,2026-06-15
BEANS,69.81,181506.00,Kigoma Lake Hub,2026-06-15
WHEAT,43.29,112554.00,Dar Es Salaam Wholesale,2026-06-15
WHEAT,41.24,107224.00,Mwanza Central Hub,2026-06-15
WHEAT,44.66,116116.00,Arusha North Hub,2026-06-15
WHEAT,42.61,110786.00,Dodoma Wholesale Hub,2026-06-15
WHEAT,40.55,105430.00,Mbeya Border Market,2026-06-15
WHEAT,43.14,112164.00,Tanga Coastal Exchange,2026-06-15
WHEAT,39.81,103506.00,Tabora Grain Yard,2026-06-15
WHEAT,44.53,115778.00,Kigoma Lake Hub,2026-06-15
SORGHUM,36.53,94978.00,Dar Es Salaam Wholesale,2026-06-15
SORGHUM,34.73,90298.00,Mwanza Central Hub,2026-06-15
SORGHUM,37.53,97578.00,Arusha North Hub,2026-06-15
SORGHUM,35.73,92898.00,Dodoma Wholesale Hub,2026-06-15
SORGHUM,33.93,88218.00,Mbeya Border Market,2026-06-15
SORGHUM,36.02,93652.00,Tanga Coastal Exchange,2026-06-15
SORGHUM,33.16,86216.00,Tabora Grain Yard,2026-06-15
SORGHUM,37.00,96200.00,Kigoma Lake Hub,2026-06-15
CASSAVA,24.95,64870.00,Dar Es Salaam Wholesale,2026-06-15
CASSAVA,23.75,61750.00,Mwanza Central Hub,2026-06-15
CASSAVA,25.70,66820.00,Arusha North Hub,2026-06-15
CASSAVA,24.50,63700.00,Dodoma Wholesale Hub,2026-06-15
CASSAVA,23.30,60580.00,Mbeya Border Market,2026-06-15
CASSAVA,24.76,64376.00,Tanga Coastal Exchange,2026-06-15
CASSAVA,22.84,59384.00,Tabora Grain Yard,2026-06-15
CASSAVA,25.52,66352.00,Kigoma Lake Hub,2026-06-15
POTATO,33.01,85826.00,Dar Es Salaam Wholesale,2026-06-15
POTATO,31.41,81666.00,Mwanza Central Hub,2026-06-15
POTATO,33.97,88322.00,Arusha North Hub,2026-06-15
POTATO,32.37,84162.00,Dodoma Wholesale Hub,2026-06-15
POTATO,30.77,80002.00,Mbeya Border Market,2026-06-15
POTATO,32.69,84994.00,Tanga Coastal Exchange,2026-06-15
POTATO,30.12,78312.00,Tabora Grain Yard,2026-06-15
POTATO,33.64,87464.00,Kigoma Lake Hub,2026-06-15
GROUNDNUT,75.98,197548.00,Dar Es Salaam Wholesale,2026-06-15
GROUNDNUT,72.25,187850.00,Mwanza Central Hub,2026-06-15
GROUNDNUT,78.10,203060.00,Arusha North Hub,2026-06-15
GROUNDNUT,74.38,193388.00,Dodoma Wholesale Hub,2026-06-15
GROUNDNUT,70.66,183716.00,Mbeya Border Market,2026-06-15
GROUNDNUT,75.05,195130.00,Tanga Coastal Exchange,2026-06-15
GROUNDNUT,69.13,179738.00,Tabora Grain Yard,2026-06-15
GROUNDNUT,77.19,200694.00,Kigoma Lake Hub,2026-06-15
SUNFLOWER,63.44,164944.00,Dar Es Salaam Wholesale,2026-06-15
SUNFLOWER,60.42,157092.00,Mwanza Central Hub,2026-06-15
SUNFLOWER,65.41,170066.00,Arusha North Hub,2026-06-15
SUNFLOWER,62.38,162188.00,Dodoma Wholesale Hub,2026-06-15
SUNFLOWER,59.35,154310.00,Mbeya Border Market,2026-06-15
SUNFLOWER,63.11,164086.00,Tanga Coastal Exchange,2026-06-15
SUNFLOWER,58.21,151346.00,Tabora Grain Yard,2026-06-15
SUNFLOWER,65.08,169208.00,Kigoma Lake Hub,2026-06-15
COFFEE,89.59,232934.00,Dar Es Salaam Wholesale,2026-06-15
COFFEE,85.12,221312.00,Mwanza Central Hub,2026-06-15
COFFEE,91.95,239070.00,Arusha North Hub,2026-06-15
COFFEE,87.50,227500.00,Dodoma Wholesale Hub,2026-06-15
COFFEE,83.06,215956.00,Mbeya Border Market,2026-06-15
COFFEE,88.15,229190.00,Tanga Coastal Exchange,2026-06-15
COFFEE,81.13,210938.00,Tabora Grain Yard,2026-06-15
COFFEE,90.52,235352.00,Kigoma Lake Hub,2026-06-15
CASHEW,98.59,256334.00,Dar Es Salaam Wholesale,2026-06-15
CASHEW,93.95,244270.00,Mwanza Central Hub,2026-06-15
CASHEW,101.77,264602.00,Arusha North Hub,2026-06-15
CASHEW,97.12,252512.00,Dodoma Wholesale Hub,2026-06-15
CASHEW,92.45,240370.00,Mbeya Border Market,2026-06-15
CASHEW,98.38,255788.00,Tanga Coastal Exchange,2026-06-15
CASHEW,90.80,236080.00,Tabora Grain Yard,2026-06-15
CASHEW,101.57,264082.00,Kigoma Lake Hub,2026-06-15
COCONUT,83.19,216294.00,Dar Es Salaam Wholesale,2026-06-15
COCONUT,79.02,205452.00,Mwanza Central Hub,2026-06-15
COCONUT,92.45,240370.00,Arusha North Hub,2026-06-15
COCONUT,87.95,228670.00,Dodoma Wholesale Hub,2026-06-15
COCONUT,83.47,217022.00,Mbeya Border Market,2026-06-15
COCONUT,88.55,230230.00,Tanga Coastal Exchange,2026-06-15
COCONUT,81.48,211848.00,Tabora Grain Yard,2026-06-15
COCONUT,90.88,236288.00,Kigoma Lake Hub,2026-06-15
MAIZE,48.52,126152.00,Dar Es Salaam Wholesale,2026-06-22
MAIZE,46.24,120224.00,Mwanza Central Hub,2026-06-22
MAIZE,50.10,130260.00,Arusha North Hub,2026-06-22
MAIZE,47.82,124332.00,Dodoma Wholesale Hub,2026-06-22
MAIZE,45.52,118352.00,Mbeya Border Market,2026-06-22
MAIZE,48.45,125970.00,Tanga Coastal Exchange,2026-06-22
MAIZE,44.72,116272.00,Tabora Grain Yard,2026-06-22
MAIZE,50.04,130104.00,Kigoma Lake Hub,2026-06-22
RICE,64.98,168948.00,Dar Es Salaam Wholesale,2026-06-22
RICE,61.73,160498.00,Mwanza Central Hub,2026-06-22
RICE,66.67,173342.00,Arusha North Hub,2026-06-22
RICE,63.42,164892.00,Dodoma Wholesale Hub,2026-06-22
RICE,60.19,156494.00,Mbeya Border Market,2026-06-22
RICE,63.85,166010.00,Tanga Coastal Exchange,2026-06-22
RICE,58.74,152724.00,Tabora Grain Yard,2026-06-22
RICE,65.51,170326.00,Kigoma Lake Hub,2026-06-22
BEANS,69.53,180778.00,Dar Es Salaam Wholesale,2026-06-22
BEANS,66.24,172224.00,Mwanza Central Hub,2026-06-22
BEANS,71.75,186550.00,Arusha North Hub,2026-06-22
BEANS,68.46,177996.00,Dodoma Wholesale Hub,2026-06-22
BEANS,65.16,169416.00,Mbeya Border Market,2026-06-22
BEANS,69.33,180258.00,Tanga Coastal Exchange,2026-06-22
BEANS,63.98,166348.00,Tabora Grain Yard,2026-06-22
BEANS,71.57,186082.00,Kigoma Lake Hub,2026-06-22
WHEAT,44.85,116610.00,Dar Es Salaam Wholesale,2026-06-22
WHEAT,42.63,110838.00,Mwanza Central Hub,2026-06-22
WHEAT,46.06,119756.00,Arusha North Hub,2026-06-22
WHEAT,43.84,113984.00,Dodoma Wholesale Hub,2026-06-22
WHEAT,41.63,108238.00,Mbeya Border Market,2026-06-22
WHEAT,44.18,114868.00,Tanga Coastal Exchange,2026-06-22
WHEAT,40.67,105742.00,Tabora Grain Yard,2026-06-22
WHEAT,45.38,117988.00,Kigoma Lake Hub,2026-06-22
SORGHUM,34.32,89232.00,Dar Es Salaam Wholesale,2026-06-22
SORGHUM,32.67,84942.00,Mwanza Central Hub,2026-06-22
SORGHUM,35.36,91936.00,Arusha North Hub,2026-06-22
SORGHUM,33.71,87646.00,Dodoma Wholesale Hub,2026-06-22
SORGHUM,32.07,83382.00,Mbeya Border Market,2026-06-22
SORGHUM,34.10,88660.00,Tanga Coastal Exchange,2026-06-22
SORGHUM,31.45,81770.00,Tabora Grain Yard,2026-06-22
SORGHUM,35.15,91390.00,Kigoma Lake Hub,2026-06-22
CASSAVA,26.97,70122.00,Dar Es Salaam Wholesale,2026-06-22
CASSAVA,25.66,66716.00,Mwanza Central Hub,2026-06-22
CASSAVA,27.75,72150.00,Arusha North Hub,2026-06-22
CASSAVA,26.44,68744.00,Dodoma Wholesale Hub,2026-06-22
CASSAVA,25.13,65338.00,Mbeya Border Market,2026-06-22
CASSAVA,26.69,69394.00,Tanga Coastal Exchange,2026-06-22
CASSAVA,24.59,63934.00,Tabora Grain Yard,2026-06-22
CASSAVA,27.46,71396.00,Kigoma Lake Hub,2026-06-22
POTATO,30.56,79456.00,Dar Es Salaam Wholesale,2026-06-22
POTATO,29.07,75582.00,Mwanza Central Hub,2026-06-22
POTATO,31.43,81718.00,Arusha North Hub,2026-06-22
POTATO,29.94,77844.00,Dodoma Wholesale Hub,2026-06-22
POTATO,28.45,73970.00,Mbeya Border Market,2026-06-22
POTATO,30.22,78572.00,Tanga Coastal Exchange,2026-06-22
POTATO,27.84,72384.00,Tabora Grain Yard,2026-06-22
POTATO,31.10,80860.00,Kigoma Lake Hub,2026-06-22
GROUNDNUT,80.97,210522.00,Dar Es Salaam Wholesale,2026-06-22
GROUNDNUT,77.10,200460.00,Mwanza Central Hub,2026-06-22
GROUNDNUT,83.45,216970.00,Arusha North Hub,2026-06-22
GROUNDNUT,79.58,206908.00,Dodoma Wholesale Hub,2026-06-22
GROUNDNUT,75.69,196794.00,Mbeya Border Market,2026-06-22
GROUNDNUT,80.48,209248.00,Tanga Coastal Exchange,2026-06-22
GROUNDNUT,74.21,192946.00,Tabora Grain Yard,2026-06-22
GROUNDNUT,82.95,215670.00,Kigoma Lake Hub,2026-06-22
SUNFLOWER,61.33,159458.00,Dar Es Salaam Wholesale,2026-06-22
SUNFLOWER,58.28,151528.00,Mwanza Central Hub,2026-06-22
SUNFLOWER,62.96,163696.00,Arusha North Hub,2026-06-22
SUNFLOWER,59.92,155792.00,Dodoma Wholesale Hub,2026-06-22
SUNFLOWER,56.89,147914.00,Mbeya Border Market,2026-06-22
SUNFLOWER,60.38,156988.00,Tanga Coastal Exchange,2026-06-22
SUNFLOWER,55.58,144508.00,Tabora Grain Yard,2026-06-22
SUNFLOWER,62.02,161252.00,Kigoma Lake Hub,2026-06-22
COFFEE,89.27,232102.00,Dar Es Salaam Wholesale,2026-06-22
COFFEE,85.06,221156.00,Mwanza Central Hub,2026-06-22
COFFEE,92.13,239538.00,Arusha North Hub,2026-06-22
COFFEE,87.91,228566.00,Dodoma Wholesale Hub,2026-06-22
COFFEE,83.68,217568.00,Mbeya Border Market,2026-06-22
COFFEE,89.04,231504.00,Tanga Coastal Exchange,2026-06-22
COFFEE,82.17,213642.00,Tabora Grain Yard,2026-06-22
COFFEE,91.91,238966.00,Kigoma Lake Hub,2026-06-22
CASHEW,103.68,269568.00,Dar Es Salaam Wholesale,2026-06-22
CASHEW,98.49,256074.00,Mwanza Central Hub,2026-06-22
CASHEW,106.37,276562.00,Arusha North Hub,2026-06-22
CASHEW,101.20,263120.00,Dodoma Wholesale Hub,2026-06-22
CASHEW,96.04,249704.00,Mbeya Border Market,2026-06-22
CASHEW,101.89,264914.00,Tanga Coastal Exchange,2026-06-22
CASHEW,93.75,243750.00,Tabora Grain Yard,2026-06-22
CASHEW,104.57,271882.00,Kigoma Lake Hub,2026-06-22
COCONUT,88.54,230204.00,Dar Es Salaam Wholesale,2026-06-22
COCONUT,84.37,219362.00,Mwanza Central Hub,2026-06-22
COCONUT,91.40,237640.00,Arusha North Hub,2026-06-22
COCONUT,87.22,226772.00,Dodoma Wholesale Hub,2026-06-22
COCONUT,83.03,215878.00,Mbeya Border Market,2026-06-22
COCONUT,88.36,229736.00,Tanga Coastal Exchange,2026-06-22
COCONUT,81.55,212030.00,Tabora Grain Yard,2026-06-22
COCONUT,91.23,237198.00,Kigoma Lake Hub,2026-06-22
MAIZE,49.05,127530.00,Dar Es Salaam Wholesale,2026-06-29
MAIZE,46.59,121134.00,Mwanza Central Hub,2026-06-29
MAIZE,50.32,130832.00,Arusha North Hub,2026-06-29
MAIZE,47.86,124436.00,Dodoma Wholesale Hub,2026-06-29
MAIZE,45.42,118092.00,Mbeya Border Market,2026-06-29
MAIZE,48.18,125268.00,Tanga Coastal Exchange,2026-06-29
MAIZE,44.33,115258.00,Tabora Grain Yard,2026-06-29
MAIZE,49.43,128518.00,Kigoma Lake Hub,2026-06-29
RICE,66.52,172952.00,Dar Es Salaam Wholesale,2026-06-29
RICE,63.38,164788.00,Mwanza Central Hub,2026-06-29
RICE,68.65,178490.00,Arusha North Hub,2026-06-29
RICE,65.51,170326.00,Dodoma Wholesale Hub,2026-06-29
RICE,62.36,162136.00,Mbeya Border Market,2026-06-29
RICE,66.35,172510.00,Tanga Coastal Exchange,2026-06-29
RICE,61.24,159224.00,Tabora Grain Yard,2026-06-29
RICE,68.50,178100.00,Kigoma Lake Hub,2026-06-29
BEANS,70.95,184470.00,Dar Es Salaam Wholesale,2026-06-29
BEANS,67.42,175292.00,Mwanza Central Hub,2026-06-29
BEANS,72.84,189384.00,Arusha North Hub,2026-06-29
BEANS,69.33,180258.00,Dodoma Wholesale Hub,2026-06-29
BEANS,65.81,171106.00,Mbeya Border Market,2026-06-29
BEANS,69.84,181584.00,Tanga Coastal Exchange,2026-06-29
BEANS,64.28,167128.00,Tabora Grain Yard,2026-06-29
BEANS,71.71,186446.00,Kigoma Lake Hub,2026-06-29
WHEAT,42.57,110682.00,Dar Es Salaam Wholesale,2026-06-29
WHEAT,40.53,105378.00,Mwanza Central Hub,2026-06-29
WHEAT,43.88,114088.00,Arusha North Hub,2026-06-29
WHEAT,41.85,108810.00,Dodoma Wholesale Hub,2026-06-29
WHEAT,39.81,103506.00,Mbeya Border Market,2026-06-29
WHEAT,42.34,110084.00,Tanga Coastal Exchange,2026-06-29
WHEAT,39.05,101530.00,Tabora Grain Yard,2026-06-29
WHEAT,43.66,113516.00,Kigoma Lake Hub,2026-06-29
SORGHUM,36.94,96044.00,Dar Es Salaam Wholesale,2026-06-29
SORGHUM,35.13,91338.00,Mwanza Central Hub,2026-06-29
SORGHUM,37.99,98774.00,Arusha North Hub,2026-06-29
SORGHUM,36.18,94068.00,Dodoma Wholesale Hub,2026-06-29
SORGHUM,34.38,89388.00,Mbeya Border Market,2026-06-29
SORGHUM,36.51,94926.00,Tanga Coastal Exchange,2026-06-29
SORGHUM,33.63,87438.00,Tabora Grain Yard,2026-06-29
SORGHUM,37.55,97630.00,Kigoma Lake Hub,2026-06-29
CASSAVA,24.93,64818.00,Dar Es Salaam Wholesale,2026-06-29
CASSAVA,23.72,61672.00,Mwanza Central Hub,2026-06-29
CASSAVA,25.65,66690.00,Arusha North Hub,2026-06-29
CASSAVA,24.44,63544.00,Dodoma Wholesale Hub,2026-06-29
CASSAVA,23.23,60398.00,Mbeya Border Market,2026-06-29
CASSAVA,24.68,64168.00,Tanga Coastal Exchange,2026-06-29
CASSAVA,22.74,59124.00,Tabora Grain Yard,2026-06-29
CASSAVA,25.40,66040.00,Kigoma Lake Hub,2026-06-29
POTATO,32.83,85358.00,Dar Es Salaam Wholesale,2026-06-29
POTATO,31.26,81276.00,Mwanza Central Hub,2026-06-29
POTATO,33.83,87958.00,Arusha North Hub,2026-06-29
POTATO,32.25,83850.00,Dodoma Wholesale Hub,2026-06-29
POTATO,30.67,79742.00,Mbeya Border Market,2026-06-29
POTATO,32.60,84760.00,Tanga Coastal Exchange,2026-06-29
POTATO,30.06,78156.00,Tabora Grain Yard,2026-06-29
POTATO,33.59,87334.00,Kigoma Lake Hub,2026-06-29
GROUNDNUT,77.24,200824.00,Dar Es Salaam Wholesale,2026-06-29
GROUNDNUT,73.41,190866.00,Mwanza Central Hub,2026-06-29
GROUNDNUT,79.32,206232.00,Arusha North Hub,2026-06-29
GROUNDNUT,75.50,196300.00,Dodoma Wholesale Hub,2026-06-29
GROUNDNUT,71.69,186394.00,Mbeya Border Market,2026-06-29
GROUNDNUT,76.10,197860.00,Tanga Coastal Exchange,2026-06-29
GROUNDNUT,70.06,182156.00,Tabora Grain Yard,2026-06-29
GROUNDNUT,78.19,203294.00,Kigoma Lake Hub,2026-06-29
SUNFLOWER,62.19,161694.00,Dar Es Salaam Wholesale,2026-06-29
SUNFLOWER,59.25,154050.00,Mwanza Central Hub,2026-06-29
SUNFLOWER,64.18,166868.00,Arusha North Hub,2026-06-29
SUNFLOWER,61.23,159198.00,Dodoma Wholesale Hub,2026-06-29
SUNFLOWER,58.27,151502.00,Mbeya Border Market,2026-06-29
SUNFLOWER,61.99,161174.00,Tanga Coastal Exchange,2026-06-29
SUNFLOWER,57.20,148720.00,Tabora Grain Yard,2026-06-29
SUNFLOWER,63.98,166348.00,Kigoma Lake Hub,2026-06-29
COFFEE,92.03,239278.00,Dar Es Salaam Wholesale,2026-06-29
COFFEE,87.43,227318.00,Mwanza Central Hub,2026-06-29
COFFEE,94.43,245518.00,Arusha North Hub,2026-06-29
COFFEE,89.84,233584.00,Dodoma Wholesale Hub,2026-06-29
COFFEE,85.26,221676.00,Mbeya Border Market,2026-06-29
COFFEE,90.46,235196.00,Tanga Coastal Exchange,2026-06-29
COFFEE,83.24,216424.00,Tabora Grain Yard,2026-06-29
COFFEE,92.84,241384.00,Kigoma Lake Hub,2026-06-29
CASHEW,103.92,270192.00,Dar Es Salaam Wholesale,2026-06-29
CASHEW,99.03,257478.00,Mwanza Central Hub,2026-06-29
CASHEW,107.28,278928.00,Arusha North Hub,2026-06-29
CASHEW,102.38,266188.00,Dodoma Wholesale Hub,2026-06-29
CASHEW,89.96,233896.00,Mbeya Border Market,2026-06-29
CASHEW,95.74,248924.00,Tanga Coastal Exchange,2026-06-29
CASHEW,88.38,229788.00,Tabora Grain Yard,2026-06-29
CASHEW,98.88,257088.00,Kigoma Lake Hub,2026-06-29
COCONUT,85.69,222794.00,Dar Es Salaam Wholesale,2026-06-29
COCONUT,81.41,211666.00,Mwanza Central Hub,2026-06-29
COCONUT,87.92,228592.00,Arusha North Hub,2026-06-29
COCONUT,83.64,217464.00,Dodoma Wholesale Hub,2026-06-29
COCONUT,79.38,206388.00,Mbeya Border Market,2026-06-29
COCONUT,84.21,218946.00,Tanga Coastal Exchange,2026-06-29
COCONUT,77.49,201474.00,Tabora Grain Yard,2026-06-29
COCONUT,86.42,224692.00,Kigoma Lake Hub,2026-06-29
MAIZE,49.24,128024.00,Dar Es Salaam Wholesale,2026-07-06
MAIZE,46.92,121992.00,Mwanza Central Hub,2026-07-06
MAIZE,50.83,132158.00,Arusha North Hub,2026-07-06
MAIZE,48.50,126100.00,Dodoma Wholesale Hub,2026-07-06
MAIZE,46.17,120042.00,Mbeya Border Market,2026-07-06
MAIZE,49.13,127738.00,Tanga Coastal Exchange,2026-07-06
MAIZE,45.35,117910.00,Tabora Grain Yard,2026-07-06
MAIZE,50.73,131898.00,Kigoma Lake Hub,2026-07-06
RICE,64.07,166582.00,Dar Es Salaam Wholesale,2026-07-06
RICE,60.88,158288.00,Mwanza Central Hub,2026-07-06
RICE,65.77,171002.00,Arusha North Hub,2026-07-06
RICE,62.58,162708.00,Dodoma Wholesale Hub,2026-07-06
RICE,59.41,154466.00,Mbeya Border Market,2026-07-06
RICE,63.03,163878.00,Tanga Coastal Exchange,2026-07-06
RICE,58.01,150826.00,Tabora Grain Yard,2026-07-06
RICE,64.71,168246.00,Kigoma Lake Hub,2026-07-06
BEANS,66.11,171886.00,Dar Es Salaam Wholesale,2026-07-06
BEANS,62.96,163696.00,Mwanza Central Hub,2026-07-06
BEANS,68.17,177242.00,Arusha North Hub,2026-07-06
BEANS,65.02,169052.00,Dodoma Wholesale Hub,2026-07-06
BEANS,61.87,160862.00,Mbeya Border Market,2026-07-06
BEANS,65.80,171080.00,Tanga Coastal Exchange,2026-07-06
BEANS,60.71,157846.00,Tabora Grain Yard,2026-07-06
BEANS,67.89,176514.00,Kigoma Lake Hub,2026-07-06
WHEAT,44.97,116922.00,Dar Es Salaam Wholesale,2026-07-06
WHEAT,42.77,111202.00,Mwanza Central Hub,2026-07-06
WHEAT,46.24,120224.00,Arusha North Hub,2026-07-06
WHEAT,44.03,114478.00,Dodoma Wholesale Hub,2026-07-06
WHEAT,41.83,108758.00,Mbeya Border Market,2026-07-06
WHEAT,44.41,115466.00,Tanga Coastal Exchange,2026-07-06
WHEAT,40.90,106340.00,Tabora Grain Yard,2026-07-06
WHEAT,45.66,118716.00,Kigoma Lake Hub,2026-07-06
SORGHUM,34.56,89856.00,Dar Es Salaam Wholesale,2026-07-06
SORGHUM,32.89,85514.00,Mwanza Central Hub,2026-07-06
SORGHUM,35.57,92482.00,Arusha North Hub,2026-07-06
SORGHUM,33.90,88140.00,Dodoma Wholesale Hub,2026-07-06
SORGHUM,32.23,83798.00,Mbeya Border Market,2026-07-06
SORGHUM,34.25,89050.00,Tanga Coastal Exchange,2026-07-06
SORGHUM,31.57,82082.00,Tabora Grain Yard,2026-07-06
SORGHUM,35.27,91702.00,Kigoma Lake Hub,2026-07-06
CASSAVA,27.77,72202.00,Dar Es Salaam Wholesale,2026-07-06
CASSAVA,26.43,68718.00,Mwanza Central Hub,2026-07-06
CASSAVA,28.60,74360.00,Arusha North Hub,2026-07-06
CASSAVA,27.26,70876.00,Dodoma Wholesale Hub,2026-07-06
CASSAVA,25.92,67392.00,Mbeya Border Market,2026-07-06
CASSAVA,27.55,71630.00,Tanga Coastal Exchange,2026-07-06
CASSAVA,25.40,66040.00,Tabora Grain Yard,2026-07-06
CASSAVA,28.38,73788.00,Kigoma Lake Hub,2026-07-06
POTATO,32.26,83876.00,Dar Es Salaam Wholesale,2026-07-06
POTATO,30.67,79742.00,Mwanza Central Hub,2026-07-06
POTATO,33.14,86164.00,Arusha North Hub,2026-07-06
POTATO,31.55,82030.00,Dodoma Wholesale Hub,2026-07-06
POTATO,29.96,77896.00,Mbeya Border Market,2026-07-06
POTATO,31.81,82706.00,Tanga Coastal Exchange,2026-07-06
POTATO,29.29,76154.00,Tabora Grain Yard,2026-07-06
POTATO,32.70,85020.00,Kigoma Lake Hub,2026-07-06
GROUNDNUT,82.77,215202.00,Dar Es Salaam Wholesale,2026-07-06
GROUNDNUT,78.84,204984.00,Mwanza Central Hub,2026-07-06
GROUNDNUT,85.38,221988.00,Arusha North Hub,2026-07-06
GROUNDNUT,81.45,211770.00,Dodoma Wholesale Hub,2026-07-06
GROUNDNUT,77.51,201526.00,Mbeya Border Market,2026-07-06
GROUNDNUT,82.45,214370.00,Tanga Coastal Exchange,2026-07-06
GROUNDNUT,76.07,197782.00,Tabora Grain Yard,2026-07-06
GROUNDNUT,85.06,221156.00,Kigoma Lake Hub,2026-07-06
SUNFLOWER,64.69,168194.00,Dar Es Salaam Wholesale,2026-07-06
SUNFLOWER,61.46,159796.00,Mwanza Central Hub,2026-07-06
SUNFLOWER,66.38,172588.00,Arusha North Hub,2026-07-06
SUNFLOWER,63.15,164190.00,Dodoma Wholesale Hub,2026-07-06
SUNFLOWER,59.94,155844.00,Mbeya Border Market,2026-07-06
SUNFLOWER,63.60,165360.00,Tanga Coastal Exchange,2026-07-06
SUNFLOWER,58.52,152152.00,Tabora Grain Yard,2026-07-06
SUNFLOWER,65.28,169728.00,Kigoma Lake Hub,2026-07-06
COFFEE,87.77,228202.00,Dar Es Salaam Wholesale,2026-07-06
COFFEE,83.64,217464.00,Mwanza Central Hub,2026-07-06
COFFEE,90.62,235612.00,Arusha North Hub,2026-07-06
COFFEE,86.49,224874.00,Dodoma Wholesale Hub,2026-07-06
COFFEE,82.34,214084.00,Mbeya Border Market,2026-07-06
COFFEE,87.63,227838.00,Tanga Coastal Exchange,2026-07-06
COFFEE,80.88,210288.00,Tabora Grain Yard,2026-07-06
COFFEE,90.50,235300.00,Kigoma Lake Hub,2026-07-06
CASHEW,97.61,253786.00,Dar Es Salaam Wholesale,2026-07-06
CASHEW,92.73,241098.00,Mwanza Central Hub,2026-07-06
CASHEW,100.14,260364.00,Arusha North Hub,2026-07-06
CASHEW,95.26,247676.00,Dodoma Wholesale Hub,2026-07-06
CASHEW,90.40,235040.00,Mbeya Border Market,2026-07-06
CASHEW,95.90,249340.00,Tanga Coastal Exchange,2026-07-06
CASHEW,88.23,229398.00,Tabora Grain Yard,2026-07-06
CASHEW,98.40,255840.00,Kigoma Lake Hub,2026-07-06
COCONUT,84.02,218452.00,Dar Es Salaam Wholesale,2026-07-06
COCONUT,80.05,208130.00,Mwanza Central Hub,2026-07-06
COCONUT,86.70,225420.00,Arusha North Hub,2026-07-06
COCONUT,82.72,215072.00,Dodoma Wholesale Hub,2026-07-06
COCONUT,78.74,204724.00,Mbeya Border Market,2026-07-06
COCONUT,83.78,217828.00,Tanga Coastal Exchange,2026-07-06
COCONUT,77.32,201032.00,Tabora Grain Yard,2026-07-06
COCONUT,86.49,224874.00,Kigoma Lake Hub,2026-07-06
MAIZE,48.52,126152.00,Dar Es Salaam Wholesale,2026-07-13
MAIZE,46.10,119860.00,Mwanza Central Hub,2026-07-13
MAIZE,49.79,129454.00,Arusha North Hub,2026-07-13
MAIZE,47.38,123188.00,Dodoma Wholesale Hub,2026-07-13
MAIZE,44.97,116922.00,Mbeya Border Market,2026-07-13
MAIZE,47.71,124046.00,Tanga Coastal Exchange,2026-07-13
MAIZE,43.90,114140.00,Tabora Grain Yard,2026-07-13
MAIZE,48.96,127296.00,Kigoma Lake Hub,2026-07-13
RICE,62.49,162474.00,Dar Es Salaam Wholesale,2026-07-13
RICE,59.52,154752.00,Mwanza Central Hub,2026-07-13
RICE,64.45,167570.00,Arusha North Hub,2026-07-13
RICE,61.48,159848.00,Dodoma Wholesale Hub,2026-07-13
RICE,58.51,152126.00,Mbeya Border Market,2026-07-13
RICE,62.24,161824.00,Tanga Coastal Exchange,2026-07-13
RICE,57.43,149318.00,Tabora Grain Yard,2026-07-13
RICE,64.23,166998.00,Kigoma Lake Hub,2026-07-13
BEANS,69.99,181974.00,Dar Es Salaam Wholesale,2026-07-13
BEANS,66.55,173030.00,Mwanza Central Hub,2026-07-13
BEANS,71.93,187018.00,Arusha North Hub,2026-07-13
BEANS,68.49,178074.00,Dodoma Wholesale Hub,2026-07-13
BEANS,65.05,169130.00,Mbeya Border Market,2026-07-13
BEANS,69.06,179556.00,Tanga Coastal Exchange,2026-07-13
BEANS,63.59,165334.00,Tabora Grain Yard,2026-07-13
BEANS,70.97,184522.00,Kigoma Lake Hub,2026-07-13
WHEAT,41.74,108524.00,Dar Es Salaam Wholesale,2026-07-13
WHEAT,39.72,103272.00,Mwanza Central Hub,2026-07-13
WHEAT,42.98,111748.00,Arusha North Hub,2026-07-13
WHEAT,40.97,106522.00,Dodoma Wholesale Hub,2026-07-13
WHEAT,38.95,101270.00,Mbeya Border Market,2026-07-13
WHEAT,41.40,107640.00,Tanga Coastal Exchange,2026-07-13
WHEAT,38.17,99242.00,Tabora Grain Yard,2026-07-13
WHEAT,42.66,110916.00,Kigoma Lake Hub,2026-07-13
SORGHUM,37.43,97318.00,Dar Es Salaam Wholesale,2026-07-13
SORGHUM,35.62,92612.00,Mwanza Central Hub,2026-07-13
SORGHUM,38.53,100178.00,Arusha North Hub,2026-07-13
SORGHUM,36.72,95472.00,Dodoma Wholesale Hub,2026-07-13
SORGHUM,34.91,90766.00,Mbeya Border Market,2026-07-13
SORGHUM,37.10,96460.00,Tanga Coastal Exchange,2026-07-13
SORGHUM,34.19,88894.00,Tabora Grain Yard,2026-07-13
SORGHUM,38.19,99294.00,Kigoma Lake Hub,2026-07-13
CASSAVA,25.97,67522.00,Dar Es Salaam Wholesale,2026-07-13
CASSAVA,24.69,64194.00,Mwanza Central Hub,2026-07-13
CASSAVA,26.68,69368.00,Arusha North Hub,2026-07-13
CASSAVA,25.41,66066.00,Dodoma Wholesale Hub,2026-07-13
CASSAVA,24.13,62738.00,Mbeya Border Market,2026-07-13
CASSAVA,25.63,66638.00,Tanga Coastal Exchange,2026-07-13
CASSAVA,23.60,61360.00,Tabora Grain Yard,2026-07-13
CASSAVA,26.35,68510.00,Kigoma Lake Hub,2026-07-13
POTATO,33.71,87646.00,Dar Es Salaam Wholesale,2026-07-13
POTATO,32.11,83486.00,Mwanza Central Hub,2026-07-13
POTATO,34.77,90402.00,Arusha North Hub,2026-07-13
POTATO,33.16,86216.00,Dodoma Wholesale Hub,2026-07-13
POTATO,31.55,82030.00,Mbeya Border Market,2026-07-13
POTATO,33.56,87256.00,Tanga Coastal Exchange,2026-07-13
POTATO,30.96,80496.00,Tabora Grain Yard,2026-07-13
POTATO,34.61,89986.00,Kigoma Lake Hub,2026-07-13
GROUNDNUT,82.25,213850.00,Dar Es Salaam Wholesale,2026-07-13
GROUNDNUT,78.15,203190.00,Mwanza Central Hub,2026-07-13
GROUNDNUT,84.41,219466.00,Arusha North Hub,2026-07-13
GROUNDNUT,80.32,208832.00,Dodoma Wholesale Hub,2026-07-13
GROUNDNUT,76.24,198224.00,Mbeya Border Market,2026-07-13
GROUNDNUT,80.89,210314.00,Tanga Coastal Exchange,2026-07-13
GROUNDNUT,74.45,193570.00,Tabora Grain Yard,2026-07-13
GROUNDNUT,83.06,215956.00,Kigoma Lake Hub,2026-07-13
SUNFLOWER,62.33,162058.00,Dar Es Salaam Wholesale,2026-07-13
SUNFLOWER,59.40,154440.00,Mwanza Central Hub,2026-07-13
SUNFLOWER,64.35,167310.00,Arusha North Hub,2026-07-13
SUNFLOWER,61.41,159666.00,Dodoma Wholesale Hub,2026-07-13
SUNFLOWER,58.46,151996.00,Mbeya Border Market,2026-07-13
SUNFLOWER,62.21,161746.00,Tanga Coastal Exchange,2026-07-13
SUNFLOWER,57.42,149292.00,Tabora Grain Yard,2026-07-13
SUNFLOWER,64.24,167024.00,Kigoma Lake Hub,2026-07-13
COFFEE,88.35,229710.00,Dar Es Salaam Wholesale,2026-07-13
COFFEE,83.93,218218.00,Mwanza Central Hub,2026-07-13
COFFEE,90.63,235638.00,Arusha North Hub,2026-07-13
COFFEE,86.21,224146.00,Dodoma Wholesale Hub,2026-07-13
COFFEE,81.81,212706.00,Mbeya Border Market,2026-07-13
COFFEE,86.78,225628.00,Tanga Coastal Exchange,2026-07-13
COFFEE,79.84,207584.00,Tabora Grain Yard,2026-07-13
COFFEE,96.47,250822.00,Kigoma Lake Hub,2026-07-13
CASHEW,100.29,260754.00,Dar Es Salaam Wholesale,2026-07-13
CASHEW,95.56,248456.00,Mwanza Central Hub,2026-07-13
CASHEW,103.51,269126.00,Arusha North Hub,2026-07-13
CASHEW,98.77,256802.00,Dodoma Wholesale Hub,2026-07-13
CASHEW,94.02,244452.00,Mbeya Border Market,2026-07-13
CASHEW,100.05,260130.00,Tanga Coastal Exchange,2026-07-13
CASHEW,92.34,240084.00,Tabora Grain Yard,2026-07-13
CASHEW,103.30,268580.00,Kigoma Lake Hub,2026-07-13
COCONUT,85.46,222196.00,Dar Es Salaam Wholesale,2026-07-13
COCONUT,81.21,211146.00,Mwanza Central Hub,2026-07-13
COCONUT,87.74,228124.00,Arusha North Hub,2026-07-13
COCONUT,83.50,217100.00,Dodoma Wholesale Hub,2026-07-13
COCONUT,79.27,206102.00,Mbeya Border Market,2026-07-13
COCONUT,84.12,218712.00,Tanga Coastal Exchange,2026-07-13
COCONUT,77.42,201292.00,Tabora Grain Yard,2026-07-13
COCONUT,86.37,224562.00,Kigoma Lake Hub,2026-07-13
MAIZE,48.10,125060.00,Dar Es Salaam Wholesale,2026-07-20
MAIZE,45.82,119132.00,Mwanza Central Hub,2026-07-20
MAIZE,49.63,129038.00,Arusha North Hub,2026-07-20
MAIZE,47.35,123110.00,Dodoma Wholesale Hub,2026-07-20
MAIZE,45.06,117156.00,Mbeya Border Market,2026-07-20
MAIZE,47.94,124644.00,Tanga Coastal Exchange,2026-07-20
MAIZE,44.24,115024.00,Tabora Grain Yard,2026-07-20
MAIZE,49.48,128648.00,Kigoma Lake Hub,2026-07-20
RICE,65.39,170014.00,Dar Es Salaam Wholesale,2026-07-20
RICE,62.16,161616.00,Mwanza Central Hub,2026-07-20
RICE,67.18,174668.00,Arusha North Hub,2026-07-20
RICE,63.95,166270.00,Dodoma Wholesale Hub,2026-07-20
RICE,60.73,157898.00,Mbeya Border Market,2026-07-20
RICE,64.46,167596.00,Tanga Coastal Exchange,2026-07-20
RICE,59.34,154284.00,Tabora Grain Yard,2026-07-20
RICE,66.22,172172.00,Kigoma Lake Hub,2026-07-20
BEANS,65.35,169910.00,Dar Es Salaam Wholesale,2026-07-20
BEANS,62.21,161746.00,Mwanza Central Hub,2026-07-20
BEANS,67.32,175032.00,Arusha North Hub,2026-07-20
BEANS,64.18,166868.00,Dodoma Wholesale Hub,2026-07-20
BEANS,61.04,158704.00,Mbeya Border Market,2026-07-20
BEANS,64.89,168714.00,Tanga Coastal Exchange,2026-07-20
BEANS,59.84,155584.00,Tabora Grain Yard,2026-07-20
BEANS,66.88,173888.00,Kigoma Lake Hub,2026-07-20
WHEAT,45.21,117546.00,Dar Es Salaam Wholesale,2026-07-20
WHEAT,43.01,111826.00,Mwanza Central Hub,2026-07-20
WHEAT,46.52,120952.00,Arusha North Hub,2026-07-20
WHEAT,44.33,115258.00,Dodoma Wholesale Hub,2026-07-20
WHEAT,42.13,109538.00,Mbeya Border Market,2026-07-20
WHEAT,44.76,116376.00,Tanga Coastal Exchange,2026-07-20
WHEAT,41.25,107250.00,Tabora Grain Yard,2026-07-20
WHEAT,46.07,119782.00,Kigoma Lake Hub,2026-07-20
SORGHUM,34.77,90402.00,Dar Es Salaam Wholesale,2026-07-20
SORGHUM,33.06,85956.00,Mwanza Central Hub,2026-07-20
SORGHUM,35.75,92950.00,Arusha North Hub,2026-07-20
SORGHUM,34.04,88504.00,Dodoma Wholesale Hub,2026-07-20
SORGHUM,32.34,84084.00,Mbeya Border Market,2026-07-20
SORGHUM,34.35,89310.00,Tanga Coastal Exchange,2026-07-20
SORGHUM,31.64,82264.00,Tabora Grain Yard,2026-07-20
SORGHUM,35.34,91884.00,Kigoma Lake Hub,2026-07-20
CASSAVA,27.46,71396.00,Dar Es Salaam Wholesale,2026-07-20
CASSAVA,26.15,67990.00,Mwanza Central Hub,2026-07-20
CASSAVA,28.31,73606.00,Arusha North Hub,2026-07-20
CASSAVA,27.00,70200.00,Dodoma Wholesale Hub,2026-07-20
CASSAVA,25.69,66794.00,Mbeya Border Market,2026-07-20
CASSAVA,27.31,71006.00,Tanga Coastal Exchange,2026-07-20
CASSAVA,25.19,65494.00,Tabora Grain Yard,2026-07-20
CASSAVA,28.16,73216.00,Kigoma Lake Hub,2026-07-20
POTATO,32.96,85696.00,Dar Es Salaam Wholesale,2026-07-20
POTATO,31.32,81432.00,Mwanza Central Hub,2026-07-20
POTATO,33.83,87958.00,Arusha North Hub,2026-07-20
POTATO,32.19,83694.00,Dodoma Wholesale Hub,2026-07-20
POTATO,30.56,79456.00,Mbeya Border Market,2026-07-20
POTATO,32.43,84318.00,Tanga Coastal Exchange,2026-07-20
POTATO,29.85,77610.00,Tabora Grain Yard,2026-07-20
POTATO,33.30,86580.00,Kigoma Lake Hub,2026-07-20
GROUNDNUT,80.82,210132.00,Dar Es Salaam Wholesale,2026-07-20
GROUNDNUT,77.01,200226.00,Mwanza Central Hub,2026-07-20
GROUNDNUT,83.42,216892.00,Arusha North Hub,2026-07-20
GROUNDNUT,79.61,206986.00,Dodoma Wholesale Hub,2026-07-20
GROUNDNUT,75.78,197028.00,Mbeya Border Market,2026-07-20
GROUNDNUT,80.64,209664.00,Tanga Coastal Exchange,2026-07-20
GROUNDNUT,74.42,193492.00,Tabora Grain Yard,2026-07-20
GROUNDNUT,83.25,216450.00,Kigoma Lake Hub,2026-07-20
SUNFLOWER,66.54,173004.00,Dar Es Salaam Wholesale,2026-07-20
SUNFLOWER,63.22,164372.00,Mwanza Central Hub,2026-07-20
SUNFLOWER,68.27,177502.00,Arusha North Hub,2026-07-20
SUNFLOWER,64.95,168870.00,Dodoma Wholesale Hub,2026-07-20
SUNFLOWER,61.64,160264.00,Mbeya Border Market,2026-07-20
SUNFLOWER,65.39,170014.00,Tanga Coastal Exchange,2026-07-20
SUNFLOWER,60.17,156442.00,Tabora Grain Yard,2026-07-20
SUNFLOWER,67.11,174486.00,Kigoma Lake Hub,2026-07-20
COFFEE,92.61,240786.00,Dar Es Salaam Wholesale,2026-07-20
COFFEE,88.24,229424.00,Mwanza Central Hub,2026-07-20
COFFEE,95.59,248534.00,Arusha North Hub,2026-07-20
COFFEE,91.22,237172.00,Dodoma Wholesale Hub,2026-07-20
COFFEE,86.84,225784.00,Mbeya Border Market,2026-07-20
COFFEE,92.40,240240.00,Tanga Coastal Exchange,2026-07-20
COFFEE,85.29,221754.00,Tabora Grain Yard,2026-07-20
COFFEE,95.41,248066.00,Kigoma Lake Hub,2026-07-20
CASHEW,100.29,260754.00,Dar Es Salaam Wholesale,2026-07-20
CASHEW,95.30,247780.00,Mwanza Central Hub,2026-07-20
CASHEW,102.94,267644.00,Arusha North Hub,2026-07-20
CASHEW,97.95,254670.00,Dodoma Wholesale Hub,2026-07-20
CASHEW,92.98,241748.00,Mbeya Border Market,2026-07-20
CASHEW,98.65,256490.00,Tanga Coastal Exchange,2026-07-20
CASHEW,90.79,236054.00,Tabora Grain Yard,2026-07-20
CASHEW,101.27,263302.00,Kigoma Lake Hub,2026-07-20
COCONUT,82.36,214136.00,Dar Es Salaam Wholesale,2026-07-20
COCONUT,78.44,203944.00,Mwanza Central Hub,2026-07-20
COCONUT,84.93,220818.00,Arusha North Hub,2026-07-20
COCONUT,81.01,210626.00,Dodoma Wholesale Hub,2026-07-20
COCONUT,77.08,200408.00,Mbeya Border Market,2026-07-20
COCONUT,81.99,213174.00,Tanga Coastal Exchange,2026-07-20
COCONUT,75.64,196664.00,Tabora Grain Yard,2026-07-20
COCONUT,84.59,219934.00,Kigoma Lake Hub,2026-07-20
MAIZE,49.65,129090.00,Dar Es Salaam Wholesale,2026-07-27
MAIZE,47.19,122694.00,Mwanza Central Hub,2026-07-27
MAIZE,50.99,132574.00,Arusha North Hub,2026-07-27
MAIZE,48.53,126178.00,Dodoma Wholesale Hub,2026-07-27
MAIZE,46.08,119808.00,Mbeya Border Market,2026-07-27
MAIZE,48.90,127140.00,Tanga Coastal Exchange,2026-07-27
MAIZE,45.01,117026.00,Tabora Grain Yard,2026-07-27
MAIZE,50.22,130572.00,Kigoma Lake Hub,2026-07-27
RICE,61.57,160082.00,Dar Es Salaam Wholesale,2026-07-27
RICE,58.62,152412.00,Mwanza Central Hub,2026-07-27
RICE,63.45,164970.00,Arusha North Hub,2026-07-27
RICE,60.50,157300.00,Dodoma Wholesale Hub,2026-07-27
RICE,57.55,149630.00,Mbeya Border Market,2026-07-27
RICE,61.20,159120.00,Tanga Coastal Exchange,2026-07-27
RICE,56.44,146744.00,Tabora Grain Yard,2026-07-27
RICE,63.10,164060.00,Kigoma Lake Hub,2026-07-27
BEANS,70.60,183560.00,Dar Es Salaam Wholesale,2026-07-27
BEANS,67.16,174616.00,Mwanza Central Hub,2026-07-27
BEANS,72.63,188838.00,Arusha North Hub,2026-07-27
BEANS,69.19,179894.00,Dodoma Wholesale Hub,2026-07-27
BEANS,65.75,170950.00,Mbeya Border Market,2026-07-27
BEANS,69.83,181558.00,Tanga Coastal Exchange,2026-07-27
BEANS,64.34,167284.00,Tabora Grain Yard,2026-07-27
BEANS,71.84,186784.00,Kigoma Lake Hub,2026-07-27
WHEAT,41.83,108758.00,Dar Es Salaam Wholesale,2026-07-27
WHEAT,39.79,103454.00,Mwanza Central Hub,2026-07-27
WHEAT,43.02,111852.00,Arusha North Hub,2026-07-27
WHEAT,40.98,106548.00,Dodoma Wholesale Hub,2026-07-27
WHEAT,38.95,101270.00,Mbeya Border Market,2026-07-27
WHEAT,41.37,107562.00,Tanga Coastal Exchange,2026-07-27
WHEAT,38.12,99112.00,Tabora Grain Yard,2026-07-27
WHEAT,42.58,110708.00,Kigoma Lake Hub,2026-07-27
SORGHUM,37.13,96538.00,Dar Es Salaam Wholesale,2026-07-27
SORGHUM,35.36,91936.00,Mwanza Central Hub,2026-07-27
SORGHUM,38.27,99502.00,Arusha North Hub,2026-07-27
SORGHUM,36.49,94874.00,Dodoma Wholesale Hub,2026-07-27
SORGHUM,34.71,90246.00,Mbeya Border Market,2026-07-27
SORGHUM,36.90,95940.00,Tanga Coastal Exchange,2026-07-27
SORGHUM,34.03,88478.00,Tabora Grain Yard,2026-07-27
SORGHUM,38.03,98878.00,Kigoma Lake Hub,2026-07-27
CASSAVA,26.45,68770.00,Dar Es Salaam Wholesale,2026-07-27
CASSAVA,25.14,65364.00,Mwanza Central Hub,2026-07-27
CASSAVA,27.16,70616.00,Arusha North Hub,2026-07-27
CASSAVA,25.85,67210.00,Dodoma Wholesale Hub,2026-07-27
CASSAVA,24.54,63804.00,Mbeya Border Market,2026-07-27
CASSAVA,26.05,67730.00,Tanga Coastal Exchange,2026-07-27
CASSAVA,23.98,62348.00,Tabora Grain Yard,2026-07-27
CASSAVA,26.76,69576.00,Kigoma Lake Hub,2026-07-27
POTATO,32.99,85774.00,Dar Es Salaam Wholesale,2026-07-27
POTATO,31.43,81718.00,Mwanza Central Hub,2026-07-27
POTATO,34.05,88530.00,Arusha North Hub,2026-07-27
POTATO,32.49,84474.00,Dodoma Wholesale Hub,2026-07-27
POTATO,30.92,80392.00,Mbeya Border Market,2026-07-27
POTATO,32.90,85540.00,Tanga Coastal Exchange,2026-07-27
POTATO,30.36,78936.00,Tabora Grain Yard,2026-07-27
POTATO,33.96,88296.00,Kigoma Lake Hub,2026-07-27
GROUNDNUT,84.56,219856.00,Dar Es Salaam Wholesale,2026-07-27
GROUNDNUT,80.33,208858.00,Mwanza Central Hub,2026-07-27
GROUNDNUT,86.76,225576.00,Arusha North Hub,2026-07-27
GROUNDNUT,82.54,214604.00,Dodoma Wholesale Hub,2026-07-27
GROUNDNUT,78.33,203658.00,Mbeya Border Market,2026-07-27
GROUNDNUT,83.10,216060.00,Tanga Coastal Exchange,2026-07-27
GROUNDNUT,76.47,198822.00,Tabora Grain Yard,2026-07-27
GROUNDNUT,85.29,221754.00,Kigoma Lake Hub,2026-07-27
SUNFLOWER,65.72,170872.00,Dar Es Salaam Wholesale,2026-07-27
SUNFLOWER,62.62,162812.00,Mwanza Central Hub,2026-07-27
SUNFLOWER,67.84,176384.00,Arusha North Hub,2026-07-27
SUNFLOWER,64.74,168324.00,Dodoma Wholesale Hub,2026-07-27
SUNFLOWER,61.63,160238.00,Mbeya Border Market,2026-07-27
SUNFLOWER,65.58,170508.00,Tanga Coastal Exchange,2026-07-27
SUNFLOWER,60.53,157378.00,Tabora Grain Yard,2026-07-27
SUNFLOWER,67.72,176072.00,Kigoma Lake Hub,2026-07-27
COFFEE,90.92,236392.00,Dar Es Salaam Wholesale,2026-07-27
COFFEE,86.38,224588.00,Mwanza Central Hub,2026-07-27
COFFEE,93.30,242580.00,Arusha North Hub,2026-07-27
COFFEE,88.77,230802.00,Dodoma Wholesale Hub,2026-07-27
COFFEE,84.25,219050.00,Mbeya Border Market,2026-07-27
COFFEE,89.39,232414.00,Tanga Coastal Exchange,2026-07-27
COFFEE,82.25,213850.00,Tabora Grain Yard,2026-07-27
COFFEE,91.74,238524.00,Kigoma Lake Hub,2026-07-27
CASHEW,98.10,255060.00,Dar Es Salaam Wholesale,2026-07-27
CASHEW,93.45,242970.00,Mwanza Central Hub,2026-07-27
CASHEW,101.20,263120.00,Arusha North Hub,2026-07-27
CASHEW,96.54,251004.00,Dodoma Wholesale Hub,2026-07-27
CASHEW,91.87,238862.00,Mbeya Border Market,2026-07-27
CASHEW,97.73,254098.00,Tanga Coastal Exchange,2026-07-27
CASHEW,90.18,234468.00,Tabora Grain Yard,2026-07-27
CASHEW,100.86,262236.00,Kigoma Lake Hub,2026-07-27
COCONUT,87.01,226226.00,Dar Es Salaam Wholesale,2026-07-27
COCONUT,82.73,215098.00,Mwanza Central Hub,2026-07-27
COCONUT,89.42,232492.00,Arusha North Hub,2026-07-27
COCONUT,85.13,221338.00,Dodoma Wholesale Hub,2026-07-27
COCONUT,80.85,210210.00,Mbeya Border Market,2026-07-27
COCONUT,85.84,223184.00,Tanga Coastal Exchange,2026-07-27
COCONUT,79.04,205504.00,Tabora Grain Yard,2026-07-27
COCONUT,88.21,229346.00,Kigoma Lake Hub,2026-07-27
MAIZE,45.37,117962.00,Dar Es Salaam Wholesale,2026-08-03
MAIZE,43.21,112346.00,Mwanza Central Hub,2026-08-03
MAIZE,46.77,121602.00,Arusha North Hub,2026-08-03
MAIZE,44.61,115986.00,Dodoma Wholesale Hub,2026-08-03
MAIZE,42.44,110344.00,Mbeya Border Market,2026-08-03
MAIZE,45.13,117338.00,Tanga Coastal Exchange,2026-08-03
MAIZE,41.63,108238.00,Tabora Grain Yard,2026-08-03
MAIZE,46.55,121030.00,Kigoma Lake Hub,2026-08-03
RICE,64.16,166816.00,Dar Es Salaam Wholesale,2026-08-03
RICE,61.02,158652.00,Mwanza Central Hub,2026-08-03
RICE,65.98,171548.00,Arusha North Hub,2026-08-03
RICE,62.84,163384.00,Dodoma Wholesale Hub,2026-08-03
RICE,59.70,155220.00,Mbeya Border Market,2026-08-03
RICE,63.40,164840.00,Tanga Coastal Exchange,2026-08-03
RICE,58.40,151840.00,Tabora Grain Yard,2026-08-03
RICE,65.20,169520.00,Kigoma Lake Hub,2026-08-03
BEANS,64.50,167700.00,Dar Es Salaam Wholesale,2026-08-03
BEANS,61.36,159536.00,Mwanza Central Hub,2026-08-03
BEANS,66.36,172536.00,Arusha North Hub,2026-08-03
BEANS,63.23,164398.00,Dodoma Wholesale Hub,2026-08-03
BEANS,60.10,156260.00,Mbeya Border Market,2026-08-03
BEANS,63.85,166010.00,Tanga Coastal Exchange,2026-08-03
BEANS,58.85,153010.00,Tabora Grain Yard,2026-08-03
BEANS,65.74,170924.00,Kigoma Lake Hub,2026-08-03
WHEAT,45.53,118378.00,Dar Es Salaam Wholesale,2026-08-03
WHEAT,43.34,112684.00,Mwanza Central Hub,2026-08-03
WHEAT,46.91,121966.00,Arusha North Hub,2026-08-03
WHEAT,44.72,116272.00,Dodoma Wholesale Hub,2026-08-03
WHEAT,42.52,110552.00,Mbeya Border Market,2026-08-03
WHEAT,45.20,117520.00,Tanga Coastal Exchange,2026-08-03
WHEAT,41.67,108342.00,Tabora Grain Yard,2026-08-03
WHEAT,46.57,121082.00,Kigoma Lake Hub,2026-08-03
SORGHUM,36.43,94718.00,Dar Es Salaam Wholesale,2026-08-03
SORGHUM,34.62,90012.00,Mwanza Central Hub,2026-08-03
SORGHUM,37.41,97266.00,Arusha North Hub,2026-08-03
SORGHUM,35.61,92586.00,Dodoma Wholesale Hub,2026-08-03
SORGHUM,33.82,87932.00,Mbeya Border Market,2026-08-03
SORGHUM,35.90,93340.00,Tanga Coastal Exchange,2026-08-03
SORGHUM,33.05,85930.00,Tabora Grain Yard,2026-08-03
SORGHUM,36.89,95914.00,Kigoma Lake Hub,2026-08-03
CASSAVA,28.06,72956.00,Dar Es Salaam Wholesale,2026-08-03
CASSAVA,26.73,69498.00,Mwanza Central Hub,2026-08-03
CASSAVA,28.95,75270.00,Arusha North Hub,2026-08-03
CASSAVA,27.62,71812.00,Dodoma Wholesale Hub,2026-08-03
CASSAVA,26.29,68354.00,Mbeya Border Market,2026-08-03
CASSAVA,27.97,72722.00,Tanga Coastal Exchange,2026-08-03
CASSAVA,25.81,67106.00,Tabora Grain Yard,2026-08-03
CASSAVA,28.86,75036.00,Kigoma Lake Hub,2026-08-03
POTATO,35.20,91520.00,Dar Es Salaam Wholesale,2026-08-03
POTATO,33.44,86944.00,Mwanza Central Hub,2026-08-03
POTATO,36.12,93912.00,Arusha North Hub,2026-08-03
POTATO,34.36,89336.00,Dodoma Wholesale Hub,2026-08-03
POTATO,32.61,84786.00,Mbeya Border Market,2026-08-03
POTATO,34.60,89960.00,Tanga Coastal Exchange,2026-08-03
POTATO,31.84,82784.00,Tabora Grain Yard,2026-08-03
POTATO,35.51,92326.00,Kigoma Lake Hub,2026-08-03
GROUNDNUT,87.59,227734.00,Dar Es Salaam Wholesale,2026-08-03
GROUNDNUT,83.46,216996.00,Mwanza Central Hub,2026-08-03
GROUNDNUT,90.41,235066.00,Arusha North Hub,2026-08-03
GROUNDNUT,79.65,207090.00,Dodoma Wholesale Hub,2026-08-03
GROUNDNUT,75.83,197158.00,Mbeya Border Market,2026-08-03
GROUNDNUT,80.71,209846.00,Tanga Coastal Exchange,2026-08-03
GROUNDNUT,74.50,193700.00,Tabora Grain Yard,2026-08-03
GROUNDNUT,83.35,216710.00,Kigoma Lake Hub,2026-08-03
SUNFLOWER,63.92,166192.00,Dar Es Salaam Wholesale,2026-08-03
SUNFLOWER,60.72,157872.00,Mwanza Central Hub,2026-08-03
SUNFLOWER,65.58,170508.00,Arusha North Hub,2026-08-03
SUNFLOWER,62.39,162214.00,Dodoma Wholesale Hub,2026-08-03
SUNFLOWER,59.21,153946.00,Mbeya Border Market,2026-08-03
SUNFLOWER,62.81,163306.00,Tanga Coastal Exchange,2026-08-03
SUNFLOWER,57.79,150254.00,Tabora Grain Yard,2026-08-03
SUNFLOWER,64.45,167570.00,Kigoma Lake Hub,2026-08-03
COFFEE,89.54,232804.00,Dar Es Salaam Wholesale,2026-08-03
COFFEE,85.30,221780.00,Mwanza Central Hub,2026-08-03
COFFEE,92.38,240188.00,Arusha North Hub,2026-08-03
COFFEE,88.14,229164.00,Dodoma Wholesale Hub,2026-08-03
COFFEE,83.89,218114.00,Mbeya Border Market,2026-08-03
COFFEE,89.25,232050.00,Tanga Coastal Exchange,2026-08-03
COFFEE,82.36,214136.00,Tabora Grain Yard,2026-08-03
COFFEE,92.13,239538.00,Kigoma Lake Hub,2026-08-03
CASHEW,99.60,258960.00,Dar Es Salaam Wholesale,2026-08-03
CASHEW,94.68,246168.00,Mwanza Central Hub,2026-08-03
CASHEW,102.31,266006.00,Arusha North Hub,2026-08-03
CASHEW,97.39,253214.00,Dodoma Wholesale Hub,2026-08-03
CASHEW,92.48,240448.00,Mbeya Border Market,2026-08-03
CASHEW,98.16,255216.00,Tanga Coastal Exchange,2026-08-03
CASHEW,90.37,234962.00,Tabora Grain Yard,2026-08-03
CASHEW,100.84,262184.00,Kigoma Lake Hub,2026-08-03
COCONUT,78.23,203398.00,Dar Es Salaam Wholesale,2026-08-03
COCONUT,74.47,193622.00,Mwanza Central Hub,2026-08-03
COCONUT,80.60,209560.00,Arusha North Hub,2026-08-03
COCONUT,76.84,199784.00,Dodoma Wholesale Hub,2026-08-03
COCONUT,73.08,190008.00,Mbeya Border Market,2026-08-03
COCONUT,77.69,201994.00,Tanga Coastal Exchange,2026-08-03
COCONUT,71.65,186290.00,Tabora Grain Yard,2026-08-03
COCONUT,80.08,208208.00,Kigoma Lake Hub,2026-08-03
MAIZE,48.39,125814.00,Dar Es Salaam Wholesale,2026-08-10
MAIZE,46.02,119652.00,Mwanza Central Hub,2026-08-10
MAIZE,49.74,129324.00,Arusha North Hub,2026-08-10
MAIZE,47.37,123162.00,Dodoma Wholesale Hub,2026-08-10
MAIZE,44.99,116974.00,Mbeya Border Market,2026-08-10
MAIZE,47.77,124202.00,Tanga Coastal Exchange,2026-08-10
MAIZE,44.00,114400.00,Tabora Grain Yard,2026-08-10
MAIZE,49.11,127686.00,Kigoma Lake Hub,2026-08-10
RICE,59.38,154388.00,Dar Es Salaam Wholesale,2026-08-10
RICE,56.50,146900.00,Mwanza Central Hub,2026-08-10
RICE,61.12,158912.00,Arusha North Hub,2026-08-10
RICE,58.25,151450.00,Dodoma Wholesale Hub,2026-08-10
RICE,55.38,143988.00,Mbeya Border Market,2026-08-10
RICE,58.85,153010.00,Tanga Coastal Exchange,2026-08-10
RICE,54.25,141050.00,Tabora Grain Yard,2026-08-10
RICE,60.61,157586.00,Kigoma Lake Hub,2026-08-10
BEANS,69.72,181272.00,Dar Es Salaam Wholesale,2026-08-10
BEANS,66.36,172536.00,Mwanza Central Hub,2026-08-10
BEANS,71.80,186680.00,Arusha North Hub,2026-08-10
BEANS,68.43,177918.00,Dodoma Wholesale Hub,2026-08-10
BEANS,65.06,169156.00,Mbeya Border Market,2026-08-10
BEANS,69.15,179790.00,Tanga Coastal Exchange,2026-08-10
BEANS,63.74,165724.00,Tabora Grain Yard,2026-08-10
BEANS,71.21,185146.00,Kigoma Lake Hub,2026-08-10
WHEAT,42.84,111384.00,Dar Es Salaam Wholesale,2026-08-10
WHEAT,40.73,105898.00,Mwanza Central Hub,2026-08-10
WHEAT,44.02,114452.00,Arusha North Hub,2026-08-10
WHEAT,41.91,108966.00,Dodoma Wholesale Hub,2026-08-10
WHEAT,39.80,103480.00,Mbeya Border Market,2026-08-10
WHEAT,42.26,109876.00,Tanga Coastal Exchange,2026-08-10
WHEAT,38.91,101166.00,Tabora Grain Yard,2026-08-10
WHEAT,43.44,112944.00,Kigoma Lake Hub,2026-08-10
SORGHUM,37.67,97942.00,Dar Es Salaam Wholesale,2026-08-10
SORGHUM,35.89,93314.00,Mwanza Central Hub,2026-08-10
SORGHUM,38.86,101036.00,Arusha North Hub,2026-08-10
SORGHUM,37.07,96382.00,Dodoma Wholesale Hub,2026-08-10
SORGHUM,35.28,91728.00,Mbeya Border Market,2026-08-10
SORGHUM,37.52,97552.00,Tanga Coastal Exchange,2026-08-10
SORGHUM,34.62,90012.00,Tabora Grain Yard,2026-08-10
SORGHUM,38.71,100646.00,Kigoma Lake Hub,2026-08-10
CASSAVA,28.26,73476.00,Dar Es Salaam Wholesale,2026-08-10
CASSAVA,26.85,69810.00,Mwanza Central Hub,2026-08-10
CASSAVA,29.00,75400.00,Arusha North Hub,2026-08-10
CASSAVA,27.59,71734.00,Dodoma Wholesale Hub,2026-08-10
CASSAVA,26.19,68094.00,Mbeya Border Market,2026-08-10
CASSAVA,27.78,72228.00,Tanga Coastal Exchange,2026-08-10
CASSAVA,25.57,66482.00,Tabora Grain Yard,2026-08-10
CASSAVA,28.52,74152.00,Kigoma Lake Hub,2026-08-10
POTATO,33.41,86866.00,Dar Es Salaam Wholesale,2026-08-10
POTATO,31.84,82784.00,Mwanza Central Hub,2026-08-10
POTATO,34.49,89674.00,Arusha North Hub,2026-08-10
POTATO,32.92,85592.00,Dodoma Wholesale Hub,2026-08-10
POTATO,31.34,81484.00,Mbeya Border Market,2026-08-10
POTATO,33.35,86710.00,Tanga Coastal Exchange,2026-08-10
POTATO,30.78,80028.00,Tabora Grain Yard,2026-08-10
POTATO,34.44,89544.00,Kigoma Lake Hub,2026-08-10
GROUNDNUT,82.67,214942.00,Dar Es Salaam Wholesale,2026-08-10
GROUNDNUT,78.53,204178.00,Mwanza Central Hub,2026-08-10
GROUNDNUT,84.81,220506.00,Arusha North Hub,2026-08-10
GROUNDNUT,80.68,209768.00,Dodoma Wholesale Hub,2026-08-10
GROUNDNUT,76.56,199056.00,Mbeya Border Market,2026-08-10
GROUNDNUT,81.21,211146.00,Tanga Coastal Exchange,2026-08-10
GROUNDNUT,74.72,194272.00,Tabora Grain Yard,2026-08-10
GROUNDNUT,83.33,216658.00,Kigoma Lake Hub,2026-08-10
SUNFLOWER,64.74,168324.00,Dar Es Salaam Wholesale,2026-08-10
SUNFLOWER,61.68,160368.00,Mwanza Central Hub,2026-08-10
SUNFLOWER,66.81,173706.00,Arusha North Hub,2026-08-10
SUNFLOWER,63.75,165750.00,Dodoma Wholesale Hub,2026-08-10
SUNFLOWER,60.68,157768.00,Mbeya Border Market,2026-08-10
SUNFLOWER,64.56,167856.00,Tanga Coastal Exchange,2026-08-10
SUNFLOWER,59.58,154908.00,Tabora Grain Yard,2026-08-10
SUNFLOWER,66.65,173290.00,Kigoma Lake Hub,2026-08-10
COFFEE,92.15,239590.00,Dar Es Salaam Wholesale,2026-08-10
COFFEE,87.58,227708.00,Mwanza Central Hub,2026-08-10
COFFEE,94.63,246038.00,Arusha North Hub,2026-08-10
COFFEE,90.07,234182.00,Dodoma Wholesale Hub,2026-08-10
COFFEE,85.51,222326.00,Mbeya Border Market,2026-08-10
COFFEE,90.75,235950.00,Tanga Coastal Exchange,2026-08-10
COFFEE,83.54,217204.00,Tabora Grain Yard,2026-08-10
COFFEE,93.20,242320.00,Kigoma Lake Hub,2026-08-10
CASHEW,93.97,244322.00,Dar Es Salaam Wholesale,2026-08-10
CASHEW,89.47,232622.00,Mwanza Central Hub,2026-08-10
CASHEW,96.84,251784.00,Arusha North Hub,2026-08-10
CASHEW,92.35,240110.00,Dodoma Wholesale Hub,2026-08-10
CASHEW,87.84,228384.00,Mbeya Border Market,2026-08-10
CASHEW,93.41,242866.00,Tanga Coastal Exchange,2026-08-10
CASHEW,86.16,224016.00,Tabora Grain Yard,2026-08-10
CASHEW,96.32,250432.00,Kigoma Lake Hub,2026-08-10
COCONUT,84.44,219544.00,Dar Es Salaam Wholesale,2026-08-10
COCONUT,80.33,208858.00,Mwanza Central Hub,2026-08-10
COCONUT,86.87,225862.00,Arusha North Hub,2026-08-10
COCONUT,82.75,215150.00,Dodoma Wholesale Hub,2026-08-10
COCONUT,78.63,204438.00,Mbeya Border Market,2026-08-10
COCONUT,83.52,217152.00,Tanga Coastal Exchange,2026-08-10
COCONUT,76.94,200044.00,Tabora Grain Yard,2026-08-10
COCONUT,85.91,223366.00,Kigoma Lake Hub,2026-08-10
